rank,customerID,churn_probability,monthly_charges,retained_value,expected_value,break_even_probability,action,priority
1,6023-YEBUP,0.7644299675492343,100.95,363.42,37.452284701685684,0.35220956469099113,contact,P1
2,8884-ADFVN,0.7555610087760901,101.95,367.02,37.32650036025015,0.3487548362487058,contact,P1
3,1400-MMYXY,0.7200810554627738,105.9,381.24,36.63092539615697,0.33574651138390516,contact,P1
4,4587-VVTOX,0.7150154817552313,105.3,379.0799999999999,35.762017205943266,0.3376595969188562,contact,P1
5,6861-XWTWQ,0.758191458294112,99.25,357.29999999999995,35.72545201212155,0.3582423733557235,contact,P1
6,5052-PNLOS,0.7125072188726645,105.35,379.26,35.556371957411685,0.3374993408216,contact,P1
7,5178-LMXOP,0.7880714383010604,95.1,342.35999999999996,35.45103440418775,0.3738754527398061,contact,P1
8,0295-PPHDO,0.7847318496019353,95.45,343.62,35.41238954005425,0.3725045107968104,contact,P1
9,9057-SIHCH,0.7662948549768579,96.6,347.76,34.62167469168803,0.3680699332873246,contact,P1
10,0655-RBDUG,0.7531362882192137,98.05,352.98,34.46051175390453,0.36262677772111734,contact,P1
11,6857-VWJDT,0.7679031120216503,95.65,344.34000000000003,34.10493939838378,0.3717256200267177,contact,P1
12,3006-XIMLN,0.7630578190357683,94.2,339.12,32.692041897852434,0.377447511205473,contact,P1
13,4445-ZJNMU,0.7203786432132517,99.3,357.48,32.38023934396831,0.358061989481929,contact,P1
14,7181-BQYBV,0.6982250431559796,102.45,368.82,32.3798401041971,0.34705276286535436,contact,P1
15,2754-SDJRD,0.7125386880112132,100.15,360.54,32.22467464389071,0.3550230210240195,contact,P1
16,5419-CONWX,0.7131218002251517,99.8,359.28,32.05260009622312,0.3562680917390337,contact,P1
17,8161-QYMTT,0.7562671575205767,94.1,338.76,32.04826557041764,0.37784862439485184,contact,P1
18,6137-NICCO,0.748792072117504,94.05,338.58,31.381504944386123,0.3780495008565184,contact,P1
19,4927-WWOOZ,0.7615875865196702,91.45,329.21999999999997,30.682466308501446,0.3887977644128547,contact,P1
20,9221-OTIVJ,0.6625964222943291,104.85,377.46,30.525911389804364,0.33910877973825043,contact,P1
21,1731-TVIUK,0.7384392428223127,93.5,336.6,30.139662283497614,0.38027332144979203,contact,P1
22,2027-FECZV,0.6456131783468527,106.7,384.12,29.99823351664827,0.33322919920858063,contact,P1
23,8622-ZLFKO,0.7565262493387839,90.75,326.7,29.78928141474517,0.3917967554331191,contact,P1
24,3585-ISXZP,0.7173478933725512,95.65,344.34000000000003,29.752893400976077,0.3717256200267177,contact,P1
25,3722-WPXTK,0.7766123296161185,88.35,318.06,29.75232938942566,0.4024397912343583,contact,P1
26,0970-ETWGE,0.762275897701231,89.55,322.38,29.435625975230714,0.3970469632111173,contact,P1
27,7218-HKQFK,0.7186076921963679,94.2,339.12,28.92356014440807,0.377447511205473,contact,P1
28,6328-ZPBGN,0.7078506469478784,95.15,342.54,28.616790151381565,0.37367898639574937,contact,P1
29,2865-TCHJW,0.7536187392673007,89.2,321.12,28.5005123883789,0.39860488290981566,contact,P1
30,1069-XAIEM,0.7889607318035082,85.05,306.17999999999995,28.390999215899527,0.41805473904239343,contact,P1
31,5167-ZFFMM,0.7369686878796803,90.85,327.06,28.258244764482058,0.39136549868525655,contact,P1
32,0871-URUWO,0.6547510292417824,102.25,368.09999999999997,28.253463465975024,0.34773159467535997,contact,P1
33,2034-GDRCN,0.7387170465748852,90.4,325.44,28.102018909332664,0.39331366764995085,contact,P1
34,5698-BQJOH,0.7060025344697451,94.4,339.84000000000003,27.981975328549552,0.3766478342749529,contact,P1
35,7209-JCUDS,0.6999489458141364,94.9,341.64000000000004,27.782639461985397,0.37466338836201846,contact,P1
36,6892-XPFPU,0.6345928925054239,104.25,375.29999999999995,27.540678139321393,0.34106048494537705,contact,P1
37,1628-BIZYP,0.7744006802445348,85.0,306.0,27.24165203870691,0.41830065359477125,contact,P1
38,6230-BSUXY,0.7736272351330141,85.0,306.0,27.182483487675583,0.41830065359477125,contact,P1
39,6969-MVBAI,0.7283702589705245,90.1,324.35999999999996,27.063544299919826,0.3946232581082748,contact,P1
40,2202-CUYXZ,0.7717451343141238,84.85,305.46,26.93431718189806,0.4190401361880443,contact,P1
41,9611-CTWIH,0.73131378761245,89.45,322.02,26.87441647174029,0.3974908390783181,contact,P1
42,1143-NMNQJ,0.7590244319408725,85.7,308.52,26.543554435599496,0.4148839621418385,contact,P1
43,8266-VBFQL,0.7167632627335689,90.4,325.44,26.31585905600317,0.39331366764995085,contact,P1
44,7952-OBOYL,0.7144602385569322,89.85,323.46,25.774827190906315,0.3957212638347864,contact,P1
45,4115-NZRKS,0.7197332346066357,89.15,320.94,25.74779607866342,0.39882844145323115,contact,P1
46,6979-ZNSFF,0.7368799329398524,87.05,313.38,25.730858346172738,0.4084498053481396,contact,P1
47,8593-WHYHV,0.7514396015148576,85.3,307.08,25.68801820829561,0.4168294906864661,contact,P1
48,9741-YLNTD,0.728253531710472,87.95,316.62,25.64490830254241,0.40427010296254184,contact,P1
49,0432-CAJZV,0.70550926416267,90.7,326.52,25.59072123359875,0.3920127404140635,contact,P1
50,3338-CVVEH,0.673790355274772,94.55,340.38,25.336190282106728,0.37605029672718726,contact,P1
51,3320-VEOYC,0.6658849721279001,95.6,344.15999999999997,25.292743001884517,0.3719200371920037,contact,P1
52,6821-BUXUX,0.6583538800489557,96.65,347.94,25.26691225605841,0.36787951945737773,contact,P1
53,2545-EBUPK,0.7558997161583472,84.05,302.58,25.18003402879817,0.42302862053010776,contact,P1
54,4750-ZRXIU,0.7508077856172569,84.6,304.56,25.16650479689794,0.42027843446283164,contact,P1
55,2025-JKFWI,0.6413750257005112,99.0,356.4,25.146514789915543,0.3591470258136925,contact,P1
56,1522-VVDMG,0.7012371507770631,89.75,323.1,24.64243085401727,0.39616217889198385,contact,P1
57,0258-NOKBL,0.6936439457607477,90.4,325.44,24.434871427094436,0.39331366764995085,contact,P1
58,4735-ASGMA,0.6358719422660889,98.35,354.05999999999995,24.284204969682847,0.36152064621815516,contact,P1
59,8739-XNIKG,0.7443134638569334,84.0,302.4,24.270097867584163,0.4232804232804233,contact,P1
60,6630-UJZMY,0.74950092891905,83.25,299.7,24.156357099259814,0.4270937604270938,contact,P1
61,8245-UMPYT,0.6420757342893494,96.4,347.04,23.706490706943953,0.3688335638543107,contact,P1
62,2254-DLXRI,0.7801227363959868,79.15,284.94,23.572043127168122,0.4492173790973538,contact,P1
63,2514-GINMM,0.7763937555949353,79.5,286.2,23.550973212817617,0.4472396925227114,contact,P1
64,8821-XNHVZ,0.7691895296451325,80.05,288.17999999999995,23.41625966328356,0.44416684016933866,contact,P1
65,9507-EXLTT,0.7740783026933818,79.35,285.65999999999997,23.280801986847855,0.4480851361758735,contact,P1
66,9420-LOJKX,0.6191824108489715,99.1,356.76,23.224879223619766,0.35878461710954146,contact,P1
67,0952-KMEEH,0.6250205130145153,98.15,353.34000000000003,23.21118701713722,0.36225731589969995,contact,P1
68,8132-YPVBX,0.7118401727646572,85.95,309.42,23.064396564210057,0.413677202507918,contact,P1
69,0235-KGSLC,0.7141813132818875,85.55,307.98,22.98839021613893,0.41561140333787905,contact,P1
70,2439-LYPMQ,0.5945367657857047,102.6,369.35999999999996,22.899524952651966,0.3465453757851419,contact,P1
71,7249-WBIYX,0.7124865903199887,85.6,308.15999999999997,22.88996691825193,0.41536863966770515,contact,P1
72,2867-UIMSS,0.7559293055461458,80.5,289.79999999999995,22.767078186818253,0.44168391994478956,contact,P1
73,1448-PWKYE,0.7567134575435946,80.0,288.0,22.483368943138814,0.4444444444444444,contact,P1
74,2609-IAICY,0.7841933269744653,77.15,277.74,22.450463658472003,0.46086267732411607,contact,P1
75,3292-PBZEJ,0.5426399488553477,111.4,401.04,22.40508127223716,0.3191701575902653,contact,P1
76,9692-TUSXH,0.6277923938031006,96.05,345.78,22.269513482309023,0.37017756955289494,contact,P1
77,7005-CCBKV,0.7110391050085688,84.4,303.84000000000003,22.01053041645089,0.42127435492364396,contact,P1
78,9248-OJYKK,0.7837169228868381,76.45,275.21999999999997,21.923642879228893,0.46508247947096876,contact,P1
79,6372-RFVNS,0.7581427591156543,78.8,283.67999999999995,21.767484476482196,0.4512126339537508,contact,P1
80,5380-WJKOV,0.5579175243237061,106.35,382.85999999999996,21.40107584064352,0.3343258632398266,contact,P1
81,1751-NCDLI,0.5999223055276769,98.85,355.85999999999996,21.372087911269766,0.35969201371325804,contact,P1
82,4817-VYYWS,0.5916106051532116,100.2,360.71999999999997,21.35144437271662,0.3548458638278998,contact,P1
83,8397-MVTAZ,0.5918287517220259,100.05,360.17999999999995,21.29121994880981,0.35537786662224446,contact,P1
84,4686-UXDML,0.5926253096623774,99.85,359.46,21.256273452809538,0.35608969009069164,contact,P1
85,8818-DOPVL,0.5658785131562113,104.45,376.02,21.19540962924964,0.3404074251369608,contact,P1
86,6543-XRMYR,0.5927239422965844,99.7,358.92,21.18511934227252,0.35662543185110884,contact,P2
87,0023-XUOPT,0.6230503922941062,94.1,338.76,20.76613772338785,0.37784862439485184,contact,P2
88,9878-TNQGW,0.7230573901255389,80.95,291.42,20.678346157596145,0.43922860476288517,contact,P2
89,7181-OQCUT,0.5629982186982163,103.85,373.85999999999996,20.620628510628784,0.3423741507516183,contact,P2
90,6661-HBGWL,0.5570577673206109,104.75,377.09999999999997,20.51662101415058,0.3394325112702201,contact,P2
91,7029-RPUAV,0.5804220124179587,100.45,361.62,20.473052032645555,0.3539627233007024,contact,P2
92,0876-WDUUZ,0.6820164132995657,85.4,307.44,20.419781526204623,0.4163413999479573,contact,P2
93,5196-SGOAK,0.7671172015039919,75.7,272.52,20.263694938466962,0.4696902979597828,contact,P2
94,5382-SOYZL,0.6097063583642885,95.1,342.35999999999996,20.18476721239945,0.3738754527398061,contact,P2
95,8709-KRDVL,0.5796873675327117,100.0,360.0,20.171863077944053,0.35555555555555557,contact,P2
96,1379-FRVEB,0.6341939148392212,91.0,327.6,19.940481625332218,0.3907203907203907,contact,P2
97,5357-TZHPP,0.6832476866199219,84.4,303.84000000000003,19.899494275649268,0.42127435492364396,contact,P2
98,6910-HADCM,0.7547511203676818,76.35,274.85999999999996,19.862723236065243,0.46569162482718485,contact,P2
99,9851-KIELU,0.5220077606058923,110.1,396.3599999999999,19.72574899843785,0.32293874255727123,contact,P2
100,4415-IJZTP,0.7710884773641489,74.5,268.2,19.701482407266177,0.4772557792692021,contact,P2
101,7928-VJYAB,0.6321958568418625,90.6,326.15999999999997,19.549250166885464,0.3924454255580084,contact,P2
102,4713-LZDRV,0.7194363101103757,79.6,286.56,19.540417256307315,0.44667783361250696,contact,P2
103,2959-MJHIC,0.7119782782155872,80.35,289.26,19.486709189160187,0.4425084698886815,contact,P2
104,7180-PISOG,0.7662408447996856,74.5,268.2,19.376448643818918,0.4772557792692021,contact,P2
105,4806-KEXQR,0.7140711165844341,79.9,287.64000000000004,19.348853993586665,0.4450006953135864,contact,P2
106,2665-NPTGL,0.5813258158016642,98.1,353.15999999999997,19.32525627712893,0.36244195265602,contact,P2
107,7495-OOKFY,0.7057838515630125,80.65,290.34000000000003,19.22932086570127,0.44086243714266027,contact,P2
108,3707-GNWHM,0.7659283797349762,74.25,267.29999999999995,19.183163975789775,0.4788627010849234,contact,P2
109,3908-BLSYF,0.6762716040286186,83.9,302.04,19.065268820201,0.4237849291484571,contact,P2
110,0265-PSUAE,0.5625587946691262,100.7,362.52,18.984703560862904,0.35308396778108797,contact,P2
111,2800-QQUSO,0.5640230105510874,100.3,361.0799999999999,18.91435716244665,0.3544920793176028,contact,P2
112,6899-PPEEA,0.5856878127152075,96.55,347.5799999999999,18.89334248588795,0.3682605443351172,contact,P2
113,9927-DSWDF,0.5396385425856384,104.6,376.55999999999995,18.801572399011988,0.33991926917357135,contact,P2
114,0923-PNFUB,0.6733301378820228,83.75,301.5,18.75225914285747,0.42454394693200664,contact,P2
115,8258-GSTJK,0.7319912901773938,77.0,277.2,18.726996409293392,0.46176046176046176,contact,P2
116,7056-IMHCC,0.550950851341574,101.9,366.84000000000003,18.527702576535752,0.3489259622723803,contact,P2
117,2985-FMWYF,0.6001534114629141,93.5,336.6,18.502909574604224,0.38027332144979203,contact,P2
118,8752-STIVR,0.7099446413033502,79.0,284.4,18.4770639966682,0.45007032348804504,contact,P2
119,2737-YNGYW,0.6958878579587718,80.55,289.98,18.44839026272117,0.441409752396717,contact,P2
120,4706-AXVKM,0.6559429135557808,84.8,305.28,18.061563162577187,0.41928721174004197,contact,P2
121,3519-ZKXGG,0.7328705642352894,75.85,273.06,18.02940906752203,0.4687614443712005,contact,P2
122,8443-ZRDBZ,0.7298073471584815,76.05,273.78,17.95166387626226,0.4675286726568778,contact,P2
123,9643-AVVWI,0.6936831965597272,80.0,288.0,17.945190152300356,0.4444444444444444,contact,P2
124,6651-AZVTJ,0.5555249464130667,99.8,359.28,17.89725068682165,0.3562680917390337,contact,P2
125,9840-DVNDC,0.6877083773348304,80.5,289.79999999999995,17.824471937908456,0.44168391994478956,contact,P2
126,8775-ERLNB,0.7449936370625435,74.3,267.48,17.817724510372287,0.4785404516225512,contact,P2
127,4658-HCOHW,0.5380153610257837,102.8,370.0799999999999,17.777181202105503,0.3458711629917856,contact,P2
128,2845-HSJCY,0.633326535170167,87.25,314.1,17.73196617423737,0.40751353072269975,contact,P2
129,9940-RHLFB,0.7337817703681591,75.3,271.08,17.728390577850135,0.4721853327431017,contact,P2
130,0899-LIIBW,0.5456039437722225,100.85,363.05999999999995,17.52174195648577,0.35255880570704573,contact,P2
131,8059-UDZFY,0.5220388299668334,105.35,379.26,17.497111663305304,0.3374993408216,contact,P2
132,7817-BOQPW,0.7252951077008243,75.55,271.98,17.31644084811755,0.47062283991469955,contact,P2
133,1320-HTRDR,0.7256762435223748,75.5,271.79999999999995,17.30970074734536,0.47093451066961006,contact,P2
134,7748-UMTRK,0.5403592677670378,101.3,364.67999999999995,17.26455444232083,0.35099265109136785,contact,P2
135,8378-LKJAF,0.5402483724784036,101.15,364.14,17.18151058857147,0.3515131542813204,contact,P2
136,6000-APYLU,0.6759718176348098,80.8,290.88,17.15667057840337,0.44004400440044006,contact,P2
137,3197-ARFOY,0.5191296981880387,105.0,378.0,17.057756478769655,0.3386243386243386,contact,P2
138,7363-QTBIW,0.6822449332036878,79.75,287.1,16.9681300806947,0.4458376872169975,contact,P2
139,0576-WNXXC,0.5693519934084907,95.55,343.98,16.961424673163165,0.37211465782894354,contact,P2
140,4154-AQUGT,0.6108844307054792,89.05,320.58,16.959332698890627,0.39927631168507083,contact,P2
141,3312-UUMZW,0.5490701855462815,98.85,355.85999999999996,16.848029057124926,0.35969201371325804,contact,P2
142,4090-KPJIP,0.7234890032862006,74.95,269.82,16.802950716670658,0.4743903342969387,contact,P2
143,3374-LXDEV,0.6063773232312665,89.4,321.84000000000003,16.789119427187707,0.3977131493910017,contact,P2
144,7235-NXZCP,0.7219249330232893,74.85,269.46,16.632473113113882,0.47502412231871155,contact,P2
145,7198-GLXTC,0.6839185070080681,79.0,284.4,16.62660584827364,0.45007032348804504,contact,P2
146,8393-DLHGA,0.5633195742595912,95.9,345.24,16.620112454345318,0.3707565751361372,contact,P2
147,9747-DDZOS,0.7340646015680331,73.5,264.6,16.558373393725397,0.48374905517762656,contact,P2
148,8380-PEFPE,0.751988990643797,71.65,257.94,16.492010061665248,0.4962394355276421,contact,P2
149,7409-KIUTL,0.75531076370016,71.0,255.60000000000002,16.26435780044023,0.5007824726134584,contact,P2
150,5159-YFPKQ,0.7071004577887535,75.8,272.88,16.238393230348763,0.4690706537672237,contact,P2
151,3422-LYEPQ,0.7534976938727995,71.0,255.60000000000002,16.148502638471896,0.5007824726134584,contact,P2
152,5129-JLPIS,0.5064383119370117,105.5,379.79999999999995,16.08631771841926,0.33701948393891523,contact,P2
153,4229-CZMLL,0.712051104947821,74.9,269.64000000000004,15.999364984532619,0.47470701676309146,contact,P2
154,8938-UMKPI,0.5009756591553235,106.4,383.04,15.973429120713782,0.3341687552213868,contact,P2
155,5542-TBBWB,0.7625677004492338,69.9,251.64000000000004,15.97313403526131,0.5086631696073756,contact,P2
156,9804-ICWBG,0.7625677004492338,69.9,251.64000000000004,15.97313403526131,0.5086631696073756,contact,P2
157,5376-DEQCP,0.7532716093678964,70.6,254.15999999999997,15.862878059236131,0.5036197670758578,contact,P2
158,9334-GWGOW,0.710157091804096,74.85,269.46,15.839732489382925,0.47502412231871155,contact,P2
159,8375-DKEBR,0.7633609274060285,69.6,250.56,15.816928492713622,0.5108556832694764,contact,P2
160,2077-MPJQO,0.703959294057117,75.4,271.44,15.770677694715957,0.4715590922487474,contact,P2
161,7130-VTEWQ,0.699597878705147,75.75,272.7,15.695085380723398,0.4693802713604694,contact,P2
162,2919-HBCJO,0.6911287758217072,76.65,275.94,15.677518600060466,0.463868957019642,contact,P2
163,9279-CJEOJ,0.5552437712044173,95.4,343.44,15.673230195611268,0.3726997437689262,contact,P2
164,0390-DCFDQ,0.7508093744122228,70.45,253.62,15.605068384606987,0.5046920589858844,contact,P2
165,3244-DCJWY,0.7525866381690647,70.25,252.89999999999998,15.582290198239107,0.5061289047054172,contact,P2
166,1820-TQVEV,0.7600535870205767,69.55,250.38,15.575554279552996,0.5112229411294832,contact,P2
167,8083-YTZES,0.7109501842561254,74.35,267.65999999999997,15.573231579498625,0.4782186355824554,contact,P2
168,1853-UDXBW,0.7532575528197653,70.0,252.0,15.455225827645208,0.5079365079365079,contact,P2
169,6856-RAURS,0.7028172178825948,74.9,269.64000000000004,15.37690865746572,0.47470701676309146,contact,P2
170,5186-SAMNZ,0.756020490157797,69.5,250.2,15.289081659370204,0.5115907274180655,contact,P3
171,6175-IRFIT,0.6661870931181962,78.75,283.5,15.21601022475216,0.4514991181657848,contact,P3
172,8739-WWKDU,0.5856643096062132,89.5,322.2,15.175260138780473,0.39726877715704534,contact,P3
173,0679-IDSTG,0.7569063815453604,69.25,249.29999999999998,15.174190229814585,0.5134376253509828,contact,P3
174,3524-WQDSG,0.5276992435351314,99.3,357.48,15.160481394734695,0.358061989481929,contact,P3
175,8361-LTMKD,0.7040155814101832,74.4,267.84000000000003,15.140883331225872,0.4778972520908004,contact,P3
176,8212-DJRCH,0.5775140741361217,90.35,325.26,14.96055693837873,0.39353132878312735,contact,P3
177,3716-BDVDB,0.7543046479543922,69.1,248.75999999999996,14.910206056283648,0.5145521788068822,contact,P3
178,5339-PXDVH,0.5747442186254269,90.65,326.34000000000003,14.890507076555458,0.39222896365753507,contact,P3
179,6376-GAHQE,0.6688800509539238,77.85,280.26,14.86508077008667,0.4567187611503604,contact,P3
180,7912-SYRQT,0.6932590343044298,75.1,270.35999999999996,14.857378128636405,0.47344281698476115,contact,P3
181,3030-YDNRM,0.6944097424159636,74.85,269.46,14.778912297851384,0.47502412231871155,contact,P3
182,1112-CUNAO,0.5781430949453,89.85,323.46,14.751541372751682,0.3957212638347864,contact,P3
183,1980-KXVPM,0.6884521195680083,75.05,270.17999999999995,14.501498416221118,0.47375823525057376,contact,P3
184,3199-XGZCY,0.6863546402679384,75.25,270.9,14.483368012146123,0.47249907715024,contact,P3
185,5228-EXCET,0.6357319850932694,80.85,291.06,14.25903789531175,0.4397718683432969,contact,P3
186,7354-OIJLX,0.6773555412691655,75.85,273.06,14.239676024739587,0.4687614443712005,contact,P3
187,8699-ASUFO,0.6897000193374175,74.4,267.84000000000003,14.182313294833484,0.4778972520908004,contact,P3
188,2761-OCIAX,0.6838916130641345,74.7,268.92,13.978033146301762,0.4759779860181466,contact,P3
189,6481-ESCNL,0.5075744023932347,100.55,361.98,13.93294554457578,0.35361069672357587,contact,P3
190,8873-GLDMH,0.6889176423293571,73.85,265.85999999999996,13.788911097420716,0.4814564056270218,contact,P3
191,8676-TRMJS,0.6767856954443189,75.0,270.0,13.683034442491525,0.4740740740740741,contact,P3
192,6507-ZJSUR,0.5600247884739388,90.45,325.62,13.588817905720987,0.3930962471592654,contact,P3
193,6319-IEJWJ,0.5611314437811046,90.2,324.71999999999997,13.552650606150067,0.39418576003941863,contact,P3
194,2604-IJPDU,0.5241449948679007,96.55,347.5799999999999,13.54557932904622,0.3682605443351172,contact,P3
195,9054-FOWNV,0.5698230198891084,88.75,319.5,13.51461371364254,0.40062597809076683,contact,P3
196,0376-YMCJC,0.557494329130466,90.6,326.15999999999997,13.458087597298196,0.3924454255580084,contact,P3
197,6680-WKXRZ,0.6772689802674697,74.4,267.84000000000003,13.34993091870978,0.4778972520908004,contact,P3
198,4647-MUZON,0.5250527581774389,95.95,345.42,13.34093093241274,0.37056337212668633,contact,P3
199,4873-ILOLJ,0.5558779235226478,90.35,325.26,13.2012133512441,0.39353132878312735,contact,P3
200,1475-VWVDO,0.6704848606241886,74.9,269.64000000000004,13.197384454676559,0.47470701676309146,contact,P3
201,7571-YXDAD,0.6698938190852707,74.9,269.64000000000004,13.1575423445381,0.47470701676309146,contact,P3
202,8541-QVFKM,0.6814776468928416,73.5,264.6,13.079746341961474,0.48374905517762656,contact,P3
203,4947-DSMXK,0.5126730886699451,97.7,351.71999999999997,13.079344686748271,0.3639258501080405,contact,P3
204,6712-OAWRH,0.548546901899139,91.25,328.5,13.049414318466795,0.3896499238964992,contact,P3
205,2754-XBHTB,0.6430381437992079,77.65,279.54,12.938720679407645,0.45789511340058664,contact,P3
206,2187-PKZAY,0.6242861665083774,79.95,287.82,12.920511111110294,0.44472239594190816,contact,P3
207,6377-WHAOX,0.4701991948715903,106.15,382.14,12.920480082057374,0.33495577537028315,contact,P3
208,7410-YTJIK,0.6603118921836613,75.45,271.62,12.83847903873152,0.4712465945070319,contact,P3
209,1035-IPQPU,0.4794124939669848,103.5,372.59999999999997,12.65727381302463,0.3435319377348363,contact,P3
210,2057-ZBLPD,0.5726609390388409,86.5,311.4,12.581654104173758,0.4110468850353244,contact,P3
211,1833-TCXKK,0.4575221402146095,107.75,387.9,12.368209547311757,0.3299819541118845,contact,P3
212,0506-LVNGN,0.6515624293865522,75.55,271.98,12.302987386138618,0.47062283991469955,contact,P3
213,4840-ORQXB,0.4696261508808857,104.75,377.09999999999997,12.274005374295498,0.3394325112702201,contact,P3
214,1236-WFCDV,0.5438679228153794,90.45,325.62,12.273568256785964,0.3930962471592654,contact,P3
215,7861-UVUFT,0.5814727614002592,84.3,303.48,12.116338407437667,0.42177408725451426,contact,P3
216,9508-ILZDG,0.50867969115038,96.35,346.85999999999996,12.110159418105198,0.3690249668454132,contact,P3
217,0004-TLHLJ,0.6585413535575153,73.9,266.04,11.799585425110344,0.4811306570440535,contact,P3
218,4631-OACRM,0.612617281032383,79.4,285.84000000000003,11.777630902574096,0.4478029666946543,contact,P3
219,8785-CJSHH,0.4871872142651376,99.8,359.28,11.759155585294657,0.3562680917390337,contact,P3
220,3966-HRMZA,0.6443809324892152,75.05,270.17999999999995,11.524710084984036,0.47375823525057376,contact,P3
221,2227-JRSJX,0.4849095186723078,99.15,356.94,11.27090089872339,0.3586036868941559,contact,P3
222,5628-FCGYG,0.5713272745731331,84.1,302.76,11.243761412440449,0.42277711718853217,contact,P3
223,5331-RGMTT,0.48492992689853787,99.05,356.5799999999999,11.229078333370147,0.35896572999046505,contact,P3
224,2694-CIUMO,0.6020516029342385,79.55,286.38,11.10388451207681,0.4469585864934702,contact,P3
225,6034-YMTOB,0.6314938909826274,75.65,272.34000000000003,10.995261567552191,0.4700007343761474,contact,P3
226,4329-YPDDQ,0.43938395958086557,108.2,389.52,10.787209983984688,0.3286095707537482,contact,P3
227,0082-OQIQY,0.5023609065711768,94.2,339.12,10.59015765910437,0.377447511205473,contact,P3
228,4342-HENTK,0.6693013406572028,70.65,254.34,10.557525745688238,0.503263348273964,contact,P3
229,3721-CNEYS,0.6662367281895453,70.95,255.42000000000002,10.54254627854342,0.501135384856315,contact,P3
230,1902-XBTFB,0.5276674973693983,89.4,321.84000000000003,10.456126838341795,0.3977131493910017,contact,P3
231,5144-TVGLP,0.49713537286579146,94.75,341.1,10.39321892113037,0.37525652301377893,contact,P3
232,8621-MNIHH,0.49891385686922846,94.25,339.29999999999995,10.320367908932297,0.377247273798998,contact,P3
233,0524-IAVZO,0.5509127491034728,85.0,306.0,10.144825306415669,0.41830065359477125,contact,P3
234,9717-QEBGU,0.6655503382197954,70.3,253.07999999999998,10.109369899166452,0.5057689268215584,contact,P3
235,1965-DDBWU,0.5231865123354156,89.05,320.58,9.930783031121877,0.39927631168507083,contact,P3
236,9685-WKZGT,0.6214873194158838,74.95,269.82,9.92242713119844,0.4743903342969387,contact,P3
237,4919-IKATY,0.5502909732600906,84.5,304.2,9.849628516429888,0.42077580539119,contact,P3
238,5022-JNQEQ,0.612832799475311,75.85,273.06,9.835031056182103,0.4687614443712005,contact,P3
239,1302-UHBDD,0.5154003690379803,89.95,323.82,9.724236875469693,0.3952813291334692,contact,P3
240,1077-HUUJM,0.6522669776481163,71.05,255.77999999999997,9.70921188570879,0.5004300570803034,contact,P3
241,2452-KDRRH,0.45468222223451643,101.4,365.04,9.494299601121973,0.35064650449265833,contact,P3
242,0310-MVLET,0.4646451662385484,99.15,356.94,9.46261140929687,0.3586036868941559,contact,P3
243,1867-BDVFH,0.6167056640741685,74.35,267.65999999999997,9.26685951152298,0.4782186355824554,contact,P3
244,0682-USIXD,0.5319697715339381,86.05,309.78,9.198398956445835,0.41319646200529414,contact,P3
245,0963-ZBDRN,0.4758020311447538,96.2,346.32,9.194939856512782,0.3696003696003696,contact,P3
246,5226-NOZFC,0.5318640046856887,85.75,308.7,9.046604561618025,0.41464204729510856,contact,P3
247,4029-HPFVY,0.644044573184741,70.3,253.07999999999998,8.748700145398558,0.5057689268215584,contact,P3
248,3365-SAIGS,0.5412756769638959,83.55,300.78,8.701224529300148,0.4255602101203538,contact,P3
249,0685-MLYYM,0.638013342567182,70.75,254.7,8.625499587965315,0.5025520219866509,contact,P3
250,3717-OEAUQ,0.6381494696541626,70.7,254.52,8.60545075409437,0.5029074336005029,contact,P3
251,6077-BDPXA,0.6420613156279061,70.15,252.54000000000002,8.536541162167858,0.5068503999366437,contact,P3
252,4283-FUTGF,0.563802101555057,79.85,287.46,8.517638028254161,0.4452793432129688,contact,P3
253,3672-YITQD,0.5341452623991221,84.1,302.76,8.429454910989548,0.42277711718853217,contact,P3
254,9050-QLROH,0.49371741537466507,90.7,326.52,8.302152617033904,0.3920127404140635,contact,P4
255,5889-JTMUL,0.4710280293634044,95.05,342.17999999999995,8.294092771892423,0.37407212578175236,contact,P4
256,7278-CKDNC,0.552959973356468,80.5,289.79999999999995,8.0619500696761,0.44168391994478956,contact,P4
257,5461-QKNTN,0.47152813312577013,94.3,339.48,8.018592658384115,0.3770472487333569,contact,P4
258,9866-QEVEE,0.5152217881634633,86.0,309.6,7.878166403852063,0.4134366925064599,contact,P4
259,0581-BXBUB,0.6080553991135786,72.75,261.9,7.812427256961556,0.48873615883925164,contact,P4
260,1894-IGFSG,0.49552712005046384,89.25,321.29999999999995,7.803215918053503,0.39838157485216313,contact,P4
261,1319-YLZJG,0.5221068167435662,84.6,304.56,7.7532130268551285,0.42027843446283164,contact,P4
262,5442-BHQNG,0.6267715775361024,70.35,253.25999999999996,7.684042431698316,0.5054094606333414,contact,P4
263,3466-RITXD,0.4737143583772581,92.4,332.64000000000004,7.394086042652788,0.38480038480038475,contact,P4
264,9512-UIBFX,0.45999868477936284,95.15,342.54,7.391987371080738,0.37367898639574937,contact,P4
265,7018-WBJNK,0.5585973450757827,78.3,281.88,7.364354907490409,0.454093940683979,contact,P4
266,6047-YHPVI,0.6262788552441133,69.7,250.92000000000002,7.28647258946323,0.5101227482863063,contact,P4
267,0581-MDMPW,0.490420083780348,88.95,320.21999999999997,7.260579807035754,0.3997251889326089,contact,P4
268,4301-VVZKA,0.5776622990454409,75.4,271.44,7.200163613223616,0.4715590922487474,contact,P4
269,8714-EUHJO,0.47737362264251154,91.15,328.14000000000004,7.1613451334784415,0.39007740598525015,contact,P4
270,4829-AUOAX,0.45161857595921734,96.05,345.78,7.040167798794542,0.37017756955289494,contact,P4
271,1587-FKLZB,0.4357014278413857,99.5,358.2,7.017062863196088,0.3573422668900056,contact,P4
272,3750-CKVKH,0.6398735708863357,67.75,243.89999999999998,7.016290984794317,0.5248052480524805,contact,P4
273,0979-PHULV,0.4347783266969805,99.45,358.02,6.914834131013237,0.35752192614937717,contact,P4
274,1452-KIOVK,0.4842115570291616,89.1,320.76,6.828924758168469,0.3990522509041028,contact,P4
275,2860-RANUS,0.5024324679125732,85.8,308.88,6.797835172208906,0.4144004144004144,contact,P4
276,4983-CCWMC,0.6175504304058982,69.6,250.56,6.683358960625462,0.5108556832694764,contact,P4
277,5650-YLIBA,0.5292275286714045,81.15,292.14000000000004,6.652132556516037,0.43814609433833085,contact,P4
278,4512-ZUIYL,0.6126120169047898,70.0,252.0,6.594557065001759,0.5079365079365079,contact,P4
279,8914-RBTSB,0.4560844885852236,93.8,337.67999999999995,6.502652526364571,0.379057095475006,contact,P4
280,9576-ANLXO,0.6105238462923158,69.55,250.38,6.215740158667508,0.5112229411294832,contact,P4
281,6166-ILMNY,0.6076320611256393,69.75,251.10000000000002,6.144102637162007,0.5097570688968538,contact,P4
282,0958-YHXGP,0.5995904974215293,69.9,251.64000000000004,5.720238192788415,0.5086631696073756,contact,P4
283,5760-FXFVO,0.5289616620438814,78.95,284.21999999999997,5.585370896527991,0.45035535852508624,contact,P4
284,5651-YLPRD,0.4835361689197432,86.1,309.96,5.469217729590902,0.41295651051748616,contact,P4
285,1016-DJTSV,0.5959058724028492,69.7,250.92000000000002,5.381175375830736,0.5101227482863063,contact,P4
286,6705-LXORM,0.5918086449880127,70.05,252.17999999999995,5.310576023269249,0.5075739551114284,contact,P4
287,3627-FHKBK,0.5504047867066779,75.3,271.08,5.300932395111559,0.4721853327431017,contact,P4
288,2277-DJJDL,0.4156407809441003,99.0,356.4,5.03359358211933,0.3591470258136925,contact,P4
289,9779-DPNEJ,0.5130316713380204,80.15,288.54,5.007539611968106,0.44361267068690646,contact,P4
290,0330-IVZHA,0.5867927579402211,69.95,251.82,4.941538076126619,0.5082995790644111,contact,P4
291,9450-TRJUU,0.49347016585644216,83.15,299.34000000000003,4.928839861866855,0.4276074029531636,contact,P4
292,4983-CLMLV,0.3994334229210508,102.7,369.71999999999997,4.919631280592718,0.34620794114465003,contact,P4
293,2482-CZGBB,0.5857360889319962,70.0,252.0,4.901373602715765,0.5079365079365079,contact,P4
294,6234-PFPXL,0.42650467193499236,95.9,345.24,4.811618234709194,0.3707565751361372,contact,P4
295,9465-RWMXL,0.5175638384624768,78.9,284.04,4.752208169220481,0.4506407548232643,contact,P4
296,5606-AMZBO,0.5218869037054489,78.15,281.34000000000003,4.706915372122751,0.45496552214402497,contact,P4
297,4412-YLTKF,0.5207532524013232,78.05,280.98,4.580312214930949,0.4555484376112178,contact,P4
298,9283-LZQOH,0.5451399317094476,74.4,267.84000000000003,4.502569827264615,0.4778972520908004,contact,P4
299,9167-APMXZ,0.4818696958400865,84.15,302.94,4.4944014144489515,0.42252591272199114,contact,P4
300,5016-IBERQ,0.48015826562378533,84.25,303.29999999999995,4.40800049092352,0.42202439828552596,contact,P4
301,7534-BFESC,0.5306928542283594,76.1,273.96,4.347153586100333,0.46722149218864073,contact,P4
302,0256-LTHVJ,0.49676644168138945,81.05,291.78,4.236628088448953,0.43868668174652137,contact,P4
303,3312-ZWLGF,0.5074848208677913,79.3,285.48,4.219191665334272,0.4483676614824155,contact,P4
304,2960-NKRSO,0.467839469400177,85.95,309.42,4.189722155450696,0.413677202507918,contact,P4
305,7603-USHJS,0.5420830260330396,73.75,265.5,3.980760852943,0.4821092278719397,contact,P4
306,1658-TJVOA,0.5378712568123439,74.1,266.76,3.870634116815218,0.4798320587794272,contact,P4
307,6284-AHOOQ,0.44024993028891135,90.5,325.79999999999995,3.8583568220318227,0.39287906691221613,contact,P4
308,2325-NBPZG,0.5331060028369533,74.55,268.38,3.7687472603453784,0.47693568820329385,contact,P4
309,3858-VOBET,0.5296195229486261,74.95,269.82,3.725484920499575,0.4743903342969387,contact,P4
310,8849-AYPTR,0.4349842480615411,91.25,328.5,3.723081372054068,0.3896499238964992,contact,P4
311,8778-LMWTJ,0.5261465238767586,74.85,269.46,3.443860580957846,0.47502412231871155,contact,P4
312,4846-WHAFZ,0.5140902023411769,76.5,275.4,3.3951104311900266,0.4647785039941903,contact,P4
313,9944-AEXBM,0.4590764928199878,85.65,308.34000000000003,3.3879114490287634,0.4151261594343906,contact,P4
314,1346-UFHAX,0.49107943903912493,80.0,288.0,3.357719610816993,0.4444444444444444,contact,P4
315,2955-BJZHG,0.4852481630099546,80.85,291.06,3.3090825814193465,0.4397718683432969,contact,P4
316,6845-RGTYS,0.39702488356779125,98.75,355.5,3.285586527087446,0.360056258790436,contact,P4
317,8696-JKZNU,0.5137601140859622,76.25,274.5,3.256787829149161,0.4663023679417122,contact,P4
318,3540-RZJYU,0.4535501592689521,86.2,310.32,3.1864213560853045,0.41247744263985564,contact,P4
319,0388-EOPEX,0.5233072201463334,74.4,267.84000000000003,3.0406514609984825,0.4778972520908004,contact,P4
320,1989-PRJHP,0.5141826253124063,75.5,271.79999999999995,2.9387093899780012,0.47093451066961006,contact,P4
321,9389-ACWBI,0.5507382710745695,69.95,251.82,2.671727855499526,0.5082995790644111,contact,P4
322,1092-GANHU,0.5021613307796139,76.65,275.94,2.6415994038316626,0.463868957019642,contact,P4
323,5419-KLXBN,0.42797296121930056,89.15,320.94,2.3384105434305837,0.39882844145323115,contact,P4
324,0730-KOAVE,0.40430666575293417,94.3,339.48,2.313506722451528,0.3770472487333569,contact,P4
325,5373-SFODM,0.4471002155777571,85.25,306.9,2.3037640402034114,0.4170739654610623,contact,P4
326,6080-TCMYC,0.4692230787801181,81.2,292.32,2.2908225972510294,0.43787629994526545,contact,P4
327,5213-TWWJU,0.4163506254537159,91.0,327.6,2.0991162246593333,0.3907203907203907,contact,P4
328,4818-QIUFN,0.474203135556019,79.15,284.94,1.7798603613330144,0.4492173790973538,contact,P4
329,4660-IRIBM,0.42644336212864126,87.9,316.44,1.7359343779968128,0.40450006320313486,contact,P4
330,4248-QPAVC,0.434535000664259,85.35,307.26,1.3788060760250502,0.41658530234980146,contact,P4
331,7460-ITWWP,0.42132612098833055,86.1,309.96,0.648561115385732,0.41295651051748616,contact,P4
332,5609-IMCGG,0.42741313668298514,84.35,303.65999999999997,0.44706827128881343,0.4215240729763552,contact,P4
333,7503-QQRVF,0.48284834724493786,74.3,267.48,0.28806898026899574,0.4785404516225512,contact,P4
334,2911-WDXMV,0.4450218516227336,80.55,289.98,0.26185913339007527,0.441409752396717,contact,P4
335,6022-UGGSO,0.4800324338699977,74.4,267.84000000000003,0.14297177193505206,0.4778972520908004,contact,P4
336,8058-DMYRU,0.39641671278123786,90.05,324.17999999999995,0.12759248735541462,0.39484237152199403,contact,P4
337,7279-BUYWN,0.31425668241172855,113.2,407.52,0.016470804106901937,0.3140950137416569,contact,P4
338,2070-FNEXE,0.46530059712211075,76.45,275.21999999999997,0.015007584986825862,0.46508247947096876,contact,P4
339,9822-WMWVG,0.33382761478415346,106.5,383.4,-0.0026231229388926636,0.3338549817423057,no_contact,
340,3018-TFTSU,0.4343907839818734,81.7,294.12,-0.059245653812848076,0.43519651842785256,no_contact,
341,4526-ZJJTM,0.40113411801063364,88.4,318.24,-0.08576957107398542,0.4022121669180493,no_contact,
342,9710-ZUSHQ,0.3305312520170729,106.75,384.29999999999995,-0.24420996245972404,0.3330731199583659,no_contact,
343,9079-YEXQJ,0.3150319830345058,111.1,399.96,-0.4999520163797655,0.32003200320032005,no_contact,
344,0410-IPFTY,0.4154670961606675,83.85,301.85999999999996,-0.6467755882352293,0.424037633339959,no_contact,
345,6710-HSJRD,0.3047624100840361,114.1,410.76,-0.7039481084703354,0.31161748953159996,no_contact,
346,7277-OZCGZ,0.3883004746450374,89.05,320.58,-0.8796584595734771,0.39927631168507083,no_contact,
347,2501-XWWTZ,0.49142680235190644,70.2,252.71999999999997,-0.9516546274065547,0.5064893953782843,no_contact,
348,6173-GOLSU,0.36254720778901145,94.65,340.74,-1.1164161044930587,0.37565299054997947,no_contact,
349,6711-VTNRE,0.39160353545481746,87.55,315.17999999999995,-1.1435994238376637,0.40611713941239935,no_contact,
350,4547-LYTDD,0.4685011834581519,72.65,261.54,-1.3670501195887361,0.4894088858300833,no_contact,
351,9369-XFEHK,0.42064084528324425,80.6,290.15999999999997,-1.4867130831534645,0.4411359250068928,no_contact,
352,5501-TVMGM,0.6128259685575036,55.25,198.89999999999998,-1.527228713478138,0.6435394670688789,no_contact,
353,2139-FQHLM,0.3754548193985456,89.95,323.82,-1.6050550955907426,0.3952813291334692,no_contact,
354,0365-GXEZS,0.42619503711074325,78.2,281.52,-2.0043932881458915,0.4546746234725775,no_contact,
355,4360-PNRQB,0.43798840066481165,75.6,272.15999999999997,-2.1992692187662186,0.4703115814226926,no_contact,
356,3569-EDBPQ,0.3917207174664778,84.35,303.65999999999997,-2.262521733532342,0.4215240729763552,no_contact,
357,3063-QFSZL,0.5947511934332567,55.4,199.43999999999997,-2.3457054954178282,0.6417970316887286,no_contact,
358,5281-BUZGT,0.3616293038514575,90.85,327.06,-2.431379970585578,0.39136549868525655,no_contact,
359,7855-DIWPO,0.4778889468184711,68.65,247.14000000000004,-2.473631420820759,0.517925062717488,no_contact,
360,9812-GHVRI,0.389885047264624,83.85,301.85999999999996,-2.5773249081751572,0.424037633339959,no_contact,
361,2203-GHNWN,0.4091528706867998,79.65,286.74,-2.669876464816756,0.446397433214759,no_contact,
362,5301-GAUUY,0.40474325619664236,80.35,289.26,-2.7309914281398093,0.4425084698886815,no_contact,
363,2386-LAHRK,0.6072775461086344,53.5,192.60000000000002,-2.7595861548692504,0.6645898234683281,no_contact,
364,6815-ABQFQ,0.3000798310987393,107.25,386.09999999999997,-3.0347943031941895,0.33152033152033156,no_contact,
365,6608-QQLVK,0.6369783733098677,50.5,181.79999999999998,-3.0493329330665127,0.7040704070407041,no_contact,
366,8903-XEBGX,0.5796411832517357,55.3,199.07999999999998,-3.151258309561115,0.6429576049829215,no_contact,
367,4760-THGOT,0.33983473450833196,94.1,338.76,-3.2193963344893675,0.37784862439485184,no_contact,
368,1550-LOAHA,0.37481744040348536,84.15,302.94,-3.6132011510420377,0.42252591272199114,no_contact,
369,6729-GDNGC,0.3878619663720853,80.7,290.52,-3.8295853823954467,0.4405892881729313,no_contact,
370,4993-JCRGJ,0.3694925565892979,84.3,303.48,-3.966599731569964,0.42177408725451426,no_contact,
371,3877-JRJIP,0.5200750596689474,59.85,215.45999999999998,-3.986156910932152,0.5940777870602433,no_contact,
372,9576-SYUHJ,0.34058884446034376,91.15,328.14000000000004,-4.059794144695697,0.39007740598525015,no_contact,
373,6557-BZXLQ,0.44559788164117536,69.65,250.74,-4.06769678932292,0.5104889527000079,no_contact,
374,8280-MQRQN,0.6143920728279121,50.45,181.62,-4.10352793324865,0.7047681973350952,no_contact,
375,8445-DNBAE,0.6167583770890097,50.05,180.17999999999998,-4.218118904025562,0.7104007104007105,no_contact,
376,8033-VCZGH,0.29535373699145584,103.95,374.21999999999997,-4.3681811357643525,0.342044786489231,no_contact,
377,0531-ZZJWQ,0.41421475680130976,74.0,266.4,-4.413297197032772,0.48048048048048053,no_contact,
378,8988-ECPJR,0.38362889886391277,79.6,286.56,-4.516825685389289,0.44667783361250696,no_contact,
379,9112-WSNPU,0.43280806857371723,70.55,253.98,-4.518851685911827,0.5039766910780377,no_contact,
380,0988-JRWWP,0.5614165279099025,54.2,195.12,-4.614101768554956,0.6560065600656007,no_contact,
381,7529-ZDFXI,0.3385700728198023,89.85,323.46,-4.6215310614266905,0.3957212638347864,no_contact,
382,9286-DOJGF,0.4051472682389398,74.95,269.82,-4.670791020942314,0.4743903342969387,no_contact,
383,4317-VTEOA,0.5973935254076498,50.75,182.7,-4.714050727005599,0.7006020799124247,no_contact,
384,3331-HQDTW,0.2692201817883248,109.8,395.28,-5.395661635677744,0.32382108884841126,no_contact,
385,2101-RANCD,0.4027022230871047,73.1,263.15999999999997,-5.506220743099387,0.48639610883112944,no_contact,
386,3891-PUQOD,0.49602196868545595,59.2,213.12,-5.571949508438905,0.6006006006006006,no_contact,
387,2386-OWURY,0.304877255387,95.3,343.08,-5.8506778054570105,0.3730908242975399,no_contact,
388,5934-TSSAU,0.38541008942090205,75.3,271.08,-5.880758239945468,0.4721853327431017,no_contact,
389,3334-CTHOL,0.5797400797546658,49.95,179.82,-5.937784714629,0.7118229340451563,no_contact,
390,3923-CSIHK,0.40739318626593524,71.05,255.77999999999997,-5.949242704224773,0.5004300570803034,no_contact,
391,7504-UWHNB,0.4141752543122883,69.75,251.10000000000002,-6.0001484105461,0.5097570688968538,no_contact,
392,9752-ZNQUT,0.5941838116650104,48.6,174.96,-6.010400077772442,0.7315957933241883,no_contact,
393,7250-EQKIY,0.5721141405820038,50.45,181.62,-6.023157446874116,0.7047681973350952,no_contact,
394,9544-PYPSJ,0.2989769219328395,96.1,345.96,-6.141486022028715,0.36998496936061975,no_contact,
395,6777-TGHTM,0.26784162897321995,106.95,385.02,-6.218904003182715,0.33245026232403513,no_contact,
396,8728-SKJLR,0.3846492962479861,74.25,267.29999999999995,-6.295810778228333,0.4788627010849234,no_contact,
397,0486-HECZI,0.2951825896721108,96.75,348.29999999999995,-6.296976004300955,0.36749928222796446,no_contact,
398,4237-RLAQD,0.6193008895700757,45.85,165.06,-6.444548791890828,0.77547558463589,no_contact,
399,4706-DGAHW,0.6281649425274324,45.2,162.72,-6.446250137984052,0.7866273352999017,no_contact,
400,5133-POWUA,0.6190425811404615,45.8,164.88,-6.483064805390178,0.7763221737020863,no_contact,
401,8080-DDEMJ,0.6284219198242983,45.1,162.35999999999999,-6.492354274331735,0.7883715200788373,no_contact,
402,2279-AXJJK,0.29586648808757593,95.65,344.34000000000003,-6.530333372981023,0.3717256200267177,no_contact,
403,8840-DQLGN,0.2811434563294767,100.5,361.79999999999995,-6.570574374998838,0.3537866224433389,no_contact,
404,9992-UJOEL,0.5608402525677106,50.3,181.07999999999998,-6.610761766259742,0.7068698917605479,no_contact,
405,5804-HYIEZ,0.2645121892578665,106.05,381.78,-6.7536340962829335,0.3352716224003353,no_contact,
406,5136-GFPMB,0.3129419432926113,89.4,321.84000000000003,-6.820691242676489,0.3977131493910017,no_contact,
407,2587-EKXTS,0.2508035047563251,111.5,401.4,-6.831868297702776,0.3188839063278525,no_contact,
408,1471-GIQKQ,0.5584012703331264,49.95,179.82,-6.897070892174305,0.7118229340451563,no_contact,
409,5692-FPTAH,0.613410604937305,45.4,163.44,-6.936042682261718,0.7831620166421929,no_contact,
410,0599-XNYDO,0.3988151994230302,69.8,251.27999999999997,-6.946429172245246,0.5093919134033748,no_contact,
411,1169-WCVAK,0.31086162367901043,88.8,319.67999999999995,-7.155939035573489,0.4004004004004005,no_contact,
412,4223-WOZCM,0.5517961316280933,49.95,179.82,-7.194004902659067,0.7118229340451563,no_contact,
413,6825-UYPFK,0.364184867725613,75.6,272.15999999999997,-7.220861599949295,0.4703115814226926,no_contact,
414,6048-QBXKL,0.4817294405470316,56.55,203.57999999999998,-7.48238012335883,0.6287454563316632,no_contact,
415,6769-DYBQN,0.3191175919277692,85.0,306.0,-7.587504217525659,0.41830065359477125,no_contact,
416,1074-AMIOH,0.24938909399404816,108.25,389.70000000000005,-7.703267517629854,0.32845778804208364,no_contact,
417,0363-QJVFX,0.24953089398879605,108.15,389.34000000000003,-7.711910433600533,0.3287614938100375,no_contact,
418,9819-FBNSV,0.37337195220444536,72.25,260.1,-7.7214888079059385,0.4921184159938485,no_contact,
419,2750-BJLSB,0.2599093125542598,103.7,373.32,-7.742663859310934,0.34286938819243545,no_contact,
420,3094-JOJAI,0.36140084256829064,74.15,266.94,-7.881914771205125,0.4795085037836218,no_contact,
421,4067-HLYQI,0.3803690656298897,70.4,253.44,-7.899816001690187,0.5050505050505051,no_contact,
422,7663-RGWBC,0.605990961904038,44.15,158.94,-7.92094912874305,0.8053353466717,no_contact,
423,7054-LGEQW,0.5815084954000024,45.95,165.42000000000002,-7.9517161727328975,0.7737879337444081,no_contact,
424,7404-JLKQG,0.4614517334880626,57.55,207.17999999999995,-8.099107463985803,0.6178202529201662,no_contact,
425,5103-MHMHY,0.5775356788110657,45.95,165.42000000000002,-8.116012002768375,0.7737879337444081,no_contact,
426,2190-BCXEC,0.33583632424703397,78.85,283.85999999999996,-8.16737524980924,0.45092651306982323,no_contact,
427,2178-PMGCJ,0.3796659361939095,69.7,250.92000000000002,-8.183555822556055,0.5101227482863063,no_contact,
428,0322-CHQRU,0.5808748161218698,45.35,163.26,-8.291594379985888,0.784025480828127,no_contact,
429,3932-CMDTD,0.2493043377098918,105.65,380.34000000000003,-8.294897048854935,0.3365409896408476,no_contact,
430,3207-OYBWH,0.2759667176317469,95.25,342.9,-8.342753131018497,0.37328667249927094,no_contact,
431,4724-WXVWF,0.27552299858607604,95.4,343.44,-8.34359534139951,0.3726997437689262,no_contact,
432,6646-QVXLR,0.25282392582739627,103.75,373.5,-8.392565925866872,0.3427041499330656,no_contact,
433,2669-QVCRG,0.3202550241565716,81.3,292.67999999999995,-8.566939882463661,0.4373377067104005,no_contact,
434,9767-FFLEM,0.37398328289997035,69.5,250.2,-8.607345654606856,0.5115907274180655,no_contact,
435,1942-OQFRW,0.589131072538183,44.0,158.39999999999998,-8.670409527487958,0.8080808080808082,no_contact,
436,0471-ARVMX,0.2471321869901142,104.85,377.46,-8.679371174677875,0.33910877973825043,no_contact,
437,4208-UFFGW,0.5756844347070889,44.95,161.82000000000002,-8.710686193924719,0.7910023482882214,no_contact,
438,2495-INZWQ,0.5804386624624681,44.55,160.38,-8.727311828567341,0.7981045018082056,no_contact,
439,9278-VZKCD,0.23691247423178705,109.1,392.76,-8.73756415518083,0.32589876769528464,no_contact,
440,7273-TEFQD,0.6273953148135966,41.15,148.14,-8.764414515878453,0.8640475226137438,no_contact,
441,4678-DVQEO,0.49310998731745553,52.2,187.92000000000002,-8.833692795825936,0.6811409110259684,no_contact,
442,5575-TPIZQ,0.2880685875420425,89.15,320.94,-8.886816878564218,0.39882844145323115,no_contact,
443,6227-HWPWX,0.3695803270514763,69.0,248.39999999999998,-9.049061690103322,0.5152979066022545,no_contact,
444,5828-AVIPD,0.2525270748782218,100.95,363.42,-9.056652611939157,0.35220956469099113,no_contact,
445,7579-OOPEC,0.5066047857021542,50.15,180.53999999999996,-9.134392997333276,0.7089841586352056,no_contact,
446,2672-OJQZP,0.5656398837931867,44.75,161.1,-9.218853680229405,0.7945375543140907,no_contact,
447,6664-FPDAC,0.2260786827687312,111.95,403.02,-9.221442317636491,0.31760210411393974,no_contact,
448,0913-XWSCN,0.2939214620011181,85.5,307.79999999999995,-9.38274349901397,0.41585445094217033,no_contact,
449,6304-IJFSQ,0.5031410435000786,49.9,179.64,-9.403935736411473,0.7125361834780674,no_contact,
450,8805-JNRAZ,0.5067953316263072,49.2,177.12,-9.559102715587116,0.7226738934056007,no_contact,
451,6198-PNNSZ,0.2262167853278542,109.8,395.28,-9.64525727390145,0.32382108884841126,no_contact,
452,3658-KIBGF,0.4477018908884321,54.9,197.64,-9.879049571202572,0.6476421776968225,no_contact,
453,7587-RZNME,0.5650489864857193,43.3,155.88,-9.980040996651518,0.8211444701052092,no_contact,
454,1536-HBSWP,0.48666358434699825,49.9,179.64,-10.143938426976309,0.7125361834780674,no_contact,
455,1895-QTKDO,0.5521052892822399,43.95,158.22,-10.161475282441,0.8090001264062697,no_contact,
456,7957-RYHQD,0.3056354400240373,79.2,285.12,-10.21430583508662,0.4489337822671156,no_contact,
457,5966-EMAZU,0.22248460406092233,108.5,390.59999999999997,-10.274378413450936,0.32770097286226324,no_contact,
458,0841-NULXI,0.6755884254401331,35.55,127.97999999999999,-10.384548328042943,1.0001562744178778,no_contact,
459,2277-VWCNI,0.4920854750541137,48.75,175.5,-10.409749782000763,0.7293447293447294,no_contact,
460,8849-GYOKR,0.22205345306656668,106.55,383.5799999999999,-10.706184118181593,0.33369831586631216,no_contact,
461,6733-LRIZX,0.21576528261144212,108.95,392.22,-10.843135213535042,0.3263474580592524,no_contact,
462,9661-MHUMO,0.47687232047453937,49.25,177.29999999999998,-10.862634394966044,0.7219402143260012,no_contact,
463,7398-LXGYX,0.27571806374914637,84.8,305.28,-10.95719737466515,0.41928721174004197,no_contact,
464,7251-LJBQN,0.2238283908924481,103.75,373.5,-11.100024000417658,0.3427041499330656,no_contact,
465,2252-JHJGE,0.22264458435410442,104.0,374.4,-11.160466904455827,0.3418803418803419,no_contact,
466,3567-PQTSO,0.2198531928057245,105.25,378.9,-11.17440631147775,0.3378200052784376,no_contact,
467,1956-YIFGE,0.23100449070667292,100.05,360.17999999999995,-11.199200634317641,0.35537786662224446,no_contact,
468,2924-KHUVI,0.22931252392464221,100.55,361.98,-11.248363147439502,0.35361069672357587,no_contact,
469,5440-VHLUL,0.21827712949070666,105.2,378.71999999999997,-11.333521379819896,0.33798056611744826,no_contact,
470,5140-FOMCQ,0.20873027104565925,109.15,392.93999999999994,-11.495381823829668,0.32574947829185125,no_contact,
471,2480-SQIOB,0.508247341451618,44.8,161.28,-11.507467192670763,0.7936507936507936,no_contact,
472,6338-AVWCY,0.5595838455506338,40.15,144.54,-11.779437741027849,0.8855680088556801,no_contact,
473,2108-YKQTY,0.44246866133340096,50.7,182.52,-11.810154983356913,0.7012930089853167,no_contact,
474,2485-ITVKB,0.6377730842096174,35.1,126.35999999999999,-11.85274826981819,1.0129787907565686,no_contact,
475,6402-EJMWF,0.40461405287491825,55.3,199.07999999999998,-11.862358588415319,0.6429576049829215,no_contact,
476,2307-FYNNL,0.2046757906323775,109.05,392.5799999999999,-11.912094528385314,0.3260481939986755,no_contact,
477,9048-JVYVF,0.32124927607296594,69.35,249.65999999999997,-11.949226433905835,0.5126972682848675,no_contact,
478,5207-PLSTK,0.4561364564811366,48.75,175.5,-11.987012971890131,0.7293447293447294,no_contact,
479,7623-TRNQN,0.4423233807580023,49.9,179.64,-12.135256970158117,0.7125361834780674,no_contact,
480,0422-UXFAP,0.22154412322717962,98.85,355.85999999999996,-12.290327077093966,0.35969201371325804,no_contact,
481,8757-TFHHJ,0.4373008064496779,49.8,179.27999999999997,-12.400177854925438,0.7139669790272201,no_contact,
482,0365-TRTPY,0.23746219474742056,91.2,328.32,-12.509103055131721,0.38986354775828463,no_contact,
483,9979-RGMZT,0.22949653546007412,94.05,338.58,-12.574265755982026,0.3780495008565184,no_contact,
484,6583-SZVGP,0.19929617482583237,108.1,389.15999999999997,-12.61047515119477,0.32891355740569433,no_contact,
485,1357-BIJKI,0.2178810022222051,98.25,353.7,-12.733872378501513,0.36188860616341534,no_contact,
486,1541-ETJZO,0.34391949603740496,62.05,223.38,-12.793815743791122,0.5730145939654401,no_contact,
487,3587-PMCOY,0.2139311785004777,98.9,356.04,-12.957985801672478,0.35951016739692165,no_contact,
488,8160-HOWOX,0.3130220262535623,66.85,240.65999999999997,-13.167029790454428,0.5318706889387519,no_contact,
489,0327-WFZSY,0.20907124473623054,100.0,360.0,-13.18358797373925,0.35555555555555557,no_contact,
490,4937-QPZPO,0.20910203393718782,99.9,359.64,-13.199636128707443,0.35591146702257814,no_contact,
491,3680-CTHUH,0.17885828091040634,116.6,419.76,-13.23061200126196,0.30493615399275775,no_contact,
492,2001-MCUUW,0.18999882308620433,108.65,391.14,-13.420965084515512,0.327248555504423,no_contact,
493,6559-RAKOZ,0.20998622935103003,97.95,352.62,-13.488663951559946,0.362996993931144,no_contact,
494,7055-HNEOJ,0.36702682914688234,55.8,200.88,-13.56791264024357,0.6371963361210673,no_contact,
495,4402-FTBXC,0.22716412128588173,89.8,323.28,-13.64059571767504,0.3959415986142044,no_contact,
496,9537-VHDTA,0.3974219298469926,51.2,184.32,-13.686797472650582,0.6944444444444444,no_contact,
497,2293-IJWPS,0.20156490621651868,100.75,362.7,-13.723102128817168,0.3529087400055142,no_contact,
498,7251-XFOIL,0.2247756169576434,89.2,321.12,-13.955013470640388,0.39860488290981566,no_contact,
499,3677-IYRBF,0.657791279086252,30.4,109.44,-14.002830604200145,1.1695906432748537,no_contact,
500,8601-QACRS,0.39248347254406796,50.6,182.16,-14.126302660343146,0.7026789635485288,no_contact,
501,1360-JYXKQ,0.19981213991297242,99.1,356.76,-14.17875524116199,0.35878461710954146,no_contact,
502,1110-KYLGQ,0.18274174801342033,108.25,389.70000000000005,-14.196385199792523,0.32845778804208364,no_contact,
503,7851-FLGGQ,0.44261457029631285,44.65,160.74,-14.213533492642668,0.7963170337190494,no_contact,
504,0058-EVZWM,0.21982601282958428,89.8,323.28,-14.233661643112999,0.3959415986142044,no_contact,
505,1217-VASWC,0.19568237267545419,100.55,361.98,-14.291723684734773,0.35361069672357587,no_contact,
506,0096-BXERS,0.3895003592886379,50.35,181.26,-14.349791218835374,0.7061679355621759,no_contact,
507,9732-KPKBW,0.36120137858545337,53.95,194.21999999999997,-14.461867062783313,0.6590464421789723,no_contact,
508,7881-EVUAD,0.455245709400665,42.6,153.35999999999999,-14.545879501578504,0.8346374543557643,no_contact,
509,3858-XHYJO,0.18334901248345314,105.75,380.7,-14.549757736887347,0.3362227475702653,no_contact,
510,1360-XFJMR,0.1765980880413062,109.7,394.91999999999996,-14.56447076768184,0.3241162767142713,no_contact,
511,7879-CGSFV,0.19136101639343073,100.9,363.24,-14.622506101312556,0.3523840986675476,no_contact,
512,7124-UGSUR,0.18432162533233074,104.4,375.84000000000003,-14.681140083774203,0.3405704555129842,no_contact,
513,8450-JOVAH,0.3358000643200232,56.7,204.12,-14.864122717749215,0.62708210856359,no_contact,
514,6257-RJOHI,0.37407285623307135,50.8,182.88,-14.897389013023979,0.699912510936133,no_contact,
515,2971-SGAFL,0.24036830413810586,78.75,283.5,-14.963896444211748,0.4514991181657848,no_contact,
516,2165-VOEGB,0.17964177984036966,105.2,378.71999999999997,-14.9915162847138,0.33798056611744826,no_contact,
517,3780-YVMFA,0.2743406115796479,68.55,246.77999999999997,-15.074555968593625,0.5186806062079585,no_contact,
518,3729-OWRVL,0.1701700925672657,110.35,397.26,-15.099557256682008,0.3222071187635302,no_contact,
519,4581-LNWUM,0.38112316928087314,49.15,176.94,-15.141016606860578,0.7234090652198485,no_contact,
520,2041-JIJCI,0.2926439661019757,64.0,230.39999999999998,-15.143707552526202,0.5555555555555556,no_contact,
521,6284-KMNUF,0.1899158965480756,98.0,352.79999999999995,-15.249417924459735,0.36281179138322,no_contact,
522,3325-FUYCG,0.17154030644855678,106.1,381.96,-15.619616137227315,0.3351136244632946,no_contact,
523,0742-MOABM,0.36142326120410817,50.05,180.17999999999998,-15.719689199060948,0.7104007104007105,no_contact,
524,0749-IRGQE,0.398865947876597,45.3,163.07999999999998,-15.738235305071143,0.7848908511160168,no_contact,
525,1809-DMJHQ,0.3896346746796186,46.0,165.6,-15.869124468263792,0.7729468599033816,no_contact,
526,1575-KRZZE,0.32458481057328026,55.2,198.71999999999997,-15.874626610719439,0.6441223832528181,no_contact,
527,6270-OMFIW,0.18953985023197595,94.4,339.84000000000003,-15.896694324291321,0.3766478342749529,no_contact,
528,6874-SGLHU,0.18394553867130145,97.0,349.2,-15.941554473995385,0.36655211912943875,no_contact,
529,7067-KSAZT,0.16782022103534522,106.25,382.5,-15.952191363495114,0.33464052287581697,no_contact,
530,5027-YOCXN,0.161837441208437,110.05,396.18,-15.970810635510357,0.32308546620223133,no_contact,
531,2720-FVBQP,0.3631580342239356,48.95,176.22,-16.001072802264517,0.7263647713085916,no_contact,
532,5759-RCVCB,0.5015603064013816,35.2,126.72,-16.11056949320423,1.0101010101010102,no_contact,
533,7129-ACFOG,0.3218287070669635,53.8,193.67999999999995,-16.417054003817633,0.6608839322593971,no_contact,
534,0516-OOHAR,0.17170496107401112,100.35,361.26,-16.492466440600687,0.3543154514753917,no_contact,
535,5469-CTCWN,0.1621876130513523,106.0,381.59999999999997,-16.527301714900993,0.33542976939203356,no_contact,
536,7134-MJPDY,0.16689139988338333,102.85,370.26,-16.55169756979462,0.34570301949981097,no_contact,
537,2480-EJWYP,0.1745401522455988,97.8,352.0799999999999,-16.636975799342395,0.36355373778686667,no_contact,
538,0013-MHZWF,0.24533273365019323,69.4,249.84,-16.67651745620893,0.5123278898495037,no_contact,
539,1768-ZAIFU,0.6728821186668957,25.2,90.72,-16.739033548634804,1.4109347442680775,no_contact,
540,9701-CDXHR,0.245203207417806,69.15,248.94,-16.739778386352846,0.5141801237245923,no_contact,
541,8650-RHRKE,0.5701819505594931,29.65,106.74,-16.78469464931993,1.1991755667978266,no_contact,
542,7733-UDMTP,0.3064135526804966,55.0,198.0,-16.83252914231542,0.6464646464646465,no_contact,
543,4570-QHXHL,0.3850754319230562,43.75,157.5,-16.83765486802966,0.8126984126984127,no_contact,
544,4256-ZWTZI,0.3284294160944606,51.0,183.6,-16.92508980126426,0.6971677559912854,no_contact,
545,6331-LWDTQ,0.23031204047459075,72.15,259.74,-17.044687651782446,0.49280049280049276,no_contact,
546,4753-PADAS,0.15638853114982113,105.7,380.52,-17.122759031717518,0.3363817933354357,no_contact,
547,2391-SOORI,0.33411205643294356,49.35,177.66,-17.160413013530814,0.7204773162219971,no_contact,
548,9139-WQQDY,0.16349126798102256,100.45,361.62,-17.219571918175653,0.3539627233007024,no_contact,
549,6128-AQBMT,0.30332434841419326,53.95,194.21999999999997,-17.27208626274885,0.6590464421789723,no_contact,
550,2522-AHJXR,0.14838793632257033,109.45,394.02,-17.383046332545213,0.32485660626364143,no_contact,
551,4468-YDOVK,0.3321567850304907,48.65,175.14,-17.456515167439967,0.7308438963115222,no_contact,
552,0430-IHCDJ,0.3267318584313144,49.0,176.39999999999998,-17.591125043179034,0.72562358276644,no_contact,
553,7426-WEIJX,0.19762273795539972,80.95,291.42,-17.602195426259353,0.43922860476288517,no_contact,
554,6317-YPKDH,0.5324349722470089,29.95,107.82,-17.648215323081878,1.1871637915043591,no_contact,
555,0616-ATFGB,0.6356991327070952,25.05,90.17999999999999,-17.66816305311854,1.4193834553115992,no_contact,
556,9842-EFSYY,0.2778696647876915,57.2,205.92000000000002,-17.695269656729643,0.6216006216006216,no_contact,
557,8819-ZBYNA,0.14434443931241506,109.1,392.76,-17.826819503913967,0.32589876769528464,no_contact,
558,1024-GUALD,0.6305489234408295,24.8,89.28,-17.926148028800686,1.4336917562724014,no_contact,
559,3756-VNWDH,0.15421418133050113,100.75,362.7,-18.016629107856808,0.3529087400055142,no_contact,
560,1444-VVSGW,0.1340832340444487,115.65,416.34000000000003,-18.043946584483557,0.30744103377047605,no_contact,
561,3604-WLABM,0.2852227062958123,54.25,195.29999999999998,-18.074001365106966,0.6554019457245265,no_contact,
562,2995-UPRYS,0.15579366880771145,99.2,357.12,-18.09074124884752,0.35842293906810035,no_contact,
563,0015-UOCOJ,0.3197835599794469,48.2,173.52,-18.127789168091592,0.7376671277086214,no_contact,
564,9638-JIQYA,0.6082946496551059,24.9,89.63999999999999,-18.36811690122908,1.4279339580544401,no_contact,
565,5630-AHZIL,0.23411487995823,64.5,232.2,-18.40963121842475,0.5512489233419466,no_contact,
566,0959-WHOKV,0.15238332219998793,99.0,356.4,-18.422645991981078,0.3591470258136925,no_contact,
567,9907-SWKKF,0.6006456458375481,25.05,90.17999999999999,-18.45844391459248,1.4193834553115992,no_contact,
568,9254-RBFON,0.15238047281074554,98.6,354.96,-18.47775684277444,0.3606040117196304,no_contact,
569,4016-BJKTZ,0.13795431385979676,108.9,392.04,-18.47909769860132,0.3264972961942659,no_contact,
570,1346-PJWTK,0.15819881641415998,94.15,338.94,-18.595023291146155,0.37764796129108397,no_contact,
571,0823-HSCDJ,0.30202894914153516,49.15,176.94,-18.639749434724195,0.7234090652198485,no_contact,
572,6158-HDPXZ,0.5855361790515173,25.35,91.26,-18.640992074939632,1.4025860179706333,no_contact,
573,5600-PDUJF,0.29892650207563515,49.5,178.2,-18.682824332530455,0.718294051627385,no_contact,
574,5949-EBSQK,0.24011750300750404,61.45,221.21999999999997,-18.72030149616999,0.5786095289756804,no_contact,
575,7470-MCQTK,0.30260950566887185,48.75,175.5,-18.723007938778245,0.7293447293447294,no_contact,
576,5480-HPRRX,0.5829937768674278,25.3,91.08,-18.72523170072867,1.4053579270970575,no_contact,
577,2988-PLAHS,0.20646588208428038,69.95,251.82,-19.00194039338413,0.5082995790644111,no_contact,
578,8433-WPJTV,0.13664505236908395,103.9,374.04,-19.22232115296696,0.3422093893701208,no_contact,
579,2001-EWBQU,0.1355263013346521,104.7,376.92,-19.22935662523573,0.33959460893558313,no_contact,
580,8993-PHFWD,0.5600247994649519,25.25,90.89999999999999,-19.27343643215897,1.4081408140814082,no_contact,
581,1205-WNWPJ,0.23761787440170812,59.5,214.2,-19.275562825788533,0.5975723622782446,no_contact,
582,7572-KPVKK,0.13545980661570736,104.05,374.5799999999999,-19.31486640947209,0.34171605531528654,no_contact,
583,5236-PERKL,0.12413461808433505,112.95,406.62,-19.38109539863692,0.31479022182873445,no_contact,
584,6473-ULUHT,0.16335224508057292,84.9,305.64000000000004,-19.518254953393424,0.41879335165554243,no_contact,
585,1470-PSXNM,0.1474460639273475,93.65,337.14000000000004,-19.572508501883515,0.3796642344426647,no_contact,
586,1436-ZMJAN,0.20322239632762562,67.8,244.07999999999998,-19.599369376088283,0.5244182235332678,no_contact,
587,1131-SUEKT,0.13924507291328556,98.45,354.42,-19.662190314518334,0.36115343377913206,no_contact,
588,5574-NXZIU,0.12533431604633474,109.2,393.12,-19.68214341896622,0.3256003256003256,no_contact,
589,9227-LUNBG,0.5544153837146353,24.6,88.56,-19.725243404557975,1.4453477868112015,no_contact,
590,4619-EVPHY,0.14871764268106502,91.0,327.6,-19.820025064420776,0.3907203907203907,no_contact,
591,5445-PZWGX,0.1322839978787743,102.0,367.2,-19.85632899472852,0.3485838779956427,no_contact,
592,3237-AJGEH,0.43525637566399683,31.0,111.6,-19.85634711897449,1.1469534050179213,no_contact,
593,4226-KKDON,0.20222303114815557,66.65,239.94,-19.869651476577886,0.5334667000083354,no_contact,
594,9572-WUKSB,0.450757675790277,29.9,107.63999999999999,-19.87011094448365,1.1891490152359718,no_contact,
595,0778-NELLA,0.38700444296195813,34.7,124.92,-19.913851246298048,1.0246557796990075,no_contact,
596,4640-UHDOS,0.23993755135979758,55.95,201.42000000000002,-19.91794460127739,0.6354880349518419,no_contact,
597,6542-LWGXJ,0.5356246555407577,25.0,90.0,-19.948445250332952,1.4222222222222223,no_contact,
598,3466-WAESX,0.19345368774948443,69.1,248.75999999999996,-19.969115158859566,0.5145521788068822,no_contact,
599,7803-XOCCZ,0.15859769495795256,84.05,302.58,-20.00287736490568,0.42302862053010776,no_contact,
600,6993-YCOBK,0.12012994388818844,110.6,398.15999999999997,-20.042265385369724,0.32147880249146077,no_contact,
601,2748-MYRVK,0.13264994790265947,99.9,359.64,-20.073443184071888,0.35591146702257814,no_contact,
602,6383-ZTSIW,0.13196857082725014,99.1,356.76,-20.229723167917562,0.35878461710954146,no_contact,
603,4690-LLKUA,0.2893314548450767,45.05,162.17999999999998,-20.269056163306367,0.7892465162165496,no_contact,
604,1310-QRITU,0.2564897605981826,50.3,181.07999999999998,-20.388708537720273,0.7068698917605479,no_contact,
605,9844-FELAJ,0.11945602540871192,107.9,388.43999999999994,-20.39962537255999,0.3295232210894862,no_contact,
606,5402-HTOTQ,0.23051755101974147,55.3,199.07999999999998,-20.527141485747467,0.6429576049829215,no_contact,
607,1370-GGAWX,0.13442691473142168,94.15,338.94,-20.609335380232984,0.37764796129108397,no_contact,
608,9481-SFCQY,0.2115641620729808,59.8,215.27999999999997,-20.613616797232176,0.5945745076179859,no_contact,
609,2782-LFZVW,0.21248140428527543,58.95,212.21999999999997,-20.726799095644715,0.6031476769390256,no_contact,
610,4184-VODJZ,0.13665657667066963,91.35,328.85999999999996,-20.764779549020897,0.3892233777291249,no_contact,
611,2257-BOVXD,0.18727916199890857,66.6,239.75999999999996,-20.774487029785423,0.5338672005338673,no_contact,
612,3865-ZYKAD,0.14665258890209829,84.9,305.64000000000004,-20.79427568199067,0.41879335165554243,no_contact,
613,4627-MIHJH,0.11277953305281539,110.25,396.9,-20.809450832834393,0.3224993701184178,no_contact,
614,1816-FLZDK,0.42584346010353263,29.15,104.94,-20.82799682418382,1.219744615971031,no_contact,
615,5351-QESIO,0.5126991534587165,24.2,87.12,-20.833412437669153,1.4692378328741964,no_contact,
616,2659-VXMWZ,0.11139755403203307,111.3,400.68,-20.841307012611246,0.3194569232305081,no_contact,
617,9327-QSDED,0.2838562635587078,43.55,156.78,-20.874253749816447,0.8164306671769358,no_contact,
618,6704-UTUKK,0.2690645011267769,45.9,165.24,-20.884945458452847,0.7746308399903171,no_contact,
619,5014-WUQMG,0.12768510285275128,96.1,345.96,-20.956515454265542,0.36998496936061975,no_contact,
620,0431-APWVY,0.13559676304111268,90.1,324.35999999999996,-21.004458484996174,0.3946232581082748,no_contact,
621,4672-FOTSD,0.1813527018876547,67.25,242.10000000000002,-21.0236277182497,0.5287071458075175,no_contact,
622,2478-EEWWM,0.27521590712641913,44.3,159.48,-21.02714178286967,0.8026084775520442,no_contact,
623,1100-DDVRV,0.24478769884509313,49.8,179.27999999999997,-21.02861533776293,0.7139669790272201,no_contact,
624,1174-FGIFN,0.1347421420812226,90.45,325.62,-21.031315923878076,0.3930962471592654,no_contact,
625,2250-IVBWA,0.15001444983830223,81.05,291.78,-21.057195956545044,0.43868668174652137,no_contact,
626,2309-OSFEU,0.35859338790602086,33.9,122.03999999999999,-21.059315734987305,1.0488364470665357,no_contact,
627,8455-HIRAQ,0.27063266967506394,44.45,160.02,-21.173340049649067,0.7999000124984377,no_contact,
628,5482-NUPNA,0.19803109897208734,60.4,217.43999999999997,-21.23502945987733,0.5886681383370126,no_contact,
629,4695-VADHF,0.20620901411798576,57.45,206.82,-21.337962925029547,0.6188956580601489,no_contact,
630,5186-EJEGL,0.1704439317427162,69.5,250.2,-21.338732069493105,0.5115907274180655,no_contact,
631,7876-BEUTG,0.2422113972822162,48.8,175.67999999999998,-21.362075431365064,0.7285974499089254,no_contact,
632,0701-TJSEF,0.1729399518138811,68.25,245.7,-21.377163459832353,0.520960520960521,no_contact,
633,3096-WPXBT,0.11663506323449681,100.7,362.52,-21.429364219057554,0.35308396778108797,no_contact,
634,9700-ISPUP,0.17889669582151668,65.5,235.79999999999998,-21.45403978132159,0.5428329092451231,no_contact,
635,1465-LNTLJ,0.18170215481696136,64.4,231.84,-21.46854310680892,0.5521048999309869,no_contact,
636,2195-VVRJF,0.19779912662544086,59.1,212.76,-21.479064454792802,0.6016168452716676,no_contact,
637,6734-FQAJX,0.11126593337468654,105.05,378.17999999999995,-21.480362329090262,0.3384631656882966,no_contact,
638,5198-EFNBM,0.12868035947998743,90.65,326.34000000000003,-21.501612871825223,0.39222896365753507,no_contact,
639,6854-EXGSF,0.17783125659097507,65.5,235.79999999999998,-21.51684742396202,0.5428329092451231,no_contact,
640,0870-VEMYL,0.21567011698047978,53.85,193.86,-21.547547780541045,0.6602702981533065,no_contact,
641,9089-UOWJG,0.19792476185208405,58.35,210.06,-21.605981131337806,0.609349709606779,no_contact,
642,5514-YQENT,0.10380417761469107,111.15,400.14,-21.61594909231438,0.31988803918628483,no_contact,
643,9381-NDKME,0.28352568858558236,40.65,146.33999999999997,-21.627212683096474,0.874675413420801,no_contact,
644,9909-DFRJA,0.11932345488314755,95.85,345.06,-21.70656216450528,0.370949979713673,no_contact,
645,7789-CRUVC,0.12123666703732934,94.2,339.12,-21.721555368575217,0.377447511205473,no_contact,
646,1936-UAFEH,0.10334100409813911,110.25,396.9,-21.745988868362147,0.3224993701184178,no_contact,
647,0719-SYFRB,0.18463670115916034,61.65,221.93999999999997,-21.75543263618399,0.576732450211769,no_contact,
648,4190-MFLUW,0.2060052242677329,55.2,198.71999999999997,-21.76566045837903,0.6441223832528181,no_contact,
649,9103-TCIHJ,0.20307690309222556,55.7,200.52,-21.81975484798673,0.6383403151805306,no_contact,
650,9163-GHAYE,0.23103020917984995,48.85,175.85999999999999,-21.8427568534079,0.727851700216081,no_contact,
651,8166-ORCHU,0.12046637980151383,93.55,336.78,-21.857333152611545,0.38007007542015564,no_contact,
652,0048-LUMLS,0.12337555708445609,91.2,328.32,-21.873334274507844,0.38986354775828463,no_contact,
653,1848-LBZHY,0.2235198363140117,50.3,181.07999999999998,-21.88125701006469,0.7068698917605479,no_contact,
654,7036-TYDEC,0.10797875170591142,104.0,374.4,-21.893188840326694,0.3418803418803419,no_contact,
655,2606-RMDHZ,0.3659564626689,30.5,109.80000000000001,-21.954495099738693,1.1657559198542804,no_contact,
656,1150-WFARN,0.10233743359615173,108.75,391.5,-21.98372368677665,0.3269476372924649,no_contact,
657,8089-UZWLX,0.10671081987532072,104.05,374.5799999999999,-22.00706527277559,0.34171605531528654,no_contact,
658,2972-YDYUW,0.11661366585075299,94.7,340.92,-22.06101725954032,0.3754546521177989,no_contact,
659,6366-XIVKZ,0.17414087521364133,63.15,227.34,-22.102703357232695,0.5630333421307293,no_contact,
660,5921-NGYRH,0.14948454806727526,73.55,264.78,-22.104870340686716,0.48342019790014357,no_contact,
661,6483-OATDN,0.21361370898210263,51.3,184.67999999999998,-22.137455056296325,0.6930907515702838,no_contact,
662,4003-FUSHP,0.1778349888803926,61.55,221.57999999999998,-22.148830790970653,0.5776694647531366,no_contact,
663,3639-XJHKQ,0.18025106542115302,60.6,218.16,-22.169106891930312,0.5867253392005868,no_contact,
664,4377-VDHYI,0.1196462299403473,90.8,326.88,-22.22251008927482,0.39158100832109644,no_contact,
665,9972-VAFJJ,0.11550127454939037,94.0,338.4,-22.228592173121577,0.3782505910165485,no_contact,
666,3173-NVMPX,0.19525609754067028,55.3,199.07999999999998,-22.28210402540084,0.6429576049829215,no_contact,
667,3594-KADLU,0.30403472919586344,35.1,126.35999999999999,-22.395542904702673,1.0129787907565686,no_contact,
668,2019-HDCZY,0.10367114612618748,102.6,369.35999999999996,-22.42700636670785,0.3465453757851419,no_contact,
669,6890-PFRQX,0.15249868334623676,69.5,250.2,-22.461207356692892,0.5115907274180655,no_contact,
670,7663-CUXZB,0.09308874521486127,113.75,409.5,-22.470039708628576,0.3125763125763126,no_contact,
671,6543-CPZMK,0.3530060139267059,29.95,107.82,-22.484722894605646,1.1871637915043591,no_contact,
672,1335-NTIUC,0.4229559547597404,24.95,89.82,-22.50252403587003,1.4250723669561347,no_contact,
673,7130-CTCUS,0.19290219283747734,54.55,196.38,-22.529466842644048,0.6517975353905693,no_contact,
674,9402-ROUMJ,0.10489454264558774,100.25,360.9,-22.535889889801844,0.3546688833471876,no_contact,
675,1261-FWTTE,0.30258397314217045,34.65,124.74,-22.563918797561413,1.0261343594676928,no_contact,
676,9405-GPBBG,0.09423310828614119,110.5,397.79999999999995,-22.628517380943258,0.32176973353443944,no_contact,
677,7669-LCRSD,0.18355963437790312,56.3,202.67999999999995,-22.69903332607165,0.6315373988553387,no_contact,
678,6497-TILVL,0.20249812802935063,50.7,182.52,-22.76001041802073,0.7012930089853167,no_contact,
679,0440-UEDAI,0.10869379486942525,94.45,340.02,-22.760483967124507,0.3764484442091642,no_contact,
680,1629-DQQVB,0.2047572862157622,50.1,180.35999999999999,-22.767493964531283,0.7096917276557996,no_contact,
681,9097-ZUBYC,0.20924622735428403,48.8,175.67999999999998,-22.80990569459985,0.7285974499089254,no_contact,
682,7054-ENNGU,0.2004463376722593,50.85,183.06,-22.82657335642905,0.699224298044357,no_contact,
683,2778-OCLGR,0.26024531374396226,39.1,140.76,-22.84196740934997,0.909349246945155,no_contact,
684,9128-CPXKI,0.10570140337641316,95.8,344.88,-22.88642500088566,0.3711435861749014,no_contact,
685,1240-KNSEZ,0.5007370694052243,20.1,72.36,-22.94166641445949,1.7689331122166942,no_contact,
686,8495-PRWFH,0.1806368791438491,55.65,200.34,-22.952801908080318,0.6389138464610162,no_contact,
687,9820-RMCQV,0.2070471609746042,48.55,174.77999999999997,-22.95307430121467,0.7323492390433689,no_contact,
688,3179-GBRWV,0.15414074975909037,64.95,233.82,-22.989702472832374,0.547429646736806,no_contact,
689,3766-EJLFL,0.0916568088499301,109.05,392.5799999999999,-23.00434249542361,0.3260481939986755,no_contact,
690,8930-XOTDP,0.17566576605588421,55.95,201.42000000000002,-23.15435035025595,0.6354880349518419,no_contact,
691,2432-TFSMK,0.10940073135170203,89.6,322.56,-23.17792502379875,0.3968253968253968,no_contact,
692,2369-FEVNO,0.491009529675501,19.9,71.64,-23.206019323511775,1.7867113344500278,no_contact,
693,3948-FVVRP,0.17826933820512345,54.8,197.27999999999997,-23.207756239723313,0.6488240064882401,no_contact,
694,6946-LMSQS,0.10956779824490502,89.05,320.58,-23.218688809662087,0.39927631168507083,no_contact,
695,2798-NYLMZ,0.08960736222601358,108.55,390.78,-23.245808747329605,0.32755002814883055,no_contact,
696,5240-CAOYT,0.11002295489161246,87.55,315.17999999999995,-23.330741269315396,0.40611713941239935,no_contact,
697,6429-SHBCB,0.13811002308971795,69.6,250.56,-23.348788153660067,0.5108556832694764,no_contact,
698,4332-MUOEZ,0.10178643617496246,94.3,339.48,-23.36138516183094,0.3770472487333569,no_contact,
699,6898-MDLZW,0.1781475333780196,53.75,193.5,-23.3821130728383,0.661498708010336,no_contact,
700,3339-EAQNV,0.09845465062264318,97.25,350.09999999999997,-23.382756704253154,0.3656098257640674,no_contact,
701,7919-ZODZZ,0.14525408472820125,65.9,237.24,-23.38498023477038,0.539538020569887,no_contact,
702,3313-QKNKB,0.1118156268277698,85.55,307.98,-23.390755812395863,0.41561140333787905,no_contact,
703,0181-RITDD,0.08842144909761501,108.15,389.34000000000003,-23.393498252083642,0.3287614938100375,no_contact,
704,2758-RNWXS,0.10710570372079405,89.2,321.12,-23.401554105294654,0.39860488290981566,no_contact,
705,4524-QCSSM,0.21238284874676427,44.65,160.74,-23.46539522311128,0.7963170337190494,no_contact,
706,8591-TKMZH,0.08504076884175564,111.1,399.96,-23.496773523512854,0.32003200320032005,no_contact,
707,8985-OOPOS,0.12696579257140048,74.1,266.76,-23.532651293413302,0.4798320587794272,no_contact,
708,7395-XWZOY,0.1696288734458354,55.0,198.0,-23.603370764431148,0.6464646464646465,no_contact,
709,8158-WPEZG,0.25677760397713983,35.65,128.33999999999997,-23.76129057639347,0.9973507869721056,no_contact,
710,5951-AOFIH,0.13774853829021932,66.4,239.04000000000002,-23.76814735177649,0.535475234270415,no_contact,
711,5360-LJCNJ,0.08693316470778402,105.15,378.54,-23.773079957878856,0.3381412796534052,no_contact,
712,9107-UKCKY,0.11364493943623573,79.8,287.28,-23.83802044968955,0.44555834029518243,no_contact,
713,5473-KHBPS,0.09449711063132221,95.7,344.52,-23.86096386132422,0.3715314060141647,no_contact,
714,5438-QMDDL,0.15113210695585733,59.8,215.27999999999997,-23.86607000363576,0.5945745076179859,no_contact,
715,2323-ARSVR,0.0811778343308967,111.05,399.78,-23.88668134779853,0.3201760968532693,no_contact,
716,2828-SLQPF,0.20028760360291106,45.0,162.0,-23.8883520540821,0.7901234567901234,no_contact,
717,1741-WTPON,0.07721624625055319,115.85,417.05999999999995,-23.949048084686073,0.3069102766987964,no_contact,
718,3893-JRNFS,0.22355029389778913,39.9,143.64,-23.972308946130394,0.8911166805903649,no_contact,
719,9962-BFPDU,0.4448411724657035,20.05,72.17999999999999,-23.97284104285638,1.773344416735938,no_contact,
720,6834-NXDCA,0.373053430895456,23.9,86.03999999999999,-23.975620701438743,1.487680148768015,no_contact,
721,2446-ZKVAF,0.15651595919245653,56.8,204.48,-23.998904166081623,0.6259780907668232,no_contact,
722,4075-JFPGR,0.09350066053752404,93.5,336.6,-24.131919415767353,0.38027332144979203,no_contact,
723,4323-SADQS,0.2518766746943207,34.5,124.19999999999999,-24.179229250741344,1.030595813204509,no_contact,
724,6286-SUUWT,0.43425375088028173,19.95,71.82,-24.202973902944542,1.7822333611807297,no_contact,
725,3982-XWFZQ,0.1716229676265023,50.25,180.89999999999998,-24.238351289091433,0.7075732448866778,no_contact,
726,8749-CLJXC,0.4294195966367053,20.05,72.17999999999999,-24.251123378690654,1.773344416735938,no_contact,
727,3780-DDGSE,0.11318227304694567,76.05,273.78,-24.253239321301805,0.4675286726568778,no_contact,
728,6654-QGBZZ,0.4324524422808116,19.9,71.64,-24.254776758750666,1.7867113344500278,no_contact,
729,8671-KKKOS,0.18885230915275253,45.55,163.98,-24.25799958628291,0.7805829979265765,no_contact,
730,4945-RVMTE,0.14404803597185756,59.55,214.38,-24.279745512088294,0.5970706222595391,no_contact,
731,2294-DMMUS,0.12104643873018117,70.45,253.62,-24.325050552312863,0.5046920589858844,no_contact,
732,1852-XEMDW,0.13083549960223062,65.05,234.17999999999995,-24.34023567578741,0.546588094628064,no_contact,
733,3324-OIRTO,0.08113575801682514,104.65,376.74,-24.358228631185323,0.33975686149599194,no_contact,
734,7159-NOKYQ,0.09106484286435852,93.15,335.34000000000003,-24.365578898466502,0.38170215303870697,no_contact,
735,2770-NSVDG,0.2910472684264523,29.1,104.76,-24.377472039911215,1.221840397098129,no_contact,
736,9013-AQORL,0.1858298433196249,45.55,163.98,-24.38190557311198,0.7805829979265765,no_contact,
737,9480-BQJEI,0.09162459400388329,92.3,332.28,-24.388744976097417,0.38521728662573734,no_contact,
738,9633-DENPU,0.1437971795991639,58.6,210.95999999999998,-24.416136747940097,0.6067500948047023,no_contact,
739,6766-HFKLA,0.08162164441894246,103.2,371.52,-24.418981666368623,0.34453057708871665,no_contact,
740,1492-QGCLU,0.09799631301879545,85.7,308.52,-24.441544376860307,0.4148839621418385,no_contact,
741,0516-UXRMT,0.09068402244615704,92.05,331.38,-24.48728216044812,0.38626350413422655,no_contact,
742,9330-VOFSZ,0.07528548073241985,110.8,398.87999999999994,-24.492531861363094,0.3208985158443643,no_contact,
743,6770-XUAGN,0.3968042309212913,21.0,75.6,-24.500400035587596,1.6931216931216932,no_contact,
744,2087-QAREY,0.15228699593684933,54.7,196.92000000000002,-24.502911190028907,0.6500101564086939,no_contact,
745,8623-ULFNQ,0.12607709259789524,66.05,237.77999999999997,-24.50534723051812,0.5383127260492894,no_contact,
746,5136-RGMZO,0.11588463439268792,71.05,255.77999999999997,-24.58975705375957,0.5004300570803034,no_contact,
747,0668-OGMHD,0.2885628551536064,28.5,102.6,-24.598362765309997,1.2475633528265109,no_contact,
748,9033-EOXWV,0.11021411144248298,74.05,266.58,-24.654780542915724,0.4801560507164829,no_contact,
749,7410-KTVFV,0.16467439199927847,49.55,178.38,-24.656345488792176,0.7175692342190829,no_contact,
750,0868-VJRDR,0.07827212080298876,104.05,374.5799999999999,-24.670207247404118,0.34171605531528654,no_contact,
751,0733-VUNUW,0.1461547486374916,55.65,200.34,-24.679839414491234,0.6389138464610162,no_contact,
752,3594-UVONA,0.0944328918862511,85.95,309.42,-24.695143648139045,0.413677202507918,no_contact,
753,3571-DPYUH,0.08566143112073737,94.7,340.92,-24.699076225579553,0.3754546521177989,no_contact,
754,3976-NLDEZ,0.3903859592076689,20.6,74.16000000000001,-24.762244316289816,1.7259978425026967,no_contact,
755,4701-AHWMW,0.1469073989250021,54.55,196.38,-24.787581249777023,0.6517975353905693,no_contact,
756,0725-CXOTM,0.08924012836080486,89.65,322.74,-24.79966024320846,0.3966040775856727,no_contact,
757,3896-RCYYE,0.14950048168677485,53.4,192.24,-24.8150068501336,0.6658343736995422,no_contact,
758,5949-HGVJL,0.10850576832750053,73.05,262.98,-24.866288261308476,0.4867290288234846,no_contact,
759,2692-PFYTJ,0.30613412410061175,25.75,92.69999999999999,-24.905341673968323,1.3807982740021576,no_contact,
760,0297-RBCSG,0.1205616585956567,65.35,235.25999999999996,-24.909166049696452,0.5440788914392588,no_contact,
761,1622-HSHSF,0.4014917921050834,19.55,70.38,-24.93575191791106,1.81869849389031,no_contact,
762,9586-JGQKH,0.07446507403863799,105.4,379.44,-24.9362430766948,0.3373392367699768,no_contact,
763,8970-ANWXO,0.10632031000332672,73.75,265.5,-24.94298942352919,0.4821092278719397,no_contact,
764,0661-KBKPA,0.09906782530136021,78.75,283.5,-24.978567881766097,0.4514991181657848,no_contact,
765,3413-CSSTH,0.13900451318108842,55.7,200.52,-25.031703754232037,0.6383403151805306,no_contact,
766,4013-GUXND,0.3716702762609206,20.8,74.88,-25.042332428395568,1.7094017094017095,no_contact,
767,4211-MMAZN,0.3816891359115588,20.25,72.9,-25.043715498011842,1.755829903978052,no_contact,
768,7893-IXHRQ,0.37594055714988506,20.55,73.98,-25.046979395512874,1.7301973506353068,no_contact,
769,0289-IVARM,0.1274619941233024,60.55,217.98,-25.053958630250637,0.587209835764749,no_contact,
770,2955-PSXOE,0.3819238151810696,20.2,72.72,-25.056625040008154,1.7601760176017602,no_contact,
771,0665-XHDJU,0.07730182729467257,99.4,357.84000000000003,-25.084578530218593,0.35770176615247035,no_contact,
772,0997-YTLNY,0.15619617083645124,48.8,175.67999999999998,-25.139864176863064,0.7285974499089254,no_contact,
773,1493-AMTIE,0.3744608511682981,20.2,72.72,-25.19230172576034,1.7601760176017602,no_contact,
774,8620-RJPZN,0.3627028515211906,20.7,74.52,-25.24284587616022,1.7176596886741815,no_contact,
775,1963-VAUKV,0.3659225365398731,20.4,73.44,-25.28166222912793,1.7429193899782136,no_contact,
776,6773-LQTVT,0.2092020719082904,35.65,128.33999999999997,-25.287751522822504,0.9973507869721056,no_contact,
777,6297-NOOPG,0.06747738112305811,110.5,397.79999999999995,-25.28937444731187,0.32176973353443944,no_contact,
778,4489-SNOJF,0.10303527595592721,72.25,260.1,-25.300131180965835,0.4921184159938485,no_contact,
779,9122-UMROB,0.3655209999557496,20.3,73.08,-25.321931330808454,1.7515051997810618,no_contact,
780,8400-WZICQ,0.13296109383199492,55.7,200.52,-25.334660366202094,0.6383403151805306,no_contact,
781,2668-TZSPS,0.3599314158959966,20.45,73.62,-25.375462290434182,1.7386579733767997,no_contact,
782,4419-UJMUS,0.07346481489226882,99.35,357.65999999999997,-25.431143576407784,0.3578817871721747,no_contact,
783,4892-VLANZ,0.3671150037154076,19.8,71.28,-25.458010633791435,1.7957351290684624,no_contact,
784,4002-BQWPQ,0.08831532263701108,81.75,294.29999999999995,-25.502200136981912,0.434930343187224,no_contact,
785,2843-CQMEG,0.14493545394962518,49.7,178.92000000000002,-25.517037144833267,0.7154035323049407,no_contact,
786,1707-HABPF,0.07791358941750388,91.3,328.67999999999995,-25.597840357563708,0.38943653401484735,no_contact,
787,7239-HZZCX,0.36012134860194234,19.75,71.1,-25.598843028600477,1.8002812939521802,no_contact,
788,3930-ZGWVE,0.36012134860194234,19.75,71.1,-25.598843028600477,1.8002812939521802,no_contact,
789,7641-TQFHN,0.0706755606656274,100.55,361.98,-25.604215137564047,0.35361069672357587,no_contact,
790,9308-ANMVE,0.1278861204561403,55.3,199.07999999999998,-25.635107784897897,0.6429576049829215,no_contact,
791,5204-HMGYF,0.08098148268857801,87.2,313.92,-25.644573238600398,0.4077471967380224,no_contact,
792,4759-PXTAN,0.08809944634717222,80.1,288.35999999999996,-25.648910912832356,0.44388958246636157,no_contact,
793,7520-HQWJU,0.10418032885857127,67.45,242.82,-25.67573313664043,0.5271394448562722,no_contact,
794,9143-CANJF,0.12697691271088749,55.15,198.53999999999996,-25.697500937595102,0.6447063564017328,no_contact,
795,1136-XGEQU,0.08312202088140058,84.15,302.94,-25.704753748547127,0.42252591272199114,no_contact,
796,7629-WIXZF,0.11824703824743188,59.1,212.76,-25.7104400356191,0.6016168452716676,no_contact,
797,4378-MYPGO,0.06630072655299483,105.25,378.9,-25.719663677267565,0.3378200052784376,no_contact,
798,0895-LMRSF,0.107092872465006,64.9,233.64000000000004,-25.744705319319,0.5478513953090223,no_contact,
799,3787-TRIAL,0.26471642387382616,26.05,93.78,-25.793723442278147,1.3648965664320751,no_contact,
800,3229-USWAR,0.0858482574323869,79.95,287.82,-25.8227886364526,0.44472239594190816,no_contact,
801,0257-KXZGU,0.10977911783087109,62.45,224.82,-25.82986468231589,0.5693443643803933,no_contact,
802,7853-WNZSY,0.34572245502115656,19.75,71.1,-25.85478336199894,1.8002812939521802,no_contact,
803,6242-SGYTS,0.0715001536422155,94.95,341.82,-25.889954370504476,0.3744660932654614,no_contact,
804,5696-CEIQJ,0.06554708324243698,103.15,371.34000000000003,-25.914936527188363,0.34469758173102816,no_contact,
805,8401-EMUWF,0.09738975513184661,69.4,249.84,-25.91703589446486,0.5123278898495037,no_contact,
806,6713-OKOMC,0.22699765333320623,29.75,107.1,-25.922137832003404,1.1951447245564892,no_contact,
807,6568-POCUI,0.07090827159154799,95.2,342.71999999999997,-25.92457929003617,0.3734827264239029,no_contact,
808,2091-MJTFX,0.13169348780194148,51.2,184.32,-25.93156408208654,0.6944444444444444,no_contact,
809,6848-YLDFR,0.08897621548609035,75.2,270.71999999999997,-25.978089735901406,0.47281323877068565,no_contact,
810,6797-LNAQX,0.06798162494329879,98.3,353.88,-25.98566564126636,0.36170453260992425,no_contact,
811,2700-LUEVA,0.3220360865283541,20.75,74.69999999999999,-25.98597608408299,1.7135207496653282,no_contact,
812,9822-BIIGN,0.09168095571283418,71.85,258.65999999999997,-26.07145099882958,0.49485811489986864,no_contact,
813,9629-NHXFW,0.3383732094112326,19.4,69.83999999999999,-26.09200376367988,1.832760595647194,no_contact,
814,0440-QEXBZ,0.1303678984221305,50.15,180.53999999999996,-26.11584490471714,0.7089841586352056,no_contact,
815,5236-XMZJY,0.10928322055720528,59.65,214.74,-26.133130304386434,0.5960696656421719,no_contact,
816,0254-KCJGT,0.0798873927955982,81.4,293.04,-26.147449603794477,0.4368004368004368,no_contact,
817,0447-BEMNG,0.14339316164486357,45.3,163.07999999999998,-26.153860799738915,0.7848908511160168,no_contact,
818,1036-GUDCL,0.08210083941811318,79.05,284.58,-26.158935779598337,0.44978564902663576,no_contact,
819,9138-EFSMO,0.08220153736029592,78.95,284.21999999999997,-26.159169762864174,0.45035535852508624,no_contact,
820,1530-ZTDOZ,0.1592774582404897,40.65,146.33999999999997,-26.172834190271686,0.874675413420801,no_contact,
821,9289-LBQVU,0.09224064261458527,70.15,252.54000000000002,-26.176387028528158,0.5068503999366437,no_contact,
822,3090-QFUVD,0.3175970382978384,20.3,73.08,-26.197502110298494,1.7515051997810618,no_contact,
823,5533-RJFTJ,0.21339385889135154,30.2,108.71999999999998,-26.199954915333066,1.1773362766740252,no_contact,
824,3679-XASPY,0.3296594082470274,19.45,70.02,-26.229312058635784,1.828049128820337,no_contact,
825,6421-SZVEM,0.07731972082334859,82.85,298.26,-26.23465501680701,0.42915577013344064,no_contact,
826,5081-NWSUP,0.09862639070893298,64.9,233.64000000000004,-26.239232518691225,0.5478513953090223,no_contact,
827,1097-FSPVW,0.11560812471231093,54.55,196.38,-26.324219117249093,0.6517975353905693,no_contact,
828,3523-QRQLL,0.09073299732555122,69.5,250.2,-26.324651017286772,0.5115907274180655,no_contact,
829,7838-LAZFO,0.07923409113725034,78.8,283.67999999999995,-26.380718256546206,0.4512126339537508,no_contact,
830,9115-YQHGA,0.12160405608366942,51.1,183.96,-26.407429460712045,0.6958034355294629,no_contact,
831,2533-QVMSK,0.06591960218680203,94.1,338.76,-26.417268890799736,0.37784862439485184,no_contact,
832,3442-ZHHCC,0.0804649096255632,76.9,276.84000000000003,-26.43102360481477,0.46236093050137256,no_contact,
833,2368-GAKKQ,0.054384624186108545,113.65,409.14,-26.43726871512389,0.3128513467272816,no_contact,
834,9931-KGHOA,0.1122116114825084,55.0,198.0,-26.445525231615832,0.6464646464646465,no_contact,
835,4785-QRJHC,0.10279266701774185,59.9,215.64,-26.458447321073535,0.5935818957521796,no_contact,
836,7471-MQPOS,0.08439289547589375,72.9,262.44,-26.46298212782661,0.4877305288827923,no_contact,
837,8190-ZTQFB,0.11979216993129464,51.35,184.85999999999999,-26.463804866625217,0.6924158822893001,no_contact,
838,1559-DTODC,0.24351274625457112,25.15,90.53999999999999,-26.488088988527785,1.4137397835210959,no_contact,
839,8024-XNAFQ,0.056466635748515036,107.4,386.64,-26.541934988548537,0.33105731429753776,no_contact,
840,0377-JBKKT,0.10454837644652915,57.95,208.62,-26.547279426431274,0.6135557472917266,no_contact,
841,4701-MLJPN,0.10853790870439028,55.25,198.89999999999998,-26.602952489674195,0.6435394670688789,no_contact,
842,0484-FFVBJ,0.09228345488345446,64.85,233.45999999999998,-26.61387615572718,0.5482737942259917,no_contact,
843,4667-OHGKG,0.30794684231388986,19.3,69.48,-26.650963349007732,1.842256764536557,no_contact,
844,6682-QJDGB,0.10721443977596362,55.25,198.89999999999998,-26.66876198214021,0.6435394670688789,no_contact,
845,2155-AMQRX,0.10696024840463954,54.9,197.64,-26.71509412632676,0.6476421776968225,no_contact,
846,5161-XEUVX,0.06204124006452821,94.3,339.48,-26.73455995572349,0.3770472487333569,no_contact,
847,4905-JEFDW,0.14052442293754014,41.6,149.76,-26.738765605218497,0.8547008547008548,no_contact,
848,4304-TSPVK,0.0508445852910189,114.9,413.64,-26.742161435055735,0.30944782903007445,no_contact,
849,8782-NUUOL,0.07352055586429444,79.0,284.4,-26.772688478048664,0.45007032348804504,no_contact,
850,4700-UBQMV,0.07634566849770909,75.9,273.24,-26.784827384921492,0.46845264236568585,no_contact,
851,5524-KHNJP,0.07724880537053824,74.75,269.1,-26.803086618697037,0.4756596060943887,no_contact,
852,9412-ARGBX,0.05924272583026529,95.5,343.79999999999995,-26.908087714888698,0.3723094822571263,no_contact,
853,1395-OFUWC,0.1928147217825085,29.3,105.47999999999999,-26.915475786595252,1.2135001896094046,no_contact,
854,7691-XVTZH,0.06278366324690053,89.95,323.82,-26.91734854184717,0.3952813291334692,no_contact,
855,7690-KPNCU,0.07685401448734643,73.05,262.98,-26.94723281752941,0.4867290288234846,no_contact,
856,8646-JCOMS,0.061965085372618765,90.55,325.98,-26.950155367558434,0.3926621265108289,no_contact,
857,6519-ZHPXP,0.051755710499160286,108.3,389.87999999999994,-26.955370897646848,0.3283061454806608,no_contact,
858,7750-EYXWZ,0.09166720966999303,60.65,218.34,-26.99634536016343,0.5862416414765961,no_contact,
859,6445-TNRXS,0.04830631412366356,114.7,412.91999999999996,-27.01333919301421,0.30998740676160036,no_contact,
860,0134-XWXCE,0.07387138969384362,74.85,269.46,-27.023653833274224,0.47502412231871155,no_contact,
861,5018-LXQQG,0.0833818101416124,66.3,238.67999999999995,-27.02460738884999,0.5362828892240659,no_contact,
862,6968-URWQU,0.09802279170408795,56.35,202.86,-27.028774118727178,0.6309770284925564,no_contact,
863,9039-RBEEE,0.11257799301075022,48.95,176.22,-27.040376517911398,0.7263647713085916,no_contact,
864,0743-HRVFF,0.09796800713971765,56.15,202.14,-27.04918675919437,0.6332244978727615,no_contact,
865,5155-AZQPB,0.11012783497039319,49.9,179.64,-27.05415893147964,0.7125361834780674,no_contact,
866,7375-WMVMT,0.05745473698715022,95.5,343.79999999999995,-27.06176535595444,0.3723094822571263,no_contact,
867,1194-SPVSP,0.27922797494544654,19.65,70.74,-27.06185326308978,1.8094430308170768,no_contact,
868,9715-WZCLW,0.05642382843690915,97.2,349.92,-27.064043488339188,0.36579789666209417,no_contact,
869,4973-RLZVI,0.0731685111242076,74.65,268.74,-27.084173580120112,0.4762967924387884,no_contact,
870,6075-QMNRR,0.10940298196947862,49.75,179.1,-27.101481482316593,0.7146845337800112,no_contact,
871,3794-NFNCH,0.10861252732903597,50.0,180.0,-27.11243627019338,0.7111111111111111,no_contact,
872,6374-NTQLP,0.05205567842602445,104.1,374.76,-27.12290348826577,0.3415519265663358,no_contact,
873,6726-NNFWD,0.06057117368702623,89.45,322.02,-27.123717662325955,0.3974908390783181,no_contact,
874,4981-FLTMF,0.08242637552006511,65.2,234.71999999999997,-27.16322028448258,0.5453306066803,no_contact,
875,2930-UOTMB,0.08216003582451037,65.25,234.89999999999998,-27.17515189620563,0.5449127288207749,no_contact,
876,4353-HYOJD,0.10709252592298914,49.85,179.46,-27.195293824465093,0.7132508637022177,no_contact,
877,2969-WGHQO,0.0767672378294414,69.45,250.02,-27.201663799470765,0.5119590432765379,no_contact,
878,4819-HJPIW,0.2109381096384745,25.15,90.53999999999999,-27.22541588833313,1.4137397835210959,no_contact,
879,0106-UGRDO,0.04572791821479651,116.0,417.59999999999997,-27.226005338375245,0.30651340996168586,no_contact,
880,4501-UYKBC,0.07666648528009809,69.1,248.75999999999996,-27.2321112804307,0.5145521788068822,no_contact,
881,3733-UOCWF,0.061009753379291286,85.55,307.98,-27.302554038561468,0.41561140333787905,no_contact,
882,0076-LVEPS,0.11561144559647381,45.0,162.0,-27.31773645334281,0.7901234567901234,no_contact,
883,5049-MUBWG,0.06930077532974933,75.0,270.0,-27.32219766524192,0.4740740740740741,no_contact,
884,5061-PBXFW,0.0843539485496761,61.4,221.03999999999996,-27.3386008031449,0.5790807093738691,no_contact,
885,4079-VTGLK,0.06869232814401183,74.85,269.46,-27.372541314578644,0.47502412231871155,no_contact,
886,0727-BNRLG,0.052410539422044156,97.65,351.54,-27.393899742893648,0.3641121920691813,no_contact,
887,9972-NKTFD,0.0933938827537597,54.65,196.74,-27.40642187675633,0.6506048592050422,no_contact,
888,8741-LQOBK,0.14514212064816795,35.05,126.17999999999998,-27.421491804153543,1.0144238389602158,no_contact,
889,9777-IQHWP,0.05445866891639662,93.4,336.24,-27.4222042908877,0.3806804663335712,no_contact,
890,6900-RBKER,0.056861625219770125,89.45,322.02,-27.422354861682408,0.3974908390783181,no_contact,
891,3396-DKDEL,0.04386815523171544,115.15,414.54,-27.45372373256117,0.30877599266657013,no_contact,
892,1090-ESELR,0.04765315176610308,105.5,379.79999999999995,-27.475333239808513,0.33701948393891523,no_contact,
893,2212-LYASK,0.10952833367909774,45.85,165.06,-27.480313310732033,0.77547558463589,no_contact,
894,9378-FXTIZ,0.07156068579119061,70.15,252.54000000000002,-27.48201610257318,0.5068503999366437,no_contact,
895,2040-OBMLJ,0.06102638531184581,81.7,294.12,-27.512729888019976,0.43519651842785256,no_contact,
896,5766-ZJYBB,0.2559789762930206,19.4,69.83999999999999,-27.53060707392386,1.832760595647194,no_contact,
897,9917-KWRBE,0.06302303099150496,78.35,282.06,-27.555930969634026,0.45380415514429556,no_contact,
898,6194-HBGQN,0.060756028272584334,81.15,292.14000000000004,-27.562683475111804,0.43814609433833085,no_contact,
899,5446-DKWYW,0.07556771619959932,65.2,234.71999999999997,-27.565686413407512,0.5453306066803,no_contact,
900,3487-EARAT,0.06648678434550258,74.1,266.76,-27.565996351998432,0.4798320587794272,no_contact,
901,1264-FUHCX,0.08739929329430902,56.3,202.67999999999995,-27.571477808777363,0.6315373988553387,no_contact,
902,2408-PSJVE,0.07927584846504186,61.9,222.84,-27.58354248201252,0.5744031592173757,no_contact,
903,7971-HLVXI,0.057716685507776054,84.5,304.2,-27.61064606713363,0.42077580539119,no_contact,
904,5271-YNWVR,0.04277915668937272,113.15,407.34000000000003,-27.643584578537727,0.314233809593951,no_contact,
905,9220-ZNKJI,0.054219550472430524,88.8,319.67999999999995,-27.666773526243354,0.4004004004004005,no_contact,
906,6322-HRPFA,0.0797279925102488,59.6,214.56,-27.723390481750254,0.5965697240865026,no_contact,
907,9374-YOLBJ,0.24565268267541193,19.25,69.3,-27.744067272648486,1.847041847041847,no_contact,
908,1545-JFUML,0.04766938383660213,99.0,356.4,-27.752657900158752,0.3591470258136925,no_contact,
909,4137-JOPHL,0.052570317471738036,89.7,322.92,-27.755998270506588,0.39638300507865726,no_contact,
910,9926-PJHDQ,0.06089762327376114,76.8,276.48,-27.79075627931763,0.4629629629629629,no_contact,
911,9359-UGBTK,0.06430059409296371,72.35,260.46,-27.813066815636667,0.4914382246794134,no_contact,
912,2272-WUSPA,0.04176288640874668,110.75,398.70000000000005,-27.837284297208175,0.32104339102081764,no_contact,
913,7666-WKRON,0.05695240037812569,80.45,289.62,-27.876361450621808,0.4419584282853394,no_contact,
914,9351-HXDMR,0.041163925225332854,110.9,399.24,-27.89142862325953,0.3206091573990582,no_contact,
915,4877-TSOFF,0.06011351070417459,75.75,272.7,-27.901761407742896,0.4693802713604694,no_contact,
916,9565-JSNFM,0.06435112421251186,70.45,253.62,-27.919816969305685,0.5046920589858844,no_contact,
917,9866-OCCKE,0.041160551079631506,109.75,395.09999999999997,-27.9343665671094,0.32396861554036954,no_contact,
918,4751-ERMAN,0.059880516173507904,75.4,271.44,-27.936508172465754,0.4715590922487474,no_contact,
919,6968-MHOMU,0.10011787265734284,45.0,162.0,-27.945226157377615,0.7901234567901234,no_contact,
920,0164-APGRB,0.03907218278644909,114.9,413.64,-27.9595455780533,0.30944782903007445,no_contact,
921,3069-SSVSN,0.17291654856005112,25.85,93.06,-27.97709649775041,1.3754566946056308,no_contact,
922,3301-VKTGC,0.05219359917353744,85.5,307.79999999999995,-27.983702543596294,0.41585445094217033,no_contact,
923,8409-WQJUX,0.0821316773373357,54.2,195.12,-27.993616779484764,0.6560065600656007,no_contact,
924,8582-KRHPJ,0.12713051806588813,35.0,126.0,-27.995388680924524,1.0158730158730158,no_contact,
925,1063-DHQJF,0.04823111233038461,92.15,331.74,-27.999952698879554,0.385844335925725,no_contact,
926,7997-EASSD,0.05467409434652735,81.2,292.32,-28.00441718515578,0.43787629994526545,no_contact,
927,0536-ACXIP,0.04034567785370837,109.55,394.37999999999994,-28.022117892013625,0.3245600689690147,no_contact,
928,8713-IGZSO,0.17581757811341026,24.85,89.46000000000001,-28.06783986549358,1.4308070646098814,no_contact,
929,8809-XKHMD,0.043096040720182534,100.55,361.98,-28.10002379502708,0.35361069672357587,no_contact,
930,5566-SOEZD,0.05348199641399864,80.65,290.34000000000003,-28.11800929028991,0.44086243714266027,no_contact,
931,6933-FHBZC,0.07679371680668128,56.05,201.77999999999997,-28.126140955686964,0.6343542471999208,no_contact,
932,1730-VFMWO,0.08566933866856712,50.2,180.72,-28.129459278954137,0.7082779991146525,no_contact,
933,9209-NWPGU,0.06516593201254396,65.4,235.44,-28.164333241741662,0.5436629289840299,no_contact,
934,9040-KZVWO,0.05618665156380145,75.5,271.79999999999995,-28.18211702623969,0.47093451066961006,no_contact,
935,7654-YWJUF,0.050305898132910386,84.25,303.29999999999995,-28.185555274072073,0.42202439828552596,no_contact,
936,8034-RYTVV,0.05010448398442694,84.25,303.29999999999995,-28.200827501880827,0.42202439828552596,no_contact,
937,5062-CJJKH,0.07859872877732767,53.65,193.14,-28.204860380986734,0.6627316972144559,no_contact,
938,9070-BCKQP,0.03827772125047015,110.15,396.54,-28.20533810383464,0.32279215211580164,no_contact,
939,2541-YGPKE,0.06574232960471119,63.7,229.32,-28.230992243761907,0.5581719867434153,no_contact,
940,7581-EBBOU,0.05949934246918718,70.15,252.54000000000002,-28.243509013207866,0.5068503999366437,no_contact,
941,2746-DIJLO,0.07397960003118813,56.3,202.67999999999995,-28.2514536664197,0.6315373988553387,no_contact,
942,8992-CEUEN,0.21972169365750072,18.85,67.86,-28.2724214671005,1.8862363689949897,no_contact,
943,5329-KRDTM,0.052542357720702954,77.35,278.46,-28.342263767273263,0.45967104790634206,no_contact,
944,7191-ADRGF,0.07469686508554507,54.3,195.48,-28.349564203269413,0.6547984448536935,no_contact,
945,0019-EFAEP,0.03991051040328772,101.3,364.67999999999995,-28.36135876653226,0.35099265109136785,no_contact,
946,5975-BAICR,0.06333942756615522,63.7,229.32,-28.368750617632323,0.5581719867434153,no_contact,
947,5671-RQRLP,0.053201186842077065,75.65,272.34000000000003,-28.377797193857184,0.4700007343761474,no_contact,
948,0983-TATYJ,0.07804436902202531,51.45,185.22,-28.38615549243512,0.6910700788251809,no_contact,
949,2325-ZUSFD,0.05720663631641393,70.1,252.35999999999996,-28.390833314797447,0.5072119194801079,no_contact,
950,1015-OWJKI,0.21035795545827618,19.05,68.58,-28.393412853667854,1.8664333624963547,no_contact,
951,6061-GWWAV,0.05701781649782318,70.2,252.71999999999997,-28.39761435366753,0.5064893953782843,no_contact,
952,8915-NNTRC,0.03675301713456471,107.7,387.72,-28.43753004914664,0.33013514907665326,no_contact,
953,0017-IUDMW,0.033884160982601566,116.8,420.48,-28.43809699750892,0.30441400304414,no_contact,
954,0707-HOVVN,0.052247245921484116,75.5,271.79999999999995,-28.449799639635156,0.47093451066961006,no_contact,
955,6919-ELBGL,0.034099039374974625,114.95,413.82,-28.472283881462,0.30931322797351507,no_contact,
956,7359-WWYJV,0.03422996865144327,114.45,412.02,-28.474142079058087,0.3106645308480171,no_contact,
957,9298-WGMRW,0.03371175470354721,115.5,415.79999999999995,-28.49566309856627,0.30784030784030786,no_contact,
958,2388-LAESQ,0.0337393614061328,114.85,413.46,-28.512530908255084,0.3095825472838969,no_contact,
959,9637-CDTKZ,0.033711286865420936,114.1,410.76,-28.538187951789922,0.31161748953159996,no_contact,
960,2522-WLNSF,0.059833534562297085,64.2,231.12,-28.542818372990475,0.5538248528902734,no_contact,
961,3831-YCPUO,0.03507643789778964,109.5,394.20000000000005,-28.54321704517283,0.32470826991374935,no_contact,
962,8015-IHCGW,0.03286502700101249,115.5,415.79999999999995,-28.583680443244752,0.30784030784030786,no_contact,
963,9530-GRMJG,0.04512300074433434,84.1,302.76,-28.584640073661333,0.42277711718853217,no_contact,
964,5297-MDOIR,0.04650939622017349,81.15,292.14000000000004,-28.60318624705963,0.43814609433833085,no_contact,
965,3649-JPUGY,0.042514264086495855,88.6,318.96,-28.60991258174282,0.4013042387760221,no_contact,
966,7233-IOQNP,0.11064305518316286,34.0,122.39999999999999,-28.614322511395216,1.0457516339869282,no_contact,
967,4227-OJHAL,0.05151145294910756,73.0,262.79999999999995,-28.615697541243634,0.48706240487062413,no_contact,
968,5709-LVOEQ,0.04645804436184864,80.85,291.06,-28.619480402010083,0.4397718683432969,no_contact,
969,9052-DHNKM,0.06065211702308043,61.55,221.57999999999998,-28.64017597750646,0.5776694647531366,no_contact,
970,9357-UJRUN,0.06391489278059463,58.35,210.06,-28.64350940562707,0.609349709606779,no_contact,
971,4376-KFVRS,0.03236518563103851,114.05,410.5799999999999,-28.677875520902052,0.31175410395050906,no_contact,
972,4223-BKEOR,0.05675016538850828,64.85,233.45999999999998,-28.687776597099713,0.5482737942259917,no_contact,
973,9906-NHHVC,0.06823316517114347,53.5,192.60000000000002,-28.714573097009442,0.6645898234683281,no_contact,
974,4560-WQAQW,0.05235039281481321,68.7,247.32,-28.763175212260098,0.5175481158013909,no_contact,
975,0980-FEXWF,0.07117092479856041,50.35,181.26,-28.774889542753236,0.7061679355621759,no_contact,
976,7322-OCWHC,0.03850925193280225,93.05,334.98,-28.775042696887475,0.3821123649173085,no_contact,
977,6784-XYJAE,0.06418236618823282,55.8,200.88,-28.77676157002695,0.6371963361210673,no_contact,
978,6685-GBWJZ,0.05037205043717447,70.8,254.88,-28.790292946143243,0.5021971123666039,no_contact,
979,2245-ADZFJ,0.04416585308108132,80.55,289.98,-28.79819648088701,0.441409752396717,no_contact,
980,1051-GEJLJ,0.18203485536471334,19.5,70.19999999999999,-28.80528828834928,1.8233618233618236,no_contact,
981,0463-WZZKO,0.17001328621117004,20.75,74.69999999999999,-28.8250018800064,1.7135207496653282,no_contact,
982,5820-PTRYM,0.05129051865681386,68.45,246.42000000000002,-28.84024759814698,0.519438357276195,no_contact,
983,9640-ZSLDC,0.05783888254932693,60.6,218.16,-28.845467345759708,0.5867253392005868,no_contact,
984,8580-QVLOC,0.0378165233300445,92.45,332.82,-28.853476176323646,0.3845922720990325,no_contact,
985,9919-FZDED,0.04137851772371943,84.1,302.76,-28.868059993491677,0.42277711718853217,no_contact,
986,3594-IVHJZ,0.17014309121421378,20.45,73.62,-28.868516406202396,1.7386579733767997,no_contact,
987,5702-KVQRD,0.04149797222434015,82.55,297.17999999999995,-28.91690815359265,0.43071539134531267,no_contact,
988,6013-BHCAW,0.04207919710671431,81.0,291.6,-28.932426530920527,0.438957475994513,no_contact,
989,1568-BEKZM,0.03775874324895207,90.05,324.17999999999995,-28.93984265338868,0.39484237152199403,no_contact,
990,9073-ZZIAY,0.03909638689341215,86.1,309.96,-28.970420979629495,0.41295651051748616,no_contact,
991,0628-CNQRM,0.04947970786399123,67.5,243.0,-28.994107747262532,0.5267489711934157,no_contact,
992,4717-GHADL,0.041880050333228384,79.6,286.56,-28.99971319412752,0.44667783361250696,no_contact,
993,7401-JIXNM,0.03643124550354645,91.3,328.67999999999995,-29.006444556973587,0.38943653401484735,no_contact,
994,8690-UPCZI,0.04802662581408007,69.05,248.57999999999998,-29.015385338783993,0.5149247727089871,no_contact,
995,4039-PIMHX,0.06643394743368482,49.8,179.27999999999997,-29.022430476022247,0.7139669790272201,no_contact,
996,0379-DJQHR,0.0403493307431863,81.35,292.85999999999996,-29.045823749637616,0.4370689066448133,no_contact,
997,2649-HWLYB,0.04304987375378055,76.15,274.14000000000004,-29.04957690228465,0.4669147151090683,no_contact,
998,9758-MFWGD,0.10943966031522086,29.9,107.63999999999999,-29.054978740917406,1.1891490152359718,no_contact,
999,2839-RFSQE,0.15735269146168707,20.65,74.33999999999999,-29.075600229184545,1.7218186709712135,no_contact,
1000,0839-JTCUD,0.036106488615980876,89.9,323.64000000000004,-29.078624006080986,0.3955011741441107,no_contact,
1001,1265-HVPZB,0.0488699049591616,66.4,239.04000000000002,-29.0795344796405,0.535475234270415,no_contact,
1002,9339-FIIJL,0.03767258007146015,85.95,309.42,-29.0858375685722,0.413677202507918,no_contact,
1003,6332-FBZRI,0.046629975647297865,69.35,249.65999999999997,-29.089590069973905,0.5126972682848675,no_contact,
1004,3055-VTCGS,0.05516625408560741,58.55,210.77999999999997,-29.09301424095892,0.6072682417686688,no_contact,
1005,2088-IEBAU,0.03638283608463085,88.15,317.34000000000003,-29.11356769922581,0.4033528707380097,no_contact,
1006,2990-IAJSV,0.034703788750123636,92.0,331.2,-29.126526291489764,0.3864734299516908,no_contact,
1007,7854-EKTJL,0.16240774806400193,19.6,70.56,-29.135127324151007,1.8140589569160996,no_contact,
1008,9330-DHBFL,0.047763497463301885,66.25,238.5,-29.152101463750625,0.5366876310272537,no_contact,
1009,5753-QQWPW,0.05273362224890371,59.9,215.64,-29.1571304245616,0.5935818957521796,no_contact,
1010,2987-BJXIK,0.03727903392601662,84.7,304.92,-29.15821924381975,0.4197822379640561,no_contact,
1011,7636-PEPNS,0.07101010038268614,44.1,158.76,-29.181609115811188,0.8062484252960443,no_contact,
1012,2885-HIJDH,0.035807265777454474,86.9,312.84000000000003,-29.199513743545285,0.4091548395345863,no_contact,
1013,0816-TSPHQ,0.1498243010193909,20.75,74.69999999999999,-29.202031178462875,1.7135207496653282,no_contact,
1014,8390-FESFV,0.03677780034263911,84.5,304.2,-29.203048283942294,0.42077580539119,no_contact,
1015,0074-HDKDG,0.050288566757168716,61.6,221.76,-29.212001858982568,0.5772005772005773,no_contact,
1016,4654-ULTTN,0.04125464549026926,74.8,269.28,-29.22273726559507,0.4753416518122401,no_contact,
1017,9986-BONCE,0.14669619885132057,20.95,75.41999999999999,-29.234043170658353,1.6971625563511008,no_contact,
1018,1271-UODNO,0.05675254250881916,53.85,193.86,-29.24948802731008,0.6602702981533065,no_contact,
1019,3967-KXAPS,0.0331105295475753,92.3,332.28,-29.24950831048292,0.38521728662573734,no_contact,
1020,9385-NXKDA,0.036908268207967866,82.65,297.54,-29.25457846935031,0.4301942595953485,no_contact,
1021,5825-XJOCM,0.04720981876461198,64.4,231.84,-29.26371890440309,0.5521048999309869,no_contact,
1022,7017-VFULY,0.15117688638420773,20.1,72.36,-29.265210125309682,1.7689331122166942,no_contact,
1023,7764-BDPEE,0.14531138020141213,20.85,75.06,-29.2732319505205,1.705302424726885,no_contact,
1024,0866-QLSIR,0.04686878749914497,64.4,231.84,-29.283485076549557,0.5521048999309869,no_contact,
1025,1936-CZAKF,0.06073923776904381,49.65,178.74,-29.285867160290277,0.716123978963858,no_contact,
1026,8338-QIUNR,0.045338396250541674,66.5,239.39999999999998,-29.28649698440508,0.534670008354219,no_contact,
1027,7032-LMBHI,0.04659599018933764,64.65,232.74,-29.28881231083339,0.5499699235198074,no_contact,
1028,0123-CRBRT,0.03418996597400456,88.1,317.15999999999997,-29.289077597921178,0.40358178837179975,no_contact,
1029,5727-MYATE,0.033137827094177265,90.8,326.88,-29.291976769863833,0.39158100832109644,no_contact,
1030,3508-VLHCZ,0.0331836710746102,90.55,325.98,-29.29569672577464,0.3926621265108289,no_contact,
1031,1227-UDMZR,0.03295978068733701,91.15,328.14000000000004,-29.296144391314307,0.39007740598525015,no_contact,
1032,5893-PYOLZ,0.03670152865681694,81.8,294.48,-29.298033460285136,0.43466449334419993,no_contact,
1033,4674-HGNUA,0.03336879798186365,89.9,323.64000000000004,-29.30013055528741,0.3955011741441107,no_contact,
1034,2511-MORQY,0.054387954361627855,54.9,197.64,-29.31269117499197,0.6476421776968225,no_contact,
1035,4737-HOBAX,0.03721167922056936,79.8,287.28,-29.32745719837871,0.44555834029518243,no_contact,
1036,2824-DXNKN,0.04153366798265149,71.45,257.21999999999997,-29.329177480375595,0.49762848923100855,no_contact,
1037,7408-OFWXJ,0.033008111689630804,89.8,323.28,-29.33228441324404,0.3959415986142044,no_contact,
1038,6184-DYUOB,0.15039266197062565,19.6,70.56,-29.347073442838163,1.8140589569160996,no_contact,
1039,3470-OBUET,0.039793729821625476,74.0,266.4,-29.349737593879745,0.48048048048048053,no_contact,
1040,5318-YKDPV,0.03710525992105538,79.15,284.94,-29.35680680952362,0.4492173790973538,no_contact,
1041,6418-HNFED,0.0352269708770658,83.25,299.7,-29.360619207035846,0.4270937604270938,no_contact,
1042,9968-FFVVH,0.04257244957984032,68.8,247.67999999999995,-29.363913922016287,0.516795865633075,no_contact,
1043,9720-JJJOR,0.048554432465937776,60.3,217.07999999999998,-29.364950950073556,0.5896443707388982,no_contact,
1044,1088-AUUZZ,0.03859764910117685,75.85,273.06,-29.36513148410816,0.4687614443712005,no_contact,
1045,8345-MVDYC,0.03581548256523855,81.65,293.94,-29.368099263693445,0.43546301966387696,no_contact,
1046,0909-SELIE,0.036178041078993285,80.8,290.88,-29.369132852735607,0.44004400440044006,no_contact,
1047,8777-PVYGU,0.04531431099057929,64.3,231.48,-29.377660822975177,0.5529635389666494,no_contact,
1048,4648-YPBTM,0.03930457039268766,73.9,266.04,-29.385853023182342,0.4811306570440535,no_contact,
1049,2925-VDZHY,0.03267142584053757,88.7,319.32,-29.391840075149887,0.400851810096455,no_contact,
1050,1087-UDSIH,0.1471893026664553,19.6,70.56,-29.40358070096373,1.8140589569160996,no_contact,
1051,6953-PBDIN,0.03943419026260014,72.95,262.62,-29.41094823830899,0.48739623791028863,no_contact,
1052,5751-USDBL,0.03542953040796226,81.0,291.6,-29.41718723325955,0.438957475994513,no_contact,
1053,6701-YVNQG,0.03232814273859567,88.7,319.32,-29.419244365177907,0.400851810096455,no_contact,
1054,3795-GWTRD,0.037828530924157035,75.55,271.98,-29.427849039811942,0.47062283991469955,no_contact,
1055,1023-BQXZE,0.0384191422440149,74.35,267.65999999999997,-29.429183096741742,0.4782186355824554,no_contact,
1056,4237-CLSMM,0.1427000514341801,20.0,72.0,-29.431399074184757,1.7777777777777777,no_contact,
1057,7560-QJAVJ,0.03584862348440148,79.6,286.56,-29.431804613577476,0.44667783361250696,no_contact,
1058,4500-HKANN,0.047423825697156884,59.7,214.92000000000002,-29.45191784529176,0.595570444816676,no_contact,
1059,6365-HITVU,0.03239639630532753,87.25,314.1,-29.456072980124155,0.40751353072269975,no_contact,
1060,1855-CFULU,0.14084435148044702,20.05,72.17999999999999,-29.458463677535335,1.773344416735938,no_contact,
1061,5498-IBWPI,0.057099053970499775,49.4,177.83999999999997,-29.46137606047158,0.7197480881691409,no_contact,
1062,2877-VDUER,0.06892799595479171,40.9,147.24,-29.46276046890412,0.8693289866883999,no_contact,
1063,3429-IFLEM,0.036294854474846386,77.35,278.46,-29.47333370573357,0.45967104790634206,no_contact,
1064,3926-YZVVX,0.05591244991936953,50.05,180.17999999999998,-29.481423693382,0.7104007104007105,no_contact,
1065,3071-MVJCD,0.03400159889248806,82.3,296.28,-29.48150157003341,0.4320237613068719,no_contact,
1066,2676-SSLTO,0.04223096048410035,66.15,238.14000000000004,-29.485779767579086,0.5374989501973628,no_contact,
1067,9610-WCESF,0.0636310111035957,43.9,158.04,-29.485938751296935,0.8099215388509239,no_contact,
1068,5696-JVVQY,0.03977654307441619,70.1,252.35999999999996,-29.490497897435084,0.5072119194801079,no_contact,
1069,5457-COLHT,0.03452891573002531,80.65,290.34000000000003,-29.493718651736113,0.44086243714266027,no_contact,
1070,4086-ATNFV,0.045722937944197795,60.8,218.88,-29.498040835693498,0.5847953216374269,no_contact,
1071,4396-KLSEH,0.1397417867169426,19.85,71.46000000000001,-29.50351298030182,1.7912118667786172,no_contact,
1072,0263-FJTQO,0.03920173273139294,70.5,253.79999999999998,-29.512650058193117,0.504334121355398,no_contact,
1073,0178-CIIKR,0.13822482349654433,19.95,71.82,-29.518173294119546,1.7822333611807297,no_contact,
1074,1525-LNLOJ,0.04354982349145755,63.3,227.88,-29.518966555691662,0.5616991398981921,no_contact,
1075,6283-GITPX,0.035715050056703355,76.9,276.84000000000003,-29.52816138557556,0.46236093050137256,no_contact,
1076,3161-ONRWK,0.04142572013509446,65.85,237.06,-29.544904696193626,0.5399476925672826,no_contact,
1077,8869-TORSS,0.045110362509016844,60.35,217.26,-29.54983066032275,0.5891558501334806,no_contact,
1078,7998-WNZEM,0.03372911853385762,80.6,290.15999999999997,-29.553289741553968,0.4411359250068928,no_contact,
1079,9114-DPSIA,0.033420618352802446,81.0,291.6,-29.5636369220807,0.438957475994513,no_contact,
1080,0562-FGDCR,0.03628263283677786,74.55,268.38,-29.56561674981639,0.47693568820329385,no_contact,
1081,3913-FCUUW,0.038097861802565115,70.45,253.62,-29.58440507240836,0.5046920589858844,no_contact,
1082,6776-TLWOI,0.1346821269395887,19.85,71.46000000000001,-29.593903802224247,1.7912118667786172,no_contact,
1083,4693-VWVBO,0.13638336574353868,19.55,70.38,-29.60033467974244,1.81869849389031,no_contact,
1084,3489-VSFRD,0.04422572431868494,60.25,216.89999999999998,-29.60186009881931,0.5901337021668972,no_contact,
1085,3200-MNQTF,0.03722824255585379,70.9,255.24,-29.62446584251097,0.5014887948597399,no_contact,
1086,7649-SIJJF,0.03284098305963267,80.1,288.35999999999996,-29.63249353123108,0.44388958246636157,no_contact,
1087,3354-OADJP,0.04798319840576515,54.25,195.29999999999998,-29.657220337838517,0.6554019457245265,no_contact,
1088,0420-TXVSG,0.039165043897056794,66.1,237.95999999999998,-29.67007153856409,0.5379055303412339,no_contact,
1089,6872-HXFNF,0.04431279132789076,58.35,210.06,-29.672913763415817,0.609349709606779,no_contact,
1090,9473-CBZOP,0.043540379215362135,59.0,212.39999999999998,-29.68800586366427,0.6026365348399247,no_contact,
1091,6967-PEJLL,0.06385971795715317,40.2,144.72,-29.689555404310198,0.8844665561083471,no_contact,
1092,3675-EQOZA,0.12343518982797015,20.65,74.33999999999999,-29.705956997047174,1.7218186709712135,no_contact,
1093,0298-XACET,0.05028459630473995,50.2,180.72,-29.72814193895185,0.7082779991146525,no_contact,
1094,1929-ZCBHE,0.06242977828571979,40.3,145.07999999999998,-29.735671941576943,0.8822718500137856,no_contact,
1095,6258-NGCNG,0.10554691595462627,23.5,84.6,-29.767682727559656,1.513002364066194,no_contact,
1096,0513-RBGPE,0.039140112707231375,62.8,226.07999999999998,-29.787800829787283,0.5661712668082095,no_contact,
1097,2233-TXSIU,0.05487179447129122,44.45,160.02,-29.804853862175996,0.7999000124984377,no_contact,
1098,4160-AMJTL,0.12397633628709726,19.65,70.74,-29.807478492762684,1.8094430308170768,no_contact,
1099,3694-GLTJM,0.12375830182891918,19.65,70.74,-29.811334432155565,1.8094430308170768,no_contact,
1100,5803-NQJZO,0.035795644487167703,67.8,244.07999999999998,-29.815749773393026,0.5244182235332678,no_contact,
1101,6288-CHQJB,0.03467351602464411,69.95,251.82,-29.81712879866853,0.5082995790644111,no_contact,
1102,2954-PIBKO,0.03771875206460936,64.15,230.94,-29.82230784954978,0.554256516844202,no_contact,
1103,1122-YJBCS,0.04476206461765892,53.65,193.14,-29.838663709936338,0.6627316972144559,no_contact,
1104,2129-ALKBS,0.09149353001712585,26.2,94.32,-29.842582562196174,1.3570822731128076,no_contact,
1105,3948-KXDUF,0.03477949028065788,68.75,247.5,-29.848019038884292,0.5171717171717172,no_contact,
1106,2159-TURXX,0.11904327001223619,20.05,72.17999999999999,-29.851864192629197,1.773344416735938,no_contact,
1107,2188-SXWVT,0.04242058617094957,55.0,198.0,-29.900180984537997,0.6464646464646465,no_contact,
1108,1139-WUOAH,0.04354805364662015,53.35,192.06,-29.909040204157535,0.6664583984171613,no_contact,
1109,8590-YFFQO,0.0357616324934319,64.95,233.82,-29.90955377259644,0.547429646736806,no_contact,
1110,6461-PPAXN,0.04224339996951321,54.95,197.82,-29.910852654507725,0.6470528763522394,no_contact,
1111,0373-AIVNJ,0.05867701125118274,39.55,142.38,-29.91139178451415,0.8990026689141734,no_contact,
1112,6388-TABGU,0.04132250159244431,56.15,202.14,-29.911767382025825,0.6332244978727615,no_contact,
1113,6681-ZSEXG,0.03870624535606474,59.5,214.2,-29.927280561182734,0.5975723622782446,no_contact,
1114,9755-JHNMN,0.03406995781888313,67.4,242.64000000000004,-29.93331635870655,0.5275304978569073,no_contact,
1115,6374-AFWOX,0.03474916625921299,65.65,236.34,-29.946845511574402,0.5415926208005416,no_contact,
1116,8570-KLJYJ,0.041797124339675,54.45,196.02,-29.951731921734225,0.6529945923885317,no_contact,
1117,5181-OABFK,0.03680389178475252,61.3,220.67999999999995,-29.969529290235204,0.580025376110205,no_contact,
1118,8619-IJNDK,0.03520632713276445,64.05,230.57999999999998,-29.970531272431792,0.5551218665972765,no_contact,
1119,6203-HBZPA,0.03467855593495698,63.9,230.03999999999996,-30.005636248180625,0.5564249695705096,no_contact,
1120,1385-TQOZW,0.10778228031925823,20.45,73.62,-30.016267130724053,1.7386579733767997,no_contact,
1121,3181-MIZBN,0.11093399223601082,19.75,71.1,-30.028148288004907,1.8002812939521802,no_contact,
1122,3563-SVYLG,0.03486779444313052,62.65,225.53999999999996,-30.033979410324086,0.5675268245100649,no_contact,
1123,2834-JKOOW,0.046998220833897424,45.9,165.24,-30.058503497351698,0.7746308399903171,no_contact,
1124,0769-MURVM,0.03279676305244813,65.7,236.52,-30.060727400708743,0.5411804498562489,no_contact,
1125,8053-WWDRO,0.10985519248920068,19.5,70.19999999999999,-30.072041371814528,1.8233618233618236,no_contact,
1126,0301-FIDRB,0.03287129199447565,63.8,229.67999999999995,-30.11253041367721,0.5572971090212471,no_contact,
1127,4702-HDRKD,0.04243600924634398,49.35,177.66,-30.115204649323633,0.7204773162219971,no_contact,
1128,1744-JHKYS,0.08376827969154016,24.7,88.91999999999999,-30.137831142457063,1.4394961763382819,no_contact,
1129,4830-FAXFM,0.08573698530840823,24.1,86.76,-30.140364788660627,1.4753342554172428,no_contact,
1130,8181-YHCMF,0.03419403148160969,60.3,217.07999999999998,-30.144289911493043,0.5896443707388982,no_contact,
1131,4012-YCFAI,0.033578013784936155,61.35,220.86,-30.14598996886475,0.5795526577922666,no_contact,
1132,7816-VGHTO,0.05070952473705848,40.55,145.98,-30.14935589472105,0.8768324428003836,no_contact,
1133,8626-PTQGE,0.03399607300112418,60.05,216.17999999999995,-30.162682234654245,0.5920991766120827,no_contact,
1134,1459-QNFQT,0.0340944352941929,59.5,214.2,-30.17424298999597,0.5975723622782446,no_contact,
1135,5850-BDWCY,0.10013370841152607,20.2,72.72,-30.179569181078456,1.7601760176017602,no_contact,
1136,8727-XDPUD,0.0564084961346435,35.8,128.88,-30.182518254541787,0.9931719428926133,no_contact,
1137,7338-ERIVA,0.04441135097149689,45.05,162.17999999999998,-30.19934177486066,0.7892465162165496,no_contact,
1138,7266-GSSJX,0.09779358126217676,20.45,73.62,-30.200109136869635,1.7386579733767997,no_contact,
1139,9256-JTBNZ,0.09719557988374129,20.3,73.08,-30.224236755524046,1.7515051997810618,no_contact,
1140,5442-BXVND,0.08111115913868619,24.25,87.3,-30.229748951798175,1.466208476517755,no_contact,
1141,9372-TXXPS,0.032693212499295354,59.85,215.45999999999998,-30.238980108725457,0.5940777870602433,no_contact,
1142,6164-HXUGH,0.0979563360185194,19.85,71.46000000000001,-30.25001005702915,1.7912118667786172,no_contact,
1143,1716-LSAMB,0.035463889939517136,54.65,196.74,-30.25570857332485,0.6506048592050422,no_contact,
1144,9867-XOBQA,0.036265108473166247,53.15,191.33999999999997,-30.265258536186092,0.6689662381101704,no_contact,
1145,3400-ESFUW,0.033468155540342624,57.55,207.17999999999995,-30.266516883787954,0.6178202529201662,no_contact,
1146,6434-TTGJP,0.03584841367278466,53.7,193.32,-30.26744616719432,0.6621146285950755,no_contact,
1147,9788-YTFGE,0.09645683355137662,19.95,71.82,-30.268117553585032,1.7822333611807297,no_contact,
1148,0979-MOZQI,0.04891152240012964,39.0,140.39999999999998,-30.283205563755452,0.9116809116809118,no_contact,
1149,4541-RMRLG,0.09898268392872865,19.25,69.3,-30.285125000934777,1.847041847041847,no_contact,
1150,9364-YKUVW,0.0962230459408397,19.8,71.28,-30.285305321334235,1.7957351290684624,no_contact,
1151,3077-RSNTJ,0.09647687779440006,19.7,70.91999999999999,-30.289464956705288,1.804850535815003,no_contact,
1152,3847-BAERP,0.090913680701312,20.9,75.24,-30.28991366600832,1.701222753854333,no_contact,
1153,3011-WQKSZ,0.09464493445173738,20.0,72.0,-30.296391179868728,1.7777777777777777,no_contact,
1154,7531-GQHME,0.09426916470587153,20.05,72.17999999999999,-30.298912922882547,1.773344416735938,no_contact,
1155,1784-BXEFA,0.09168406401984419,20.55,73.98,-30.304303235952982,1.7301973506353068,no_contact,
1156,9367-TCUYN,0.09304387651814544,20.1,72.36,-30.31683627378675,1.7689331122166942,no_contact,
1157,2061-VVFST,0.09491268731583923,19.5,70.19999999999999,-30.33428233760702,1.8233618233618236,no_contact,
1158,5537-UXXVS,0.09583956141915473,19.25,69.3,-30.339579598413145,1.847041847041847,no_contact,
1159,2428-ZMCTB,0.09240131141448427,19.75,71.1,-30.35756668960754,1.8002812939521802,no_contact,
1160,6164-HAQTX,0.03381739578391559,53.95,194.21999999999997,-30.35799634771198,0.6590464421789723,no_contact,
1161,6064-ZATLR,0.03425868184339018,52.85,190.26,-30.370485798119145,0.6727635866708714,no_contact,
1162,1729-VLAZJ,0.04470835006712398,40.25,144.89999999999998,-30.380440018818433,0.8833678398895791,no_contact,
1163,2308-STERM,0.09272721035784041,19.4,69.83999999999999,-30.380982907152106,1.832760595647194,no_contact,
1164,6112-KTHFQ,0.09301737916974272,19.3,69.48,-30.38428812382157,1.842256764536557,no_contact,
1165,4946-EDSEW,0.09301718040308977,19.25,69.3,-30.38847734951647,1.847041847041847,no_contact,
1166,6838-HVLXG,0.08792093697280451,20.3,73.08,-30.393684481506863,1.7515051997810618,no_contact,
1167,5468-BPMMO,0.0907390018941248,19.6,70.56,-30.39936400658764,1.8140589569160996,no_contact,
1168,7492-TAFJD,0.04578457901854538,38.55,138.78,-30.41150403095157,0.9223231013114281,no_contact,
1169,9313-CDOGY,0.08972888647494738,19.6,70.56,-30.41718244258193,1.8140589569160996,no_contact,
1170,1218-VKFPE,0.09244518350662885,19.0,68.4,-30.419187362036645,1.871345029239766,no_contact,
1171,5025-GOOKI,0.09203649259043399,18.9,68.03999999999999,-30.434459261036718,1.8812463256907703,no_contact,
1172,2171-UDMFD,0.08858498731104036,19.45,70.02,-30.44931979712024,1.828049128820337,no_contact,
1173,8735-NBLWT,0.08409609413249973,20.4,73.44,-30.455995711727304,1.7429193899782136,no_contact,
1174,8457-XIGKN,0.08673048123570513,19.6,70.56,-30.47007431100216,1.8140589569160996,no_contact,
1175,5863-OOKCL,0.08961969913783074,18.85,67.86,-30.479601804126702,1.8862363689949897,no_contact,
1176,1386-ZIKUV,0.08835449688514717,18.95,68.22,-30.493114055623813,1.8762826150688947,no_contact,
1177,3530-VWVGU,0.08345305696068918,19.9,71.64,-30.505355749834056,1.7867113344500278,no_contact,
1178,7010-ZMVBF,0.08075460600946095,20.45,73.62,-30.51371147639587,1.7386579733767997,no_contact,
1179,5701-GUXDC,0.04620259757257724,35.4,127.44,-30.52798524133769,1.0043942247332078,no_contact,
1180,8780-RSYYU,0.08468671219851848,19.2,69.12,-30.5366136132096,1.8518518518518516,no_contact,
1181,9025-ZRPVR,0.08570917534522042,18.95,68.22,-30.538230014487265,1.8762826150688947,no_contact,
1182,9142-XMYJH,0.08335985527349993,19.35,69.66000000000001,-30.548288120412,1.8374964111398218,no_contact,
1183,0230-UBYPQ,0.043842294622059734,36.1,129.96,-30.575563847729278,0.9849184364419821,no_contact,
1184,9286-BHDQG,0.03418534777201423,45.25,162.89999999999998,-30.60780171198472,0.7857581338244323,no_contact,
1185,1038-RQOST,0.07458971062926283,20.6,74.16000000000001,-30.617106764933467,1.7259978425026967,no_contact,
1186,2958-NHPPS,0.07350277942787851,20.85,75.06,-30.62072034403586,1.705302424726885,no_contact,
1187,5245-VDBUR,0.042879608271571834,35.45,127.62,-30.6319260980955,1.0029775897194797,no_contact,
1188,0056-EPFBG,0.038321589443152435,39.4,141.83999999999997,-30.641116438345815,0.9024252679075015,no_contact,
1189,9674-EHPPG,0.03719726274732026,40.4,145.44,-30.647507526507436,0.8800880088008801,no_contact,
1190,3623-FQBOX,0.0753222535969462,19.95,71.82,-30.647588936666832,1.7822333611807297,no_contact,
1191,5170-PTRKA,0.04111712725571428,35.8,128.88,-30.675206159820885,0.9931719428926133,no_contact,
1192,3511-BFTJW,0.03814490343875021,38.5,138.6,-30.678279095847305,0.9235209235209235,no_contact,
1193,9860-LISIZ,0.07046726953358122,20.35,73.26,-30.70939195849246,1.7472017472017471,no_contact,
1194,2335-GSODA,0.035725443424836814,40.1,144.35999999999999,-30.71066874679764,0.886672208367969,no_contact,
1195,0121-SNYRK,0.03957481079039797,35.4,127.44,-30.73914652821792,1.0043942247332078,no_contact,
1196,2926-JEJJC,0.06739909942197084,20.2,72.72,-30.77468437250857,1.7601760176017602,no_contact,
1197,6119-SPUDB,0.03523528957557106,38.25,137.7,-30.787025156360965,0.9295570079883806,no_contact,
1198,9313-QOLTZ,0.0638638822412849,20.9,75.24,-30.79872037504143,1.701222753854333,no_contact,
1199,3884-UEBXB,0.03648547985073281,36.15,130.14,-30.81294491305641,0.9835561702781621,no_contact,
1200,7356-AYNJP,0.05257948568182302,23.9,86.03999999999999,-30.869015262983986,1.487680148768015,no_contact,
1201,4940-KHCWD,0.03276803724558993,37.7,135.72,-30.888180496257135,0.9431181844974948,no_contact,
1202,3506-OVLKD,0.041165983860460005,26.2,94.32,-31.029306100570352,1.3570822731128076,no_contact,
1203,5857-XRECV,0.05251273432218034,20.5,73.8,-31.031140051755774,1.7344173441734418,no_contact,
1204,5808-TOTXO,0.05172925802986833,20.55,73.98,-31.043267372737585,1.7301973506353068,no_contact,
1205,1131-ALZWV,0.04309493469245517,24.6,88.56,-31.045878145909043,1.4453477868112015,no_contact,
1206,3812-LRZIR,0.041565710617571576,24.5,88.19999999999999,-31.083476080882548,1.45124716553288,no_contact,
1207,2332-TODQS,0.04061062333485196,25.05,90.17999999999999,-31.084433496915764,1.4193834553115992,no_contact,
1208,6814-ZPWFQ,0.040625876371788806,25.0,90.0,-31.085917781634752,1.4222222222222223,no_contact,
1209,3251-YMVWZ,0.04194994235574129,24.05,86.58,-31.09199349770998,1.4784014784014785,no_contact,
1210,9648-BCHKM,0.04019474800479321,24.65,88.74,-31.10827951551366,1.4424160468785217,no_contact,
1211,5313-FPXWG,0.040112653740429625,24.6,88.56,-31.11190584618689,1.4453477868112015,no_contact,
1212,4213-HKBJO,0.03805631420639831,25.7,92.51999999999998,-31.119757452406006,1.3834846519671424,no_contact,
1213,7311-MQJCH,0.049695996076197846,19.55,70.38,-31.1255989490393,1.81869849389031,no_contact,
1214,9108-EQPNQ,0.037094692161215685,26.1,93.96000000000001,-31.128645681133044,1.3622818220519368,no_contact,
1215,0057-QBUQH,0.03837151573521599,25.1,90.36,-31.13318745954147,1.416555998229305,no_contact,
1216,7996-BPXHY,0.03850898333190815,25.0,90.0,-31.133547875032068,1.4222222222222223,no_contact,
1217,4121-AGSIN,0.03907394461593042,24.5,88.19999999999999,-31.138419521218733,1.45124716553288,no_contact,
1218,3088-FVYWK,0.03687709552179828,25.55,91.98,-31.152011188476248,1.3916068710589258,no_contact,
1219,6080-LNESI,0.03754240444770086,24.75,89.1,-31.163742940927463,1.43658810325477,no_contact,
1220,0463-TXOAK,0.036230859466117406,25.6,92.16,-31.165240997900653,1.3888888888888888,no_contact,
1221,5324-KTGCG,0.04440758647834602,20.85,75.06,-31.166691639733838,1.705302424726885,no_contact,
1222,6096-EGVTU,0.036859650670006586,24.9,89.63999999999999,-31.17397522848515,1.4279339580544401,no_contact,
1223,4521-WFJAI,0.03520106874389654,25.95,93.41999999999999,-31.177879039486296,1.3701562834510814,no_contact,
1224,6292-TOSSS,0.036472868591365525,24.9,89.63999999999999,-31.182643014867498,1.4279339580544401,no_contact,
1225,0052-YNYOT,0.042868854210366604,20.55,73.98,-31.20714054137927,1.7301973506353068,no_contact,
1226,0732-OCQOC,0.035018936382725734,25.05,90.17999999999999,-31.210498079251447,1.4193834553115992,no_contact,
1227,8292-ITGYJ,0.03555513700620828,24.65,88.74,-31.21120928551727,1.4424160468785217,no_contact,
1228,3750-YHRYO,0.0421867045589124,20.65,74.33999999999999,-31.215960095772612,1.7218186709712135,no_contact,
1229,5334-AFQJB,0.03465210452470201,25.1,90.36,-31.217208958786983,1.416555998229305,no_contact,
1230,2263-SFSQZ,0.03469736249805847,24.95,89.82,-31.220870725106096,1.4250723669561347,no_contact,
1231,8219-VYBVI,0.03458114487629421,25.0,90.0,-31.22192424028338,1.4222222222222223,no_contact,
1232,3027-YNWZU,0.03418897522578223,25.0,90.0,-31.2307480574199,1.4222222222222223,no_contact,
1233,5666-MBJPT,0.034029285926447446,25.1,90.36,-31.231278430921552,1.416555998229305,no_contact,
1234,7279-NMVJC,0.04233035214434574,19.9,71.64,-31.241863393094768,1.7867113344500278,no_contact,
1235,8909-BOLNL,0.039706477406448164,21.2,76.32,-31.24240041108497,1.6771488469601679,no_contact,
1236,8532-UEFWH,0.03258453160294796,25.75,92.69999999999999,-31.244853480101682,1.3807982740021576,no_contact,
1237,2239-CFOUJ,0.041089065645887185,20.4,73.44,-31.24560475474151,1.7429193899782136,no_contact,
1238,8207-VVMYB,0.032104427989973074,26.0,93.6,-31.248756385034632,1.3675213675213675,no_contact,
1239,7677-SJJJK,0.04188893652850695,19.9,71.64,-31.24976914677444,1.7867113344500278,no_contact,
1240,1767-CJKBA,0.03305023613561011,25.1,90.36,-31.253395165696567,1.416555998229305,no_contact,
1241,6917-FIJHC,0.031875708285027324,26.0,93.6,-31.25410842613036,1.3675213675213675,no_contact,
1242,2696-RZVZW,0.03308139787554695,25.05,90.17999999999999,-31.254179884895795,1.4193834553115992,no_contact,
1243,0788-DXBFY,0.042354725665582356,19.55,70.38,-31.25476860191408,1.81869849389031,no_contact,
1244,9430-NKQLY,0.03294824384699733,25.1,90.36,-31.25569917149633,1.416555998229305,no_contact,
1245,2075-PUEPR,0.04251486804468921,19.35,69.66000000000001,-31.259603573001737,1.8374964111398218,no_contact,
1246,6370-ZVHDV,0.03248572065045909,25.3,91.08,-31.260300140789045,1.4053579270970575,no_contact,
1247,2169-RRLFW,0.032085458039754135,25.6,92.16,-31.260751046764064,1.3888888888888888,no_contact,
1248,7762-ONLJY,0.04147296741916808,19.7,70.91999999999999,-31.26468428765815,1.804850535815003,no_contact,
1249,2923-ARZLG,0.04137536927620186,19.7,70.91999999999999,-31.26641470273294,1.804850535815003,no_contact,
1250,9746-UGFAC,0.03906395317866904,20.85,75.06,-31.266964918602277,1.705302424726885,no_contact,
1251,3705-PSNGL,0.03986972975841586,20.4,73.44,-31.267991761635486,1.7429193899782136,no_contact,
1252,3967-VQOGC,0.0326582251080346,24.9,89.63999999999999,-31.268129175328944,1.4279339580544401,no_contact,
1253,8573-JGCZW,0.0411400554622117,19.65,70.74,-31.272438119150785,1.8094430308170768,no_contact,
1254,0174-QRVVY,0.03184486333694327,25.35,91.26,-31.27345944296764,1.4025860179706333,no_contact,
1255,1926-QUZNN,0.03196454033492565,25.25,90.89999999999999,-31.273605820888815,1.4081408140814082,no_contact,
1256,3836-FZSDJ,0.032472668771136366,24.85,89.46000000000001,-31.273748762933536,1.4308070646098814,no_contact,
1257,4312-KFRXN,0.03136816131381289,25.4,91.44,-31.282923832366237,1.399825021872266,no_contact,
1258,9814-AOUDH,0.04072722791029753,19.5,70.19999999999999,-31.28523715017428,1.8233618233618236,no_contact,
1259,8224-KDLKN,0.03160607899444785,25.0,90.0,-31.288863222624922,1.4222222222222223,no_contact,
1260,1705-GUHPV,0.03243014198762898,24.2,87.12,-31.29367150750944,1.4692378328741964,no_contact,
1261,8028-PNXHQ,0.03234052735613262,24.25,87.3,-31.294167990452404,1.466208476517755,no_contact,
1262,4464-JCOLN,0.03943052959810608,19.85,71.46000000000001,-31.295573588729834,1.7912118667786172,no_contact,
1263,6598-RFFVI,0.04051968291914451,19.3,69.48,-31.29617310769446,1.842256764536557,no_contact,
1264,3646-ITDGM,0.03963348575099521,19.7,70.91999999999999,-31.297298297634857,1.804850535815003,no_contact,
1265,5266-PFRQK,0.03731284406170312,20.85,75.06,-31.299824481182142,1.705302424726885,no_contact,
1266,9365-CSLBQ,0.03194295925724833,24.35,87.66,-31.2999700478774,1.460187086470454,no_contact,
1267,3580-GICBM,0.03208715436632641,24.2,87.12,-31.30114177790141,1.4692378328741964,no_contact,
1268,4785-FCIFB,0.03175592516908746,24.4,87.83999999999999,-31.30263988328684,1.4571948998178508,no_contact,
1269,4018-PPNDW,0.03208715436632641,24.1,86.76,-31.30402962179438,1.4753342554172428,no_contact,
1270,8735-SDUFN,0.031753769139897685,24.3,87.48,-31.305545068910437,1.4631915866483767,no_contact,
1271,6134-KWTBV,0.03284093075015292,23.4,84.24,-31.30836999840178,1.519468186134853,no_contact,
1272,2907-ILJBN,0.03725682073331029,20.6,74.16000000000001,-31.30925854360443,1.7259978425026967,no_contact,
1273,0402-OAMEN,0.03138336404231573,24.45,88.01999999999998,-31.309409074248844,1.4542149511474667,no_contact,
1274,2892-GESUL,0.03957175793382772,19.35,69.66000000000001,-31.31085783558239,1.8374964111398218,no_contact,
1275,0480-KYJVA,0.031543109879035365,24.25,87.3,-31.311571626890053,1.466208476517755,no_contact,
1276,5619-XZZKR,0.03832697830882418,19.95,71.82,-31.31183910446506,1.7822333611807297,no_contact,
1277,4779-ZGICK,0.03244860940629248,23.55,84.78,-31.31225172363363,1.509790044821892,no_contact,
1278,4537-CIBHB,0.03770314591707467,20.25,72.9,-31.312860165661313,1.755829903978052,no_contact,
1279,1820-DJFPH,0.03161861257258058,24.05,86.58,-31.315615130866494,1.4784014784014785,no_contact,
1280,2632-TACXW,0.03209810820704869,23.65,85.14,-31.31679176681297,1.5034061545689452,no_contact,
1281,8430-TWCBX,0.036564406288454414,20.7,74.52,-31.318805110846093,1.7176596886741815,no_contact,
1282,0048-PIHNL,0.03691476569588116,20.45,73.62,-31.320583737367308,1.7386579733767997,no_contact,
1283,1555-HAPSU,0.031543109879035365,23.9,86.03999999999999,-31.32150770650195,1.487680148768015,no_contact,
1284,6527-PZFPV,0.03621054775471386,20.8,74.88,-31.322138546031756,1.7094017094017095,no_contact,
1285,8241-JUIQO,0.03865934347460106,19.45,70.02,-31.32326819247711,1.828049128820337,no_contact,
1286,6349-JDHQP,0.037875342404620566,19.85,71.46000000000001,-31.323357007941453,1.7912118667786172,no_contact,
1287,2967-MXRAV,0.03987020302426806,18.8,67.67999999999999,-31.325396164829385,1.8912529550827426,no_contact,
1288,2266-FUBDZ,0.03870917875671558,19.35,69.66000000000001,-31.325879651951798,1.8374964111398218,no_contact,
1289,9483-GCPWE,0.03722713018446181,20.1,72.36,-31.326561214963085,1.7689331122166942,no_contact,
1290,9067-SQTNS,0.03623740961515053,20.6,74.16000000000001,-31.328158425735108,1.7259978425026967,no_contact,
1291,8165-ZJRNM,0.03138336404231573,23.75,85.5,-31.329180593595503,1.4970760233918128,no_contact,
1292,2150-OEGBV,0.03644381941345209,20.1,72.36,-31.340731306810653,1.7689331122166942,no_contact,
1293,3970-XGJDU,0.038106302047314196,19.2,69.12,-31.34152310062241,1.8518518518518516,no_contact,
1294,1952-DVVSW,0.036397599268659965,20.1,72.36,-31.34156742922994,1.7689331122166942,no_contact,
1295,4302-ZYFEL,0.03557361259583267,20.55,73.98,-31.342066035040073,1.7301973506353068,no_contact,
1296,4359-INNWN,0.036297107703058364,20.05,72.17999999999999,-31.34501869149831,1.773344416735938,no_contact,
1297,1776-SPBWV,0.03617855430955084,20.1,72.36,-31.345529952540225,1.7689331122166942,no_contact,
1298,1085-LDWAM,0.03572646676489404,20.35,73.26,-31.345669761200966,1.7472017472017471,no_contact,
1299,4299-OPXEJ,0.03718042445752211,19.55,70.38,-31.3458104316699,1.81869849389031,no_contact,
1300,4709-LKHYG,0.03628324724995177,20.0,72.0,-31.346901549500867,1.7777777777777777,no_contact,
1301,9534-NSXEM,0.035128578598535604,20.65,74.33999999999999,-31.347135366746215,1.7218186709712135,no_contact,
1302,5924-SNGKP,0.035656957000167494,20.25,72.9,-31.350151958671947,1.755829903978052,no_contact,
1303,2812-REYAT,0.035996800152742515,20.05,72.17999999999999,-31.350437741243763,1.773344416735938,no_contact,
1304,7061-OVMIM,0.036881042065927974,19.55,70.38,-31.351078064849997,1.81869849389031,no_contact,
1305,7337-CINUD,0.03696422060444766,19.5,70.19999999999999,-31.351277928391944,1.8233618233618236,no_contact,
1306,3125-RAHBV,0.03549064890812398,20.3,73.08,-31.351585844448575,1.7515051997810618,no_contact,
1307,7649-PHJVR,0.03679264173956533,19.5,70.19999999999999,-31.35428913747063,1.8233618233618236,no_contact,
1308,3982-JGSFD,0.03522329173627089,20.35,73.26,-31.354885411850198,1.7472017472017471,no_contact,
1309,6223-DHJGV,0.034637639943497875,20.65,74.33999999999999,-31.35625946165009,1.7218186709712135,no_contact,
1310,5505-OVWQW,0.03540681027391825,20.15,72.53999999999999,-31.357897495682494,1.7645437000275712,no_contact,
1311,4530-NDRKU,0.03728542125876356,19.05,68.58,-31.3607414525185,1.8664333624963547,no_contact,
1312,6248-BSHKG,0.0347418006791528,20.4,73.44,-31.362140539530756,1.7429193899782136,no_contact,
1313,2525-GVKQU,0.03437023032804654,20.6,74.16000000000001,-31.362775929718016,1.7259978425026967,no_contact,
1314,8763-KIAFH,0.034415950061916806,20.55,73.98,-31.36347700360485,1.7301973506353068,no_contact,
1315,1697-LYYYX,0.03696414946206564,19.1,68.76,-31.364586270747093,1.861547411285631,no_contact,
1316,7216-KAOID,0.036124500058293436,19.5,70.19999999999999,-31.36601502397695,1.8233618233618236,no_contact,
1317,5519-TEEUH,0.03485426694805503,20.15,72.53999999999999,-31.36791786889702,1.7645437000275712,no_contact,
1318,0040-HALCW,0.034345447558917774,20.4,73.44,-31.36941758281827,1.7429193899782136,no_contact,
1319,3978-YNKDD,0.0334463658884075,20.85,75.06,-31.37237894410403,1.705302424726885,no_contact,
1320,9030-QGZNL,0.03339317612861351,20.85,75.06,-31.37337704994657,1.705302424726885,no_contact,
1321,4335-UPJSI,0.03520617339928544,19.75,71.1,-31.374210267827703,1.8002812939521802,no_contact,
1322,6698-OXETB,0.03401752872442719,20.4,73.44,-31.375438172619518,1.7429193899782136,no_contact,
1323,4703-MQYKT,0.03536131516469545,19.6,70.56,-31.376226400494772,1.8140589569160996,no_contact,
1324,1133-KXCGE,0.03447087552962238,20.1,72.36,-31.37642186166913,1.7689331122166942,no_contact,
1325,8779-YIQQA,0.034985977606467884,19.8,71.28,-31.376549879052742,1.7957351290684624,no_contact,
1326,2805-AUFQN,0.03486915175059576,19.8,71.28,-31.378631715804385,1.7957351290684624,no_contact,
1327,5774-QPLTF,0.03391278119211346,20.35,73.26,-31.37888741246644,1.7472017472017471,no_contact,
1328,1862-QRWPE,0.033403512758707225,20.65,74.33999999999999,-31.379195715379428,1.7218186709712135,no_contact,
1329,5917-RYRMG,0.03474675178474201,19.8,71.28,-31.380812883195897,1.7957351290684624,no_contact,
1330,8590-OHDIW,0.033890036419053145,20.3,73.08,-31.3808290346239,1.7515051997810618,no_contact,
1331,4742-TXUEX,0.03564430530118435,19.3,69.48,-31.38085841691843,1.842256764536557,no_contact,
1332,3717-FDJFU,0.033610347808652914,20.45,73.62,-31.381401548581742,1.7386579733767997,no_contact,
1333,4825-FUREZ,0.03388134534235822,20.25,72.9,-31.38251248113552,1.755829903978052,no_contact,
1334,7157-SMCFK,0.03460355490233224,19.75,71.1,-31.384921811611044,1.8002812939521802,no_contact,
1335,7205-BAIAD,0.03313830196006433,20.6,74.16000000000001,-31.385615881660407,1.7259978425026967,no_contact,
1336,0608-JDVEC,0.03446837135265816,19.8,71.28,-31.38577362249563,1.7957351290684624,no_contact,
1337,8701-DGLVH,0.0333511880988925,20.45,73.62,-31.386171383039883,1.7386579733767997,no_contact,
1338,5063-IUOKK,0.03451713605132656,19.75,71.1,-31.38645790668767,1.8002812939521802,no_contact,
1339,0164-XAIRP,0.034801533025309674,19.55,70.38,-31.387667026419678,1.81869849389031,no_contact,
1340,8314-HTWVE,0.034263961857223774,19.85,71.46000000000001,-31.387874321420696,1.7912118667786172,no_contact,
1341,5380-XPJNZ,0.03391819889132104,20.05,72.17999999999999,-31.38794610100611,1.773344416735938,no_contact,
1342,6340-DACFT,0.0329233277753757,20.55,73.98,-31.391083052794425,1.7301973506353068,no_contact,
1343,2788-CJQAQ,0.03474346205267876,19.45,70.02,-31.391815696767857,1.828049128820337,no_contact,
1344,7632-YUTXB,0.03369739207064593,20.05,72.17999999999999,-31.391930560085193,1.773344416735938,no_contact,
1345,8129-GMVGI,0.03364266499652854,20.05,72.17999999999999,-31.392918110137643,1.773344416735938,no_contact,
1346,9950-MTGYX,0.03319648708127221,20.3,73.08,-31.393500181025157,1.7515051997810618,no_contact,
1347,2984-RGEYA,0.03408750635369804,19.75,71.1,-31.394094574563017,1.8002812939521802,no_contact,
1348,1830-IPXVJ,0.03408571088090589,19.75,71.1,-31.3941264890919,1.8002812939521802,no_contact,
1349,4698-KVLLG,0.0343217608374965,19.6,70.56,-31.39456413882656,1.8140589569160996,no_contact,
1350,4955-VCWBI,0.03360048144564956,20.0,72.0,-31.395191333978307,1.7777777777777777,no_contact,
1351,0307-BCOPK,0.03526475957588727,19.05,68.58,-31.39538569707141,1.8664333624963547,no_contact,
1352,5469-NUJUR,0.033672689307295056,19.95,71.82,-31.395406863487516,1.7822333611807297,no_contact,
1353,7515-LODFU,0.03301448112194006,20.3,73.08,-31.396825429902155,1.7515051997810618,no_contact,
1354,8717-VCTXJ,0.03421370634851365,19.55,70.38,-31.398009836797904,1.81869849389031,no_contact,
1355,4962-CHQPW,0.03362705714195566,19.85,71.46000000000001,-31.39925262415896,1.7912118667786172,no_contact,
1356,6169-PPETC,0.03251078422324917,20.5,73.8,-31.400176031081052,1.7344173441734418,no_contact,
1357,9824-QCJPK,0.03330397859092783,20.0,72.0,-31.400528385363298,1.7777777777777777,no_contact,
1358,9588-YRFHY,0.03344684720728492,19.9,71.64,-31.400966966517526,1.7867113344500278,no_contact,
1359,5057-RKGLH,0.03269151777265791,20.35,73.26,-31.40125485199377,1.7472017472017471,no_contact,
1360,9945-PSVIP,0.035551784421300275,18.7,67.32,-31.401663468189515,1.9013666072489603,no_contact,
1361,9548-LERKT,0.033623094154583644,19.75,71.1,-31.402349501402277,1.8002812939521802,no_contact,
1362,2320-TZRRH,0.03402157624982131,19.5,70.19999999999999,-31.402921336815638,1.8233618233618236,no_contact,
1363,3115-CZMZD,0.032726967105350724,20.25,72.9,-31.40355102450498,1.755829903978052,no_contact,
1364,6625-FLENO,0.031889688285223185,20.75,74.69999999999999,-31.40446007127346,1.7135207496653282,no_contact,
1365,7369-TRPFD,0.035184999077516,18.8,67.67999999999999,-31.40466981560843,1.8912529550827426,no_contact,
1366,3865-ZFZIB,0.033645438842129415,19.65,70.74,-31.40498041407694,1.8094430308170768,no_contact,
1367,3454-JFUBC,0.033041770647722034,20.0,72.0,-31.405248128341004,1.7777777777777777,no_contact,
1368,1709-EJDOX,0.033431626841083854,19.75,71.1,-31.405752832899733,1.8002812939521802,no_contact,
1369,1494-EJZDW,0.03269151777265791,20.15,72.53999999999999,-31.407139325192848,1.7645437000275712,no_contact,
1370,2236-HILPA,0.0318733464996066,20.65,74.33999999999999,-31.407633855304812,1.7218186709712135,no_contact,
1371,2346-LOCWC,0.032050137010679,20.5,73.8,-31.408674972152973,1.7344173441734418,no_contact,
1372,0397-ZXWQF,0.03199355677233123,20.5,73.8,-31.40971887755049,1.7344173441734418,no_contact,
1373,5495-GPSRW,0.033197573066883306,19.7,70.91999999999999,-31.41140702952416,1.804850535815003,no_contact,
1374,8873-TMKGR,0.03417377410965083,19.1,68.76,-31.4125528230551,1.861547411285631,no_contact,
1375,4821-WQOYN,0.032426782567656236,20.1,72.36,-31.413399503351098,1.7689331122166942,no_contact,
1376,3985-HOYPM,0.033593519648076685,19.4,69.83999999999999,-31.41345714694458,1.832760595647194,no_contact,
1377,4735-BJKOU,0.03231156188405257,20.15,72.53999999999999,-31.414029825232706,1.7645437000275712,no_contact,
1378,9135-HSWOC,0.03304757396952979,19.7,70.91999999999999,-31.414066513520236,1.804850535815003,no_contact,
1379,7717-BICXI,0.031600836042803955,20.55,73.98,-31.41554253738834,1.7301973506353068,no_contact,
1380,0962-CQPWQ,0.031974477683121894,20.3,73.08,-31.415826292729363,1.7515051997810618,no_contact,
1381,7114-AEOZE,0.0326977973016505,19.85,71.46000000000001,-31.415853851206013,1.7912118667786172,no_contact,
1382,0625-AFOHS,0.03209947040274629,20.2,72.72,-31.416431628078072,1.7601760176017602,no_contact,
1383,5296-BFCYD,0.03221533279019375,20.1,72.36,-31.417224629825395,1.7689331122166942,no_contact,
1384,7729-XBTWX,0.03275087892729283,19.75,71.1,-31.41785312706737,1.8002812939521802,no_contact,
1385,2616-FLVQC,0.0330532708721877,19.55,70.38,-31.418427699003857,1.81869849389031,no_contact,
1386,1574-DYCWE,0.03221759457745548,19.95,71.82,-31.421533089361787,1.7822333611807297,no_contact,
1387,5845-BZZIB,0.031954202788826956,20.1,72.36,-31.42194847155012,1.7689331122166942,no_contact,
1388,0559-CKHUS,0.03282030149020543,19.55,70.38,-31.422526795279836,1.81869849389031,no_contact,
1389,6823-SIDFQ,0.035111828125826285,18.25,65.69999999999999,-31.423288223033303,1.9482496194824965,no_contact,
1390,1927-QEWMY,0.03123351009470009,20.5,73.8,-31.423741738752785,1.7344173441734418,no_contact,
1391,1047-RNXZV,0.03270794989743921,19.55,70.38,-31.424503621554557,1.81869849389031,no_contact,
1392,4086-WITJG,0.0324374844600297,19.7,70.91999999999999,-31.424883400523672,1.804850535815003,no_contact,
1393,8711-LOBKY,0.032175046508967145,19.85,71.46000000000001,-31.4251927941173,1.7912118667786172,no_contact,
1394,8173-RXAYP,0.0324125955872328,19.7,70.91999999999999,-31.42532468023836,1.804850535815003,no_contact,
1395,7167-PCEYD,0.03218976367502364,19.8,71.28,-31.426378411311077,1.7957351290684624,no_contact,
1396,1945-XISKS,0.03230527437402916,19.65,70.74,-31.428681222695296,1.8094430308170768,no_contact,
1397,7606-BPHHN,0.03203327073751159,19.8,71.28,-31.429167115457542,1.7957351290684624,no_contact,
1398,8347-GDTMP,0.03254556709418351,19.45,70.02,-31.43028984801632,1.828049128820337,no_contact,
1399,6848-HJTXY,0.03254556709418351,19.45,70.02,-31.43028984801632,1.828049128820337,no_contact,
1400,4277-BWBML,0.031721573302125605,19.95,71.82,-31.430439151360336,1.7822333611807297,no_contact,
1401,0794-YVSGE,0.0311610426653447,20.3,73.08,-31.430687750504152,1.7515051997810618,no_contact,
1402,2230-XTUWL,0.03204851066940135,19.55,70.38,-31.436106454771885,1.81869849389031,no_contact,
1403,1403-GYAFU,0.03120490302431995,20.05,72.17999999999999,-31.436907524926145,1.773344416735938,no_contact,
1404,1166-PQLGG,0.03190608906565476,19.55,70.38,-31.438612362889806,1.81869849389031,no_contact,
1405,9537-JALFH,0.03130600402792966,19.9,71.64,-31.43930946785978,1.7867113344500278,no_contact,
1406,3642-BYHDO,0.031204464368838513,19.9,71.64,-31.4411280431541,1.7867113344500278,no_contact,
1407,6345-FZOQH,0.031044766518578012,19.9,71.64,-31.443988231652266,1.7867113344500278,no_contact,
1408,3910-MRQOY,0.031838814337535694,19.4,69.83999999999999,-31.444094301666627,1.832760595647194,no_contact,
1409,7602-DBTOU,0.0312658891804489,19.6,70.56,-31.44846971485688,1.8140589569160996,no_contact,
