probability,probability_uncalibrated,MonthlyCharges,churn
0.29244912532498063,0.5375790375686916,49.2,0
0.2920049830076515,0.5294265632228374,75.1,0
0.03654131879063702,0.027436509803230116,40.55,0
0.053426382607331534,0.12931990076053607,73.5,0
0.6480207797359582,0.7955916655106948,44.55,0
0.04248432066152647,0.0527948376692936,79.5,0
0.3208268387394093,0.5586144423939535,19.8,0
0.12633721020845723,0.24902466308219318,56.6,0
0.04585991461336585,0.07216330948780891,59.8,0
0.06454878281870814,0.1665128199717639,80.55,0
0.1995834151220268,0.3992516327451788,59.9,0
0.2766240048793505,0.5630511866640603,49.4,0
0.40776733373118573,0.61843937249523,50.95,0
0.10719460111119154,0.26625924566005504,67.6,0
0.5780240811499385,0.7310845392268618,95.4,0
0.04111860660478728,0.06688067189300924,69.05,0
0.3448518188339134,0.5361310030804517,84.75,0
0.3487310067076657,0.553085809641593,35.9,0
0.038509323004253644,0.04450096527802067,18.95,0
0.13731044233267078,0.3186957291909404,20.15,0
0.11839076193856181,0.32494096781085613,85.9,0
0.03667673533238525,0.026968434315222445,25.3,0
0.05067041130910647,0.12980892888969245,104.9,0
0.17894309161666377,0.3958934325277161,35.75,0
0.16250534428758892,0.35691887602225714,85.05,0
0.3524372634185016,0.5726589202187929,20.5,1
0.7232678874772959,0.8579128863319446,80.0,1
0.7566815973712805,0.9302538260243468,69.2,1
0.6684969767972087,0.8298427690726835,105.3,0
0.702958262747381,0.837920074462351,96.1,1
0.03618349109796781,0.01666898586486549,86.1,0
0.732004690129235,0.8751363987404642,76.95,1
0.07033089639382524,0.16392613374993134,19.65,1
0.0404841426032431,0.04991313298753342,20.2,0
0.03502548461402608,0.059859525791767926,24.55,0
0.18918507794573167,0.4022742647438675,110.0,1
0.5950267954179623,0.7725224074748724,70.5,0
0.5963309108853404,0.7495354094259924,86.85,0
0.22166348322343152,0.4136976208177554,49.4,0
0.11568252316610556,0.23683522366944512,98.7,0
0.38325997028150316,0.5285623638092481,104.5,0
0.4766365197922611,0.681489073379494,95.1,0
0.22189456802267604,0.45170258149009745,19.2,0
0.7282060626196093,0.8896969955507549,98.5,1
0.18945333181771887,0.39312278394991723,44.8,0
0.10922748383349483,0.24973767814946304,82.0,1
0.04698640551522187,0.0665634033785883,45.4,0
0.10288890120019505,0.2499589644487761,20.35,0
0.5581721820150357,0.7234998756107799,74.95,1
0.20044604054125495,0.44611740616337064,99.15,0
0.562350904769222,0.7520068542628325,55.55,0
0.5151906833584299,0.6976098950981752,92.5,1
0.23924729719869384,0.4911258389443056,105.25,0
0.6065120205921101,0.7476617365556322,94.55,1
0.1465005495126038,0.3047621033836737,69.5,0
0.036761223260536685,0.026766309085782786,19.4,0
0.03484150499951683,0.011660649980723173,66.9,0
0.03479543224557478,0.016492178002717992,89.4,0
0.08216791614712063,0.23226183380445473,19.35,1
0.03530487122314874,0.02073113568569255,20.45,0
0.7337474635625806,0.9147587922770268,101.7,1
0.07082523630208351,0.16640276242208354,101.15,0
0.5129488505571892,0.7039789478750123,103.3,1
0.7175770538920087,0.8698187245014617,102.0,1
0.5785786187749258,0.7221407667712694,99.95,1
0.32772778893234694,0.5559735362878064,84.3,0
0.03811857944045521,0.020355602698154382,24.6,0
0.6965247219429881,0.8290853356441427,89.35,1
0.06191776567478332,0.10382949680215559,79.6,0
0.03435926568008154,0.025146347564963558,89.3,0
0.03835441210841407,0.03698293099539902,25.0,0
0.642385206720936,0.7928088905025454,74.5,1
0.19041202746114616,0.43624171895607855,54.95,0
0.29459264200575014,0.5253675639599156,49.85,0
0.11376226127483972,0.26531924431424386,63.85,0
0.09261257701632247,0.21146681383221794,60.45,0
0.19698827639371466,0.4010253582063986,56.5,1
0.7557922689341886,0.9006212503582034,88.95,1
0.050132265496250744,0.0982884697413806,55.6,0
0.17985095076140198,0.37018429019212107,85.7,0
0.20550875680715408,0.4340302384791804,110.0,0
0.5742583052676626,0.7633671267917307,80.9,0
0.0509271843583883,0.10450072859292797,50.7,0
0.0399717118850183,0.02483446069822925,80.35,0
0.05184008828353529,0.09064684153628635,57.75,0
0.2874349724469219,0.4995024383460013,81.55,0
0.03310946542992887,0.00855622113973209,24.45,0
0.17901103977529917,0.3209444788543703,81.25,0
0.045734912241857856,0.07131523898140504,79.05,0
0.04197237926748513,0.04907083616210821,49.7,0
0.0617542110630746,0.12558435343810423,80.3,0
0.5836934218268093,0.738409720173418,93.2,1
0.748618857634424,0.9100159481127702,79.55,1
0.4659877188432038,0.707602825683751,82.3,0
0.11910520533419156,0.2637670683175112,20.2,0
0.03972628295946853,0.04113322301771766,84.4,0
0.21380924328779657,0.4194431478704328,29.8,0
0.09928753897971354,0.284781175196439,100.45,0
0.3384151231572577,0.5563609574672906,19.55,0
0.36886132028593743,0.616237657547348,19.5,0
0.10315949251321503,0.27063780901618867,88.9,0
0.2524366976893952,0.44730638999017314,107.55,1
0.26476856213012184,0.46759061774419564,25.4,0
0.07971033947050003,0.1823536290329528,70.9,0
0.7350695917337564,0.8808809441204172,82.0,1
0.07055663086138292,0.1785287970556613,79.6,0
0.27819632529119204,0.5134181222902837,89.55,0
0.039549565086692336,0.04310091663865184,24.9,0
0.059564865576918195,0.13423147710243613,56.75,0
0.39192681897899345,0.6323695479925405,29.05,0
0.03588706837196613,0.02553146266126635,19.75,0
0.5310614189336738,0.7366153792365586,103.85,1
0.08686991260382244,0.22488992646444222,19.5,0
0.187641766093996,0.3979660526200321,108.55,1
0.661831090588132,0.8366111785156314,74.95,0
0.03717902121716312,0.02774386762174265,20.35,0
0.04335937357056278,0.06535383110454573,83.5,0
0.1046074455094654,0.24437480022660377,71.05,0
0.6269390473785783,0.7866600568334086,80.45,1
0.04822138919347644,0.09107521077694448,67.05,0
0.054600603921344436,0.06907357671217286,56.55,0
0.39516962411790885,0.6202243544554132,74.05,1
0.05615725190184164,0.1506002163586444,91.25,0
0.09304180781641679,0.24943967070135542,92.0,0
0.22123888720549975,0.4135262413771077,25.35,0
0.03375590184788547,0.0218441308091621,19.65,0
0.7136006073269062,0.8776850605472246,83.3,1
0.22620265764895195,0.48547656490679014,103.25,1
0.38527352758048466,0.639207507948169,19.9,0
0.16131828555440123,0.3855476866006951,113.45,0
0.04459898177438396,0.09378908172225434,84.3,0
0.5529973315498361,0.7313457888572956,102.65,0
0.09444655498738352,0.26376187120855865,68.6,0
0.13855247894543965,0.38078813988305626,100.9,0
0.24291466837720202,0.46824476809846044,99.85,0
0.12017145010993062,0.3135087641655977,19.1,0
0.07364706851661773,0.19752617981642248,116.05,0
0.708329636276738,0.8541285763292308,92.1,1
0.5424246998176673,0.7127483733309465,74.9,1
0.07223338835627828,0.1743687557649366,102.1,0
0.035503714375926386,0.02251953840021425,25.45,0
0.24152520736286984,0.4863925517298819,79.8,0
0.10314030760048117,0.2643443389050893,19.2,0
0.5813676374183977,0.7571304101619515,89.65,1
0.03483864967996654,0.009332709387747063,20.9,0
0.7024566523397352,0.8462804577041346,100.55,1
0.23196065006412914,0.45544181699970676,50.95,0
0.12121350034026668,0.2580228960397048,69.5,0
0.16394374909352097,0.3703041345656219,97.55,0
0.03473491262529128,0.03188189335034106,61.15,0
0.24409840743822409,0.4790880903680108,89.95,1
0.041232571679564615,0.05554321569568922,55.9,0
0.11295716860562528,0.28782281238735713,94.8,0
0.582910127467413,0.7524370238456883,99.05,1
0.21641583505491604,0.33609907621698404,56.15,1
0.09559783529678227,0.20574121820581914,66.4,0
0.04437157716479845,0.0633698306736428,58.45,0
0.7388378698447987,0.9103666111119507,69.35,1
0.07988703057415326,0.18449323571893853,100.1,0
0.04726677528742492,0.06646690020703179,53.45,0
0.04507743117445329,0.08694128029425938,64.95,0
0.2872736753064246,0.5226168498145952,20.55,0
0.04392675711663018,0.05502176713800097,55.25,0
0.6046195259092658,0.773335886821113,94.45,1
0.11414801419797878,0.2391524938355927,60.9,0
0.6302572049843596,0.802916169173887,74.95,1
0.08351378685297976,0.1372474327362676,40.05,0
0.08304749973043131,0.20122248582146288,25.6,0
0.6137559864137613,0.7784372491538644,45.85,0
0.7115553395811062,0.8615986419505818,89.8,1
0.6684181685404722,0.8350184538380748,74.6,0
0.034893508217204015,0.02506237975587635,20.4,0
0.3683016967463845,0.5446023917128834,90.5,0
0.180126708053005,0.4205230100874302,93.25,0
0.048091962275015276,0.09041952959955858,66.85,0
0.10766190750478744,0.25821465218592154,20.7,0
0.5829984539288686,0.7671197401353647,69.55,0
0.5446025655685859,0.7067655366601202,99.5,1
0.04860512364586219,0.08616957398122527,76.95,0
0.394535228711866,0.6009588194631112,20.45,0
0.07988313543346455,0.2172623856895988,19.9,0
0.3536039014738322,0.6093910301702417,19.5,1
0.040546618092079635,0.03439651714331649,20.3,0
0.039947113030830754,0.04430771495872113,19.3,0
0.14215537707023684,0.2777832728415274,20.3,0
0.43995329168279973,0.6191241223691161,89.85,0
0.037735130262274166,0.025313700145868596,40.55,0
0.05326061926899242,0.1097394450351615,89.85,0
0.6347960418264352,0.8080916931281793,45.55,0
0.7654664088194912,0.9321362236496173,71.25,0
0.6162353349527931,0.7706490744366391,50.45,1
0.033698432767693486,0.013224836092776233,68.15,0
0.2344870561719502,0.4798286076039357,29.3,0
0.14022745850741603,0.30108201677139246,19.5,1
0.03517830694642584,0.018637036698275048,19.65,0
0.30052760348920116,0.5316458591997935,44.6,1
0.05156105241745504,0.11441174406875049,53.6,0
0.7175022646679844,0.8639221697758389,83.8,0
0.03782932469401945,0.0291376519839945,83.85,0
0.0387009701531097,0.024936189887166806,109.55,0
0.04349028737394675,0.06696438767032549,85.25,0
0.03286435936265408,0.021861644761772235,23.05,0
0.033992433450898085,0.008423387498991476,93.2,0
0.04294668084571764,0.07114305556282705,25.55,0
0.05497366766861489,0.09559895339071492,46.35,0
0.06930516781569386,0.12155034634826511,99.55,0
0.7663391893443707,0.9324195549200024,70.35,0
0.6931146117446865,0.8289026303359482,89.2,0
0.3880436759404737,0.6376806234085469,56.15,1
0.20311291687760832,0.4387990278428018,103.3,0
0.6962586549258146,0.8481092361263907,75.5,1
0.1738079379746393,0.401436147970734,53.1,0
0.04675644520883989,0.07987331309902511,70.35,0
0.1580633000423135,0.35118217795467527,104.05,1
0.0402759532329709,0.05188191391201633,85.4,0
0.6989791953324794,0.8348569727884003,74.25,1
0.20407756377703623,0.4152272807589534,89.6,1
0.060356301608244206,0.13902185015069882,20.8,0
0.4783815779662702,0.6649893868382283,99.75,1
0.7001038355572154,0.8568327950715021,85.2,1
0.03757622066960486,0.02857503627452125,59.95,0
0.05315911842616877,0.08417295708312211,19.3,0
0.5763439339379598,0.758878105529737,24.8,1
0.1123366024157804,0.28618987205483276,19.0,0
0.04130577380487555,0.05579810046411495,85.0,0
0.36481211463325236,0.5862644579384725,86.65,0
0.6710366755365215,0.8396244728929549,89.6,1
0.03788305565662001,0.0480586118902554,54.5,0
0.10742527602302539,0.20376662946358995,59.75,1
0.7288473597596381,0.886136929383388,86.8,1
0.16685316398999658,0.38329556752370453,110.8,0
0.7468705514651326,0.9188208303774066,70.3,1
0.689247705104782,0.8735993268481838,89.3,1
0.17139717030678214,0.3604008666119811,90.4,1
0.2426258977696045,0.47131423029041325,53.45,0
0.2899921679690415,0.4923793724040346,54.55,1
0.03822195891569432,0.03695688287795211,84.9,0
0.1443803681870288,0.3795868638987463,78.65,0
0.052153583273136815,0.07672617819149129,80.6,0
0.15676454060788747,0.35700276102407963,58.4,0
0.10279176885834256,0.2899948892879876,77.2,0
0.7489485256868266,0.8839813629730736,90.1,1
0.03980021355276392,0.047465451695333415,21.05,0
0.6611679936297988,0.8128044577706494,93.35,1
0.32553175454487504,0.5822521177117523,105.4,0
0.5897608794321441,0.7475180609007297,69.35,0
0.06216894667067882,0.14105780135788828,70.85,0
0.09307115156611594,0.21387018291517804,20.35,0
0.6193268280964853,0.7998670948973173,80.25,0
0.5747600934495348,0.7378442228397554,100.5,0
0.07797902908233051,0.16048913948055238,81.9,0
0.03481531743467534,0.02515052445019566,19.85,0
0.4160151505692878,0.6395230447065353,55.15,1
0.36220901577157916,0.6074220392434496,85.45,1
0.5852986212105951,0.7673318669281286,45.0,0
0.038757336761552595,0.03855974396728083,74.35,0
0.03445193482351061,0.011998464436658857,64.8,0
0.6320567429343852,0.7902396343456642,55.45,0
0.042197855467313916,0.04947054247387701,78.9,0
0.038703905080803125,0.05433529090819691,74.5,0
0.034669393369528935,0.011014522517581997,24.1,0
0.0509920752896568,0.09353969246180277,54.15,0
0.041582035397374865,0.05853644048513369,35.6,0
0.045394580951045614,0.07357282095408406,59.3,0
0.16776892730237222,0.37687889011321596,110.45,0
0.09825070593225936,0.23341284277245994,69.95,0
0.0959480601541736,0.22813476841626346,20.45,0
0.4239828550597939,0.6558705331908324,99.65,0
0.7046547357529062,0.8756518165312188,94.25,1
0.03612537839449892,0.03590335984052989,19.6,0
0.03369964197889297,0.016294054612975888,19.1,0
0.7787877819964271,0.9305103737409447,86.0,1
0.18982501019146314,0.39031893725866945,91.85,1
0.7730304059048506,0.9300767669980708,81.1,1
0.610080149039257,0.7797548475010648,44.1,1
0.1670908219736532,0.29650182737015285,19.9,0
0.543441081311348,0.7350456753978533,99.05,1
0.036671957087778484,0.029244781037188496,19.8,0
0.03773400743985516,0.024552351112352818,79.7,0
0.5763186603564194,0.7308209285852377,93.85,1
0.19219349622067328,0.42419461877880266,96.75,0
0.03944586271245981,0.027471687734489048,72.95,0
0.774026772127407,0.9325960463191288,74.9,1
0.39171339434017566,0.6164762623424808,20.25,0
0.054336889147399536,0.09839500224229718,79.2,0
0.1231552524089015,0.27105941956103485,20.05,0
0.07794004089702104,0.17250376325868672,72.45,0
0.21646513026519032,0.4394237954364398,108.85,1
0.04026153711182865,0.0425927214764007,91.55,0
0.05964651988533017,0.1485910302652526,69.75,0
0.27522358768847033,0.527815996898442,19.1,0
0.6640100083185096,0.8183057702100377,101.1,1
0.0719940868671457,0.144735893997459,50.95,0
0.6806550296426636,0.8305466996883755,25.15,1
0.13115333090197753,0.28814501503772205,19.95,0
0.28745956394055777,0.482087265995733,54.8,0
0.755243419389317,0.9148494642344817,70.05,1
0.6966244268192034,0.8487321896297585,84.85,1
0.1112034558643815,0.22560445296189197,76.15,0
0.0968360723465543,0.2632994659209398,110.5,0
0.24462818796780983,0.4831432572788999,65.55,0
0.12441007214885004,0.26169114557198936,20.4,0
0.445307229117513,0.668008334960228,24.3,0
0.6129338732215918,0.7912174131479207,80.1,0
0.5534658598733229,0.7086276317278651,78.75,0
0.05524323956955219,0.1296105895854988,70.8,0
0.04847173297382193,0.11013131900808408,55.85,0
0.43670293244693603,0.6486327774085683,95.4,0
0.13295598305431314,0.2490406882099266,54.15,0
0.5714679235227671,0.7432673940356315,100.5,0
0.22409043028869635,0.4330342135372748,48.8,1
0.08458915777842674,0.27361596871974136,113.35,0
0.233675267422902,0.43900750607221783,49.6,0
0.058430276992380126,0.1324444860389287,84.2,0
0.4755883866288626,0.6655813394238783,71.0,1
0.10100168863641383,0.22959959467166793,56.4,0
0.14358761032570702,0.2977709830032666,50.15,0
0.7583133190105468,0.9195253529119526,97.95,1
0.6698401335361858,0.7990386320460371,49.25,1
0.2437878506900395,0.43999971805762006,77.75,0
0.04404779938040826,0.05788594233231795,60.15,0
0.30549326030682944,0.5102760067991293,54.45,0
0.4816045821905273,0.6623432446757752,55.05,0
0.6001242537658524,0.792672646776416,89.7,1
0.7306944906150118,0.8952827868769236,82.75,0
0.32784851631176565,0.5187877276546086,69.65,0
0.07210252486466882,0.18264291448431938,98.7,0
0.034765928507909334,0.020315182065639346,25.0,0
0.1330308949426607,0.32692802031095036,43.8,0
0.03559701831312618,0.025228355297505216,20.1,0
0.1111382118112702,0.3418045691684756,65.0,0
0.3018090084839143,0.5493181664169323,29.15,0
0.5776715013670346,0.748134790505882,45.15,0
0.06074391657251268,0.16928148906737456,72.1,0
0.5468759894218929,0.7300689314390295,69.95,1
0.03522081613245095,0.01706083658172841,72.1,0
0.5952023325217018,0.7785017224871019,106.15,1
0.44322980691194375,0.6630907684122325,50.95,0
0.6996012170919054,0.8581240734195198,86.05,1
0.06332667876767316,0.12532631923513265,86.7,0
0.04003022175798082,0.035741421859954124,38.9,0
0.5884679244044307,0.7448157704288024,45.55,0
0.1885987354340559,0.37996683217380667,115.6,0
0.16484070314150764,0.38950896938757,59.65,0
0.4842006855171497,0.7040376507108856,29.2,0
0.058427235151696046,0.09394540347379109,92.7,0
0.0368595535737832,0.03092242925486179,20.35,0
0.13264465225385372,0.3595439260733929,94.4,0
0.03924536872747144,0.0378433794973505,26.05,0
0.035576526604281324,0.0392539639876354,19.7,0
0.44453282993646664,0.6739007185271093,24.45,1
0.03555533948842826,0.028479865405629076,80.3,0
0.7339371073505521,0.8711352065726254,84.85,1
0.12832647132411423,0.2587745624765287,39.1,0
0.035191337671608404,0.026769175731002834,20.0,0
0.22762787330014891,0.4637585857451313,64.4,0
0.19738153299146285,0.44334041596789947,50.25,1
0.21374896759597325,0.4256926982326912,40.0,1
0.042205970887993105,0.056333945065969324,57.2,0
0.03455311498542967,0.03583546136220187,57.8,0
0.061266108567532375,0.14315388243054922,72.45,1
0.03777718699748698,0.03601628713556909,83.3,0
0.5124127117444285,0.6801310404942956,30.2,1
0.07096598897520771,0.20401088685707408,40.55,0
0.6436294179072442,0.8018799936922544,97.35,1
0.15026197769213687,0.28345145677798744,89.35,0
0.08002781105956493,0.19348504077835002,51.05,0
0.1545424954283837,0.4086732019379259,96.85,0
0.5905026485723948,0.7542137125522179,55.7,1
0.14566775803710022,0.31935078809197454,54.5,0
0.03814472582979264,0.04295576739026642,19.3,0
0.6031995519127408,0.758841178106303,101.0,1
0.22157920199396589,0.4290493980189852,24.95,0
0.3383996890468515,0.5834081236380292,70.65,0
0.03456557002072449,0.015062400170506918,89.05,0
0.3476474196465899,0.5972690347799716,94.6,0
0.03551942453242873,0.016393371825234527,24.75,0
0.7302606902509421,0.8954344318045501,68.65,1
0.03814507160554611,0.027664024777476565,74.35,0
0.1372756638171367,0.287269285156401,44.95,0
0.6418874731401504,0.8034134761728937,90.15,1
0.1283111173155471,0.3390197952311457,61.1,0
0.14589386558152243,0.28626358696580206,20.05,0
0.3990762181414269,0.6427327838914061,100.6,1
0.06965452865015372,0.1370068811169616,55.45,0
0.033710337061802306,0.013848585460194218,20.05,0
0.05483763655839478,0.1389330871748804,66.8,0
0.24404584112326413,0.4664343328525546,44.5,0
0.03483715604964763,0.037874242759257715,20.65,0
0.05051748148652765,0.10307919023363031,20.05,0
0.2931304448212378,0.5344541235120703,71.55,0
0.04562894150811549,0.05041434727548614,58.75,0
0.1762499619016443,0.3683174836904895,108.1,0
0.6092995406780618,0.7573049619943574,98.5,1
0.07615089005129212,0.18660423557122957,79.9,1
0.03775581446942639,0.04681617500998753,75.75,0
0.5142304953725789,0.6927471216045433,85.3,1
0.5024291877923531,0.6954148667246894,70.05,0
0.35394714121994025,0.5586577953108067,29.85,1
0.03744736763934971,0.023434541136803433,20.15,0
0.07016767172248968,0.15347280432451887,47.85,0
0.696296098198796,0.8447809425808843,86.55,1
0.05066662511552339,0.09763880632635662,20.55,0
0.27838956641767987,0.4964023418962693,50.35,0
0.18406749378770115,0.3941355322388392,80.3,0
0.33181766584861805,0.5966753031713693,100.4,0
0.0338341325946642,0.01491232435907901,21.15,0
0.0392812402834481,0.055931902840908494,70.2,1
0.05148026077924908,0.08344910008631791,25.2,0
0.05115753529473357,0.09745418974328611,58.2,0
0.7632408075966358,0.9395206106876164,78.65,1
0.547639744097055,0.7490144358380597,70.55,0
0.03821946571376509,0.06894329293456623,82.5,0
0.04913038352970867,0.07382243839903563,54.15,0
0.3905548904149299,0.6689452986091856,109.55,1
0.4985508053129391,0.7118912619337664,54.3,1
0.04037124507532731,0.03358842224159757,24.95,0
0.16620618931057746,0.37357825633828806,44.85,0
0.37401294682492664,0.5775939122345769,90.0,0
0.7089417259891807,0.8697444754890036,90.25,0
0.4759364473807131,0.6918360636513402,99.95,0
0.5077330080072876,0.7281977147912319,54.15,0
0.15586536576445717,0.2916988947791295,20.35,0
0.08918551415254133,0.21421128831002956,66.25,0
0.7809820081938325,0.9221056645943396,99.75,1
0.07114137993693041,0.11858014598052541,99.7,0
0.7505984811219353,0.9196464453737322,70.85,1
0.6112391077181636,0.7614101426678687,50.75,0
0.5139641019638849,0.69574964753887,85.45,0
0.10088790827543366,0.22035550544024468,44.05,0
0.2755183266083184,0.5002434281085261,104.65,0
0.03341268067609628,0.011654965093683321,25.1,0
0.036165630259432,0.03957065107628378,19.8,0
0.03801608620665997,0.031947297507503046,65.5,0
0.18277614989879834,0.39156137315817935,50.9,0
0.045193321378973805,0.05162434201338707,81.25,0
0.6041418413452215,0.7619018417368879,84.85,0
0.043294651361558856,0.07598970729359034,19.95,0
0.07148071398538923,0.16987830640671295,29.8,0
0.04890248381544282,0.09877518786255211,20.4,0
0.034258065739951916,0.016318015133733158,19.95,0
0.0429382180201964,0.0702563950938232,69.2,0
0.09980660577338683,0.2667359971115591,105.75,0
0.04464812277673718,0.06855781021807082,52.7,0
0.14440211247707646,0.33197823913474506,95.5,1
0.7172741857035797,0.8688538096216183,70.75,1
0.2961675291340566,0.5465513226885086,114.5,1
0.4020570547614352,0.6407342756280868,59.55,0
0.04171683678694225,0.05275133470040141,19.65,0
0.5191477279275616,0.7125716371040056,83.75,1
0.0892873336081129,0.2019427640930459,79.5,0
0.48171529220994014,0.6909715479480965,54.65,0
0.03758304273837759,0.023645844409768448,70.1,0
0.04372605245036464,0.05062769126745185,89.1,0
0.04227879665408424,0.050425905936023974,21.2,0
0.7652898611464679,0.9346731748597038,69.65,1
0.054294139212127814,0.12258831960830409,53.75,0
0.4408700566132005,0.6462959523474986,93.8,0
0.1287017706044673,0.28812500238787153,86.9,0
0.38955400273833707,0.5963600053784436,74.8,0
0.589923621028593,0.7532514309437606,101.75,1
0.058022690926602116,0.14454197427820908,72.8,0
0.08057906684036742,0.19402213625350392,20.8,0
0.09864516454291605,0.23884366583518413,105.25,0
0.6362766886515714,0.7952682040308761,76.5,1
0.32446539550855963,0.58519225564677,100.85,0
0.4106532004767757,0.621302076125777,83.8,1
0.05518246137678562,0.13430873817552935,68.75,0
0.07413482294603792,0.1789523653346196,19.05,0
0.27269295520384745,0.4397751506914124,43.35,0
0.10340717224715168,0.2325925495552986,62.65,1
0.11494283056039145,0.2936631383658518,26.35,0
0.4549329980196335,0.687928408962017,104.05,1
0.12196108616432903,0.3076072828616496,35.4,1
0.17839434895947023,0.3888444847414947,35.5,0
0.5215789863791281,0.7217507378506511,80.15,0
0.15287966733976432,0.3196829641093475,100.55,1
0.13642796314803854,0.2776368671716118,19.65,0
0.03374380088870616,0.008701055916475625,20.5,0
0.47399079750321826,0.6833708099763943,88.8,0
0.6075156235055129,0.7727963864121311,45.15,1
0.6757745081723634,0.8284241479130992,70.1,0
0.693946753810558,0.8395179381607879,81.1,1
0.04842975604233252,0.07227250459134232,74.1,0
0.5338586523469617,0.727152983294561,78.25,1
0.46396099163845667,0.7387879509052073,106.6,1
0.035775206652426124,0.02525387462009255,87.1,0
0.5466771528732618,0.7072451214982267,98.6,1
0.5248178642365238,0.7090443802795993,45.0,1
0.24795460174970116,0.46369287421728445,51.0,0
0.21283647327314478,0.4421433114161167,59.45,0
0.056609146250068264,0.099660054211548,97.7,0
0.1201950610300333,0.2870329012221434,20.05,0
0.22895285254094375,0.4937602191543757,45.3,1
0.12345788762251218,0.31900507183119664,104.15,0
0.4660838225442323,0.6441835109831426,45.4,1
0.6528639556341213,0.8074887042465219,50.1,0
0.4428253199869592,0.609116666727105,54.35,0
0.09059111927381973,0.21520895901999418,20.35,0
0.2900883930208555,0.4866014947917078,55.3,1
0.11626896214709154,0.24274179860851086,66.3,0
0.041384693128513166,0.05802818347806564,87.1,0
0.03518071019527635,0.03342449697256048,19.8,0
0.5107159217696212,0.7050725101617142,78.55,1
0.04329027429661406,0.09106064144514187,64.7,0
0.10797489816248312,0.24736675623013463,84.6,0
0.04816147019301822,0.07100146690180163,78.6,0
0.05133030070564537,0.07802218623701954,85.65,0
0.49294858861085933,0.7048542472453151,99.85,1
0.03438242943137522,0.009830779613194606,25.45,0
0.6273742219389571,0.7869223546055362,45.3,1
0.45186137911649493,0.643439146944551,74.4,1
0.036589940436917386,0.023913515074898962,20.55,0
0.03646668958172542,0.025116438139857443,60.25,0
0.3640491813697569,0.5628478574496257,104.5,1
0.04165607878802943,0.04383695289431278,65.0,0
0.1128063115407128,0.2609066349522424,20.0,1
0.19559454483020813,0.4018858047238167,31.2,0
0.03916336338545553,0.05032969490557345,26.0,0
0.03343965373852659,0.016743671047770622,20.45,0
0.6550511078349839,0.8029271914043573,78.5,0
0.048230114273284386,0.0724593823964715,78.45,0
0.035162549892384314,0.014383190330276765,54.2,0
0.5321693564801021,0.7113725876373073,100.6,0
0.049015266660388634,0.11339562815540534,19.8,0
0.7643876469017181,0.9202972460016999,95.45,1
0.035891757536007506,0.021320186635652324,56.6,0
0.25983810170919025,0.5107562964587915,94.45,1
0.7406572769250795,0.8879647827218233,81.0,1
0.660104875371228,0.8245423235704462,80.5,1
0.50658573477532,0.6744846565313336,44.4,0
0.03420751394345051,0.0179212805107551,19.45,0
0.7772474327810387,0.9360235077272917,80.55,1
0.08276656742993906,0.2395226079521074,80.8,0
0.08849235360400114,0.20553303743172222,95.0,0
0.09542223534614458,0.23470982690037923,85.25,0
0.6853946890363062,0.8329392979869187,81.0,1
0.03895465329686894,0.03734916247706001,19.55,0
0.0354196926010068,0.03263013991466424,24.8,0
0.09988202551897558,0.20588152595699746,56.35,0
0.582558913863997,0.7578112869674198,104.7,1
0.03512155642264194,0.030958452592826678,65.65,0
0.046624086718218626,0.10977232923833048,24.1,0
0.30753782907813115,0.5340904832317787,30.15,0
0.032299127874309594,0.01570134374974086,26.25,0
0.0895545812848527,0.2279926693942496,19.85,0
0.4102311862578865,0.6716144109899083,20.65,0
0.0766548058819025,0.14386511393290916,90.05,0
0.5235897371295458,0.7583844077497174,104.4,1
0.051835802322171685,0.09956923263967407,110.9,0
0.0349796887934083,0.024616672873173914,20.15,0
0.033954729719021505,0.010258595521486433,20.15,0
0.09025804502308772,0.2373215451102694,100.9,0
0.2478391454932439,0.4846195370222654,56.2,0
0.5198746840448897,0.7063983314809475,86.45,1
0.040858381941027956,0.0515649876181117,91.7,0
0.6914769945658303,0.8744761690836546,86.05,0
0.13305635722636597,0.33134985524078797,90.65,0
0.1880600958227329,0.35746842943934565,50.8,1
0.03355803694363729,0.013852527886590936,20.6,0
0.17198727432874292,0.4191563121096707,72.1,0
0.14411551060169728,0.3663731620823038,101.75,0
0.44061980499790954,0.6575439062875165,69.0,0
0.7042076474379719,0.8425529388719143,74.75,0
0.03914511246150831,0.0463173634945553,115.15,0
0.03569934502640357,0.02157452833966983,91.05,0
0.40935830521189814,0.6194254457880627,105.0,1
0.18897301195315105,0.46720584330785747,108.1,0
0.08603840509552581,0.22123405160890716,65.0,0
0.048709748861780616,0.0677422154917787,79.85,0
0.269635486857231,0.48073284564373636,54.4,0
0.68237307707119,0.8645288363697059,79.25,1
0.4900462947765771,0.6812546636195651,79.15,1
0.28173339497807454,0.49403628203262334,50.25,0
0.20381948861619562,0.4126422074160818,104.95,0
0.10007946655701284,0.2727309101588784,103.1,0
0.048869771966759824,0.09402433559916785,65.6,0
0.3532986966209473,0.5912660504236106,89.9,0
0.13687786530587856,0.3534016085232887,104.4,0
0.39121024405268207,0.5952560849294549,89.3,1
0.03716433904361228,0.02078644259857248,54.05,0
0.4360819996757364,0.6166801850208172,99.8,0
0.0472877609268069,0.11021581191225517,24.5,0
0.09843470612394056,0.2747392519457694,114.35,0
0.7735963893419662,0.9431211258856691,74.4,1
0.7457522447957795,0.8850493426637938,95.35,1
0.03448277349569941,0.042218023290145436,58.25,0
0.03513990078648189,0.02438371772342494,19.55,0
0.08915522663681145,0.22257486112867733,74.65,0
0.034765546452445555,0.014460346196531415,81.5,0
0.2852466144104386,0.544330078096222,20.2,0
0.0881690820479083,0.28296432665204513,73.9,1
0.6749440797488306,0.8252036823671387,34.7,1
0.562366820421667,0.7725187501827842,107.05,0
0.5564182102759085,0.7680308711163293,112.95,1
0.07495226996655374,0.19490558906008174,73.55,0
0.22202832381734197,0.501602374880682,109.8,0
0.3659167652435231,0.5732044721887415,31.65,0
0.04010217199601882,0.03742937662896744,19.95,0
0.7570937579814544,0.8934887448007479,95.85,1
0.571871253833495,0.7302177985997799,94.2,0
0.19927124171484464,0.44869787375834164,54.45,1
0.2914167514132322,0.4946418817847171,111.5,0
0.22308644889788395,0.44539461458545476,55.7,0
0.618564931513199,0.7980984861580336,95.6,1
0.6663045773448512,0.8287839341930042,79.55,0
0.5173543830763573,0.67511888004471,101.45,0
0.621713125964458,0.7960208698411754,45.6,1
0.08320601093443099,0.19329096869228105,61.75,0
0.23048544379646227,0.4124023713972228,44.65,0
0.6816153228655769,0.8133697667772125,79.55,1
0.07091440795822383,0.16830402003655973,86.2,0
0.3403603935586878,0.54368485970406,50.8,1
0.1364390379218609,0.3446687579281363,103.7,1
0.035462869354621084,0.023886432022974968,19.75,0
0.5464206616291537,0.7331011394319661,50.55,1
0.16983157466506396,0.3225419747048663,73.35,0
0.6144644916954555,0.7590334373954775,96.7,1
0.25389070973533107,0.47154451206148584,100.15,0
0.7309361870372199,0.8838222554812872,80.5,0
0.06577715037044544,0.15223475696475766,47.85,0
0.06431897599289293,0.15548667940388802,53.75,0
0.12233000106507202,0.27800458570766257,40.35,0
0.04019913187091766,0.04765704623075112,25.25,0
0.6470108910669102,0.8014163160214681,85.15,1
0.12834628405193552,0.25167771438730685,45.2,0
0.17535931571203514,0.39233621799430923,40.45,0
0.04646341364101771,0.0734373840007179,85.15,0
0.043920720609784546,0.06796172291584024,50.8,0
0.05254557210538804,0.1082225900028903,84.4,0
0.16321176805489387,0.3466229272735786,110.8,0
0.6054024058270021,0.7851044311891018,44.4,1
0.2437137876967128,0.4202572687932341,96.75,1
0.037712320579172405,0.035546661543731574,24.2,0
0.7506970652216935,0.9213019697039634,70.7,0
0.3089936370411574,0.5059663583750905,76.4,1
0.05940073346501804,0.13476702691387435,93.7,1
0.50636713720669,0.6898321601318563,50.65,1
0.07599010238980945,0.22035064167051008,82.5,0
0.07671210321739556,0.22647490283545124,80.9,0
0.2287653392435817,0.4336019748084371,65.45,0
0.5370837779865343,0.7371964902179554,85.45,1
0.04705292271380652,0.07236810914485496,24.7,0
0.4775284601474857,0.7023427616091678,50.9,1
0.03467767884200641,0.02627775333574181,50.95,0
0.2419890131100458,0.5108483563882396,34.25,1
0.06837061025101132,0.1364313703114692,94.35,0
0.06271607823376808,0.1679965629562362,81.25,0
0.035814698857380325,0.02761995529991039,19.6,0
0.4244415775970438,0.6440696619197797,55.9,0
0.1371283224843862,0.32490130989889476,80.85,0
0.35394615031407844,0.613056924219474,101.55,0
0.19622462095517382,0.4554398095488501,108.95,0
0.04488724113568799,0.06973418911703498,19.9,0
0.057150065648945425,0.10711005570913909,70.95,0
0.5078720117171137,0.7036779471830156,105.1,0
0.7714628329975038,0.9199476544411558,94.6,1
0.1148357643068691,0.27610108544519363,19.85,0
0.08105073991815588,0.2152037044828178,45.25,1
0.03817939614773383,0.014054114355837036,115.8,0
0.13995237118239898,0.35734704082923824,60.3,0
0.05138682891617994,0.10623061457208544,71.1,0
0.3582226163752938,0.55996882553495,29.7,1
0.5177866824789834,0.6991377258143582,50.75,0
0.034016980971107134,0.010762689724318757,26.3,0
0.07018965307023016,0.18584804865414029,99.3,0
0.07626997182662522,0.18158973486353194,107.95,1
0.3628380111741229,0.5769009059884177,74.25,1
0.6557410906546063,0.7980921214615403,101.75,0
0.04465360309064426,0.11626511387159105,74.6,0
0.2125800210807177,0.41971100576580356,105.2,0
0.0857432428884173,0.17086494602718713,71.9,0
0.06419240125390104,0.16841192181597622,64.85,0
0.2667790427116905,0.5616697842125243,75.45,0
0.3004629936105005,0.5027633155382306,106.8,0
0.03598856743717871,0.026653495633305255,48.9,0
0.511444457996849,0.691005082649426,75.1,0
0.0394154624752811,0.02202080043320934,64.1,0
0.03836122187769391,0.0502660714054771,20.55,0
0.04041247955109052,0.05360689011759787,54.65,0
0.7053709613257527,0.845224355309767,80.4,1
0.03872697364967007,0.03264833983699918,109.7,0
0.034087441951938934,0.015964344369168135,20.35,0
0.1350977673131995,0.3093192781009326,19.65,0
0.5632311696151996,0.7392712920537797,79.35,1
0.11805627170303946,0.283385028633348,65.25,0
0.03972578653730783,0.05591396167043153,23.3,0
0.19336644096716252,0.4534620993903679,104.05,0
0.11214892512389874,0.26966712563955164,65.6,0
0.2180812674559961,0.45411042482284736,56.3,0
0.2001854041717148,0.3999438110687255,70.0,1
0.032847270450979335,0.0142016802093799,20.15,0
0.4268831330854576,0.6326205220229116,79.85,0
0.03853543404892632,0.056477577486957115,24.35,0
0.6901812695233277,0.8769000472024316,85.2,0
0.07658670206966121,0.20038748355366998,64.2,0
0.7080435788816507,0.880015089849846,68.5,1
0.06073570308359882,0.16547745309980535,60.0,0
0.7614711592315846,0.915785809368398,91.65,1
0.16588103455495684,0.3783196783798641,94.1,0
0.384363321562921,0.5918814574204508,95.45,0
0.1284962770460314,0.30072798864053646,25.25,0
0.28356316924870795,0.5486054984576673,111.55,0
0.2756346054764986,0.4902228277913609,63.05,0
0.4965032056919349,0.6749454312009515,95.15,0
0.03760150731641554,0.02989299267920447,76.45,0
0.3219382179752153,0.5490507735640021,104.5,0
0.03718298352943988,0.029609487985383466,74.8,1
0.03592382113391863,0.03431947122830727,19.9,0
0.1417726027186046,0.3276807556803032,66.05,0
0.44632980422595026,0.6313153309938159,78.85,0
0.20511263252457246,0.4252476908332808,62.25,0
0.26475545380358223,0.46541959866241184,109.15,1
0.34225641658499467,0.5496451294666588,90.15,0
0.08889434461992962,0.21205059133879062,53.45,0
0.038447537570189046,0.03298757039933316,20.45,0
0.42421765491849506,0.6461455036776019,48.6,1
0.06649414212956524,0.133704862488245,99.7,0
0.0367290052028356,0.04280623996545385,60.5,0
0.037390922078126394,0.03406931892646216,49.85,0
0.04147578989840547,0.07031683568586566,53.65,0
0.038151962038484276,0.0486733074670376,20.25,0
0.27287121534641845,0.48610810003161653,64.95,0
0.4711094644692439,0.6834920902573351,45.25,0
0.15314751550003228,0.3379837630349627,25.45,0
0.3658231598353951,0.5958296878060634,79.1,0
0.04193345264415246,0.03460501132221472,19.6,0
0.5399184435638623,0.6891663156256151,69.05,0
0.5946081108921738,0.789531048190005,95.1,0
0.037087936576865106,0.040522841624924845,69.85,0
0.27141609389343185,0.5073551236435714,70.95,1
0.1863678074038896,0.4244408648896432,30.2,0
0.2834618762199626,0.48356523356877046,54.85,0
0.6054629796950324,0.7654919245596434,53.55,1
0.7533388921409786,0.9108590557042678,95.6,1
0.1482149829215971,0.31150091357302806,99.7,0
0.11327733271223021,0.29199262920568825,108.75,0
0.1806383703563218,0.3917901642895715,104.55,1
0.726993125426502,0.8790743114699608,79.9,1
0.16041293996913422,0.3594414142097224,67.45,0
0.036765244070236035,0.03204633976885665,19.55,0
0.14278360326397688,0.3301929379112619,106.6,1
0.7852058462223811,0.9424177483528803,86.05,1
0.05057336721951664,0.09054132343225571,55.45,0
0.03832202781865468,0.032774124406715704,86.45,0
0.17571822070086104,0.3874267303806653,61.6,1
0.5661397027879947,0.7457898698576789,92.6,0
0.57870178235286,0.7554750532791251,69.1,0
0.09346895948348428,0.218958147794276,35.45,0
0.7702321678511908,0.9401243775196122,79.9,1
0.7653277839836372,0.9251949983106645,69.6,1
0.2939410155119708,0.5232090652142528,25.15,0
0.20330837637252505,0.4142554217189062,105.0,1
0.3247684767922184,0.5889592951176339,50.55,0
0.034646263100197895,0.02062127216497922,90.6,0
0.14948534577544292,0.3220199872442061,54.1,0
0.09229525704790277,0.24556441780864982,104.55,0
0.0421791119117673,0.040162391939315104,24.8,0
0.6995874289129329,0.8551421048386857,99.95,1
0.03539684502926808,0.02609058517201688,59.85,0
0.2094601217101304,0.464890707228188,99.0,0
0.11786218486351237,0.3174175358839154,54.75,0
0.04873811767271821,0.06820048606299277,106.1,0
0.10694879696860303,0.2437065072890363,66.15,0
0.7630239485674125,0.9172260565408205,100.2,1
0.0360220689511437,0.032021580482070086,19.55,0
0.08509140122663278,0.19110681104732885,94.45,0
0.10077494494454137,0.2334513454252662,94.9,0
0.04757468378994275,0.09297572669351324,42.35,1
0.07790342146867181,0.2378199067128387,81.15,0
0.39047610332180843,0.6398026253476173,107.5,0
0.34368156422862367,0.5442637550436996,65.85,0
0.040642904727641364,0.061487986520927344,19.65,0
0.04183898389925247,0.06850304386982389,19.3,0
0.06439883672484766,0.21514234625045636,69.1,0
0.3229633864712798,0.5091960926450138,91.0,0
0.08417037920780318,0.202121527500493,79.25,0
0.5958820095487396,0.742392284795692,75.7,1
0.04251732253638884,0.06082400046362519,19.9,0
0.40106357235300855,0.6523655935498932,100.75,0
0.033341930378494776,0.008447755434369118,24.75,0
0.33965653343704966,0.5916907078202407,19.2,0
0.5906013172710256,0.7724799345268809,43.95,1
0.15497786314031484,0.40314994425842626,100.3,0
0.17549601440012894,0.34273772570226785,56.1,0
0.30282080361896474,0.5308648162940052,49.4,1
0.7681292887186539,0.9360558707128659,69.6,1
0.09270777195102094,0.22442255710410067,65.0,0
0.10203818904250349,0.195198472087641,49.2,0
0.05672880852736927,0.10346769681051524,116.55,0
0.04035274756870192,0.03545198399965506,66.9,0
0.09276632314377221,0.25426940071593135,108.4,1
0.07571674517341455,0.17332858932780398,64.85,0
0.07435000915397273,0.19482902772661773,111.15,0
0.03481046487047543,0.02785379435504315,25.15,0
0.509326028837528,0.7009825159592071,84.65,1
0.7252996106945341,0.8847810956797567,80.7,0
0.19614380849436178,0.3966943451829919,103.45,1
0.06591345689076994,0.12659233040946807,54.75,0
0.7012011806938236,0.8529624148533569,98.7,1
0.03575180671500359,0.01907865909834182,20.5,0
0.03281879655189487,0.013526347077183122,20.55,0
0.747005928067426,0.9090020517219957,69.9,1
0.15076728285390964,0.34489432263480196,96.9,0
0.06615049709533304,0.15949530234168086,64.8,0
0.07394767885750368,0.2078554023583989,55.8,0
0.03800192938557979,0.026732074893671274,60.0,0
0.0806289329114651,0.19130891638057096,55.2,0
0.08010852424882524,0.11823232745535045,70.4,0
0.03725375273274307,0.02389774440021865,111.95,0
0.0393071906762892,0.04373170431069727,48.15,0
0.37379288022630064,0.6065164025516627,20.5,1
0.5008238306191702,0.6856169312314354,86.55,1
0.2207668762044007,0.44022038595300916,30.35,1
0.10367443638045669,0.2316300303783019,53.8,0
0.45714670372908683,0.6454497840648324,55.0,0
0.07843618296256837,0.19043095814975217,101.35,0
0.04890591555145888,0.0909346658446544,81.45,0
0.5988534733278617,0.8039380596858631,103.9,1
0.058099425837849834,0.09286988760005517,73.35,0
0.7123131666677068,0.8793162919806021,83.85,1
0.05195889116322635,0.11935360185096575,112.55,0
0.08586337284185246,0.20435139820014908,20.75,0
0.14320857664266562,0.3235668597111987,111.25,0
0.05132898257153182,0.12272756994911503,54.15,1
0.6430179817527778,0.78274830467843,94.8,0
0.03726693905181325,0.03212744678815241,21.1,0
0.7422248010092277,0.893450087313715,86.85,1
0.7137681335408929,0.8695913107037838,86.55,0
0.21159701946303466,0.41943951581832983,25.05,0
0.3164057046565434,0.5684623449503098,105.6,0
0.7067570052052364,0.8532176874509019,89.0,0
0.3874681032294549,0.5798370239982864,25.7,0
0.04473702711295672,0.04565140578262239,20.25,0
0.17692656379113925,0.39747426953803755,105.2,0
0.0781304277488096,0.24135277078788098,91.25,0
0.04662578759393676,0.033200671093584475,117.15,0
0.5089369379558261,0.7326780849444725,24.4,1
0.7100636055727545,0.8677443852077169,79.55,0
0.1436371104323482,0.34634329690845295,101.25,0
0.050943196551368315,0.11843312290610147,25.1,0
0.036399071151370366,0.018424248981796496,115.8,0
0.7684723509089948,0.9117781563371194,91.3,1
0.14943765608272916,0.3860535786126918,109.65,1
0.036390826178883035,0.0252914339954136,82.45,0
0.7375905492282792,0.9098479074484497,69.15,1
0.2710372276090301,0.47834743120321177,60.65,0
0.06161126428193009,0.09670454729699417,59.75,0
0.03722403175367158,0.031488047131174965,79.5,0
0.04445280082450862,0.08514688024103302,19.8,0
0.0442568150141062,0.059730438599385885,20.6,0
0.03539670223844169,0.019481745527266173,19.95,0
0.1960643483380888,0.4388340940834834,104.25,0
0.7596405801081305,0.9085552592823639,78.45,1
0.7460452658431183,0.882865606734202,89.5,1
0.6614553314155449,0.808120335412184,70.4,1
0.1308745359374751,0.3218069943323144,116.25,0
0.07224332204446184,0.1489227792272028,97.2,0
0.6570376852637233,0.8200970822426619,80.25,1
0.0376930719328288,0.027417871251896646,25.25,0
0.07035020911824613,0.1515555607522497,73.85,0
0.05194769560368198,0.08510220987649499,39.7,0
0.2759475837528635,0.5133645819636916,80.35,0
0.22904046344042217,0.4634298781231657,40.2,0
0.04162358257229377,0.07170989620094455,113.25,0
0.04649714286512102,0.10946727341519011,35.4,0
0.12295624027665088,0.30115204746116625,19.45,0
0.16438347095891073,0.37783871164888805,72.8,0
0.040651107779268364,0.02837888780945949,59.75,0
0.034049818819608495,0.011457456381865901,89.85,0
0.03410751996394126,0.017745434144907413,19.05,0
0.043433585941877774,0.05265164454111973,53.3,0
0.1795730061131582,0.4252098135955143,43.55,0
0.1791824732625141,0.3139941295489852,40.6,0
0.11046720177144774,0.27829870817856306,24.8,0
0.04233235219353689,0.06607012597991938,63.35,0
0.09977352303861901,0.25987758612851436,89.55,0
0.6303118866008611,0.7849001823973066,45.25,1
0.38766668926547837,0.6268746940902493,90.35,0
0.18707656837280484,0.4367676596212608,54.2,0
0.31299649948936353,0.5349037093246152,106.4,0
0.13541673926425662,0.2952049925028372,106.2,0
0.038861695842212246,0.03818856418686382,64.8,0
0.05197044435897596,0.11031164462749515,20.2,0
0.1381783857090069,0.33349334788635193,95.0,0
0.10357863940255978,0.228610603553468,65.8,0
0.03521485925956203,0.026358686743607966,24.65,0
0.08455966008634917,0.2318161108459717,20.25,0
0.48612104628712555,0.6741008613543339,89.1,0
0.395820738849288,0.6164582167921696,94.5,1
0.16517258116707115,0.38519962248782313,93.8,0
0.5212378389040357,0.6849205327002309,96.15,1
0.4246447253799935,0.6331005453258312,35.1,1
0.13570255908092374,0.3090537919254437,26.35,0
0.041800551451257856,0.03316908973796226,39.6,0
0.6365648378456151,0.8052670902090202,75.25,1
0.16175577310772074,0.3987914668730756,100.05,0
0.03912649583435957,0.039702562872549745,19.1,0
0.5506242336660365,0.7271349255593238,71.0,1
0.5606154669597573,0.7678133190745493,104.2,1
0.4751200848721118,0.696560872816333,96.3,1
0.0391077875431556,0.04562720447930803,25.6,0
0.7511461743575888,0.9087229812982516,85.95,1
0.7710320780406029,0.9409371632978873,79.35,1
0.03794427838987255,0.034062175705862806,60.95,0
0.09588611998620666,0.2069382753193356,55.1,0
0.7010035854696849,0.8723518822423917,76.25,0
0.1458475599378196,0.3027252551783671,20.5,0
0.14138946758861534,0.34822123889800577,33.6,0
0.08203881120834107,0.18428535428300138,104.1,0
0.041606185265659845,0.06298383607896124,19.25,0
0.051630890872494374,0.08055015891614246,59.2,0
0.06184647521490918,0.18610083196515773,74.85,0
0.07507442761396667,0.2073178803786338,85.35,1
0.24167757581943194,0.484265831283916,113.6,1
0.04541411861928444,0.0750951612773379,54.6,0
0.08585189842735179,0.2221836656297857,70.15,1
0.5416565184952499,0.7363017055578721,43.95,0
0.04245718721254816,0.06060391442636866,97.75,0
0.09977874636318947,0.2759992980722908,101.6,0
0.7967564945551073,0.9511896725403646,93.85,1
0.13062325549332013,0.2692591034410624,20.4,0
0.5740219167400477,0.7318930693104965,99.35,1
0.6717160707998632,0.835773677268914,95.0,1
0.6387157436915231,0.8214067520243397,24.4,0
0.091996301315387,0.23017432400904278,19.45,0
0.07019822378783745,0.191085221095802,50.05,0
0.034639669066019445,0.028102914216309963,19.4,0
0.2063521271322493,0.42861782941309684,86.4,0
0.2587067683266555,0.48328725242709536,83.9,1
0.2612847089874888,0.4755649377907836,109.55,0
0.22745879563067187,0.45986176987008726,106.1,1
0.7507150003877557,0.8912884499232593,85.65,1
0.7069398456485302,0.8720941496689628,75.35,0
0.44672863010401503,0.7114493060965262,110.85,0
0.6484244220728597,0.8053500927417803,98.55,1
0.05149087373216835,0.10480813393712311,19.8,0
0.10462172287207877,0.3058620624955527,104.6,0
0.7511481854531169,0.9209319051434292,70.3,1
0.034346656996813135,0.023950714939355765,65.85,0
0.13843441103230117,0.3025213899227866,68.95,0
0.16551414450621219,0.3647701086423396,101.05,0
0.051144114709331924,0.094673816194474,74.6,0
0.6472722199276643,0.8050489706975502,91.65,1
0.11509984329950936,0.30601872042313333,116.25,0
0.03878346655533621,0.03389210094113895,23.3,0
0.7163005312725542,0.8595297767782472,76.05,1
0.04682875952975232,0.07745347405914196,56.25,0
0.037314633178487676,0.0360913579208264,20.3,0
0.038426011005217926,0.03778390103252593,25.85,0
0.3302073985415772,0.5565330321146191,30.45,1
0.033544344582945654,0.014065152961470465,24.85,0
0.27163424377278095,0.4616156110459935,93.9,1
0.04645279410262801,0.10784746620276832,107.45,0
0.7179348242590984,0.8684000291048803,91.85,1
0.35949961114583023,0.5673854855588959,49.45,0
0.04135172394762569,0.05886871742708584,96.35,0
0.04046985370397851,0.03719067116539178,19.25,0
0.26161043292312286,0.5292581627061632,105.4,1
0.6349512316828938,0.8074684103925535,44.3,0
0.09281130035801892,0.2195120274457447,79.4,0
0.0868812478041618,0.22032320127014327,19.45,0
0.09431405257101504,0.2635383470354359,24.85,0
0.12886407248187462,0.2702193898372322,19.95,0
0.0998954190963199,0.24757201558099684,57.6,0
0.039019479040169995,0.04094487438356737,82.7,0
0.06831846816065666,0.14988694263950106,104.0,1
0.5218916105521696,0.6773913797844153,89.7,1
0.04929160433380686,0.09554322715886783,78.95,0
0.7605458505127144,0.9320138128936126,70.55,1
0.1471730488827604,0.3657930199599674,99.8,0
0.13694209024177822,0.32963472566293506,105.45,0
0.10472071330564774,0.2573715006163115,78.9,0
0.06522923816297545,0.16084398510473033,79.75,0
0.036036052645825475,0.023219096642926432,80.7,0
0.03826291377770813,0.028025419709915417,112.6,0
0.7615408831239184,0.923750911811038,71.1,0
0.04128671540391723,0.08170684088828438,20.0,0
0.12439121767889665,0.2987479081802454,94.25,1
0.06925265592548797,0.1525545689748165,59.8,0
0.7570675004451047,0.9305725914066458,69.8,1
0.0812279381214096,0.21740046415000938,102.1,0
0.41149470102331875,0.6071671023578997,91.05,0
0.5293458255092163,0.7225332693648222,24.75,1
0.7815958060425227,0.9402346195885347,79.25,1
0.7652343420010644,0.9330396703771893,100.8,1
0.27346508790240603,0.5342521237993805,90.65,0
0.5535255137955674,0.7907826091882916,94.9,0
0.18127939069775675,0.394953870225954,94.75,0
0.057420313323645174,0.16361174109627377,55.35,0
0.06978857624457624,0.158368653558551,19.55,1
0.039708147082581635,0.026228191265478134,116.85,0
0.5535955772981108,0.7418285885049196,100.05,1
0.07179986364367864,0.1876785526074462,54.2,1
0.5830737595026361,0.7882651176111458,93.0,0
0.7412322758654873,0.8881696813749568,99.65,1
0.2335144247491431,0.4492548833721178,106.15,0
0.44922254594808164,0.6422285621262706,84.3,1
0.2656633098380727,0.4942423576991491,110.75,0
0.6736885035436123,0.8039974812186819,46.0,1
0.7465632080329558,0.9022742247996735,74.7,1
0.036363327958107754,0.021285832448052967,19.85,0
0.04059171912880428,0.05172560837845663,24.8,0
0.0426744281301392,0.05883453000809737,85.25,0
0.036029892817160854,0.030080651807628485,19.8,0
0.05830862883166608,0.13791472946157193,89.1,0
0.14930388423426338,0.28465233970601045,20.35,0
0.6871304758347828,0.8230136842376308,44.0,0
0.04276276209714827,0.06899347870614284,20.45,0
0.2704087990485946,0.5278531203731638,52.3,0
0.6503164295545518,0.8095922769804672,96.65,1
0.06883081373629978,0.1437030210398501,95.15,0
0.05680970575593892,0.10125723597386516,108.05,0
0.34249432643743477,0.5547877499633321,93.6,0
0.1813849310944384,0.39942208247918287,66.4,0
0.041776148236817495,0.06844539333258694,74.55,0
0.1048721080202248,0.27326712692002897,105.4,0
0.08486766270985975,0.16367286674799894,94.15,0
0.044857554640761854,0.07785995750074381,50.0,0
0.035415789843361904,0.019310622259122664,19.7,0
0.034830811085043635,0.02157113058837843,59.75,0
0.09011118600218021,0.24111457131017977,104.3,0
0.08497174542612247,0.22977566626788995,58.95,0
0.7033705068767437,0.848559926502449,74.9,1
0.6999995997236438,0.8479113057604426,80.85,0
0.037299026442499925,0.030255838382072943,62.15,0
0.6260452797904557,0.8176968754736806,86.25,0
0.7849560536873327,0.9431230193939885,85.7,1
0.08255015379823462,0.22571659881102368,86.8,0
0.3129237855835359,0.5928122830525561,19.65,0
0.23830246139871844,0.44477151919385716,29.75,0
0.3008884578545086,0.49831034786419937,95.7,0
0.040713757802924445,0.03270635553035644,19.3,0
0.7551967203973485,0.9143994381577492,74.7,1
0.14888208950209605,0.3131920623200831,116.3,0
0.1346823156866461,0.3017459807909091,59.05,0
0.07693816580819622,0.1792500568192756,20.65,0
0.047157590336257334,0.0787084528673654,64.2,0
0.642578221395291,0.7946999837203343,84.95,1
0.5345146578995799,0.7224918561186805,95.65,1
0.04565780835606109,0.06065628256779842,46.2,0
0.14333024121366203,0.29705149111736967,64.7,1
0.22853814503594272,0.4479882711439376,109.2,0
0.04496285381565216,0.06725577884438892,25.05,0
0.037695663439921756,0.03200576024164893,19.65,0
0.03637207608692685,0.03393884518952763,20.1,0
0.763233524305592,0.9213814913782219,95.2,1
0.6901710397389147,0.8308009233235963,84.2,1
0.7584004762204933,0.9078901444689219,79.6,1
0.04353970379739805,0.06885563207081755,55.7,0
0.03513649845499595,0.02488151542682938,20.05,0
0.5808879965292703,0.7605378011201929,36.45,1
0.3965614459549512,0.6139161628324733,49.0,0
0.03567364654742908,0.01921336980969618,25.05,0
0.6893903404288553,0.8270226949549558,69.7,0
0.036217035281093386,0.03135518167154255,19.95,0
0.1649015970412405,0.3130233393218023,86.2,0
0.23319708539616366,0.4509832593306408,55.8,0
0.29363550793634646,0.5387638934129719,50.35,0
0.659637882436663,0.813016375393897,98.0,1
0.6970975685564286,0.8512511907535101,70.65,0
0.25706573056355786,0.4923384871989517,111.45,0
0.07042841289480696,0.20494594601905827,20.65,0
0.08992540692951363,0.2408246377917517,18.8,0
0.24210911610022748,0.4275553861263131,60.1,1
0.033886453474854944,0.026329787396187035,89.9,0
0.04778973716546426,0.0684804368431713,109.95,0
0.04114993633005821,0.03517108324231555,86.55,0
0.040658527817926324,0.0508954583243237,60.75,0
0.10929062835972053,0.30453265208223745,100.4,0
0.6524961807930115,0.7768767443626124,104.35,0
0.5053545652425154,0.6881945999644449,84.6,0
0.03664175237098732,0.02823315519595643,20.25,0
0.04584177288296759,0.07304195786543097,35.4,0
0.042060926067753274,0.07754299486066482,64.65,0
0.5255985500221428,0.7161528817759775,24.4,0
0.4535032887007771,0.5904882364481656,24.25,1
0.03647846751056054,0.026778368171824656,20.95,0
0.08053742305735238,0.18499181096869097,94.35,0
0.21347572625789857,0.42183459892920694,59.15,0
0.4531234306667642,0.6642318156456836,89.4,1
0.28680422556986285,0.5563126605866315,97.05,0
0.05481922097922726,0.13987447095141653,79.2,0
0.5934667205203739,0.7837559061037577,70.35,1
0.29710149900792177,0.47985460203028824,65.6,0
0.5762812580422829,0.7613408619410046,74.15,0
0.05402002021539545,0.11555300787545462,20.35,0
0.459828964959243,0.6856007960363474,35.9,0
0.41136801619766755,0.5919107345669741,94.4,0
0.59954102272338,0.7530253905079696,85.25,1
0.2685567211950459,0.5073312471869611,85.4,0
0.5686743088011833,0.7614951400268093,55.3,0
0.08168103016815882,0.23068240526733225,19.4,0
0.1430534512138783,0.360070559485638,109.45,1
0.050282255445001534,0.0743476331357272,94.25,0
0.14802146757325743,0.34291814963980943,49.6,0
0.200504857394176,0.39796305094990225,65.2,1
0.7079845488598066,0.8664951286366428,94.2,1
0.7563551595732578,0.917538674710108,90.1,0
0.7327822101123186,0.9132923447608433,82.3,1
0.03628516771009809,0.026207360516134214,25.4,0
0.12200135349433917,0.32973410218979765,49.5,0
0.663412792259798,0.8159364316818728,73.75,1
0.08899068668583288,0.2519320295259695,84.8,0
0.040101562291239505,0.033062300985867564,19.35,0
0.063673411653783,0.12143522696338711,86.35,0
0.042168334701813116,0.06285363515036187,103.95,0
0.07216551738050268,0.20532907573520345,58.4,0
0.0932497108656997,0.26335718384841905,104.3,0
0.6697864291088926,0.8095268895498079,91.5,0
0.08556413487936286,0.20049594081434954,94.9,0
0.038736259366344505,0.025926162863805943,86.7,0
0.07379125851048238,0.20529125391274575,115.1,0
0.15955712826484755,0.3956220129974155,89.75,0
0.27510128882328927,0.5294240648259542,24.0,0
0.5287259717976963,0.7085734143531017,84.9,0
0.0355617515286605,0.025731230315771503,25.7,0
0.03909970304224155,0.04039795104453657,20.15,0
0.11692514457341667,0.2881980398771975,107.45,0
0.03326136816703672,0.011656178934937353,24.55,0
0.39106937591080126,0.569237043852975,70.75,1
0.0867454002492644,0.24049081274890977,84.0,0
0.11530706439033472,0.31273785576385127,105.65,0
0.30802462421511967,0.5502654526156991,106.0,1
0.04939279464590196,0.10958779722235178,64.55,0
0.07386393881177224,0.17726324338199967,113.95,0
0.08222048192177196,0.22476251476487993,61.35,0
0.1586051873033565,0.38020128681949134,50.05,0
0.06380481265469029,0.16533641764814294,105.4,0
0.35455336226569584,0.5602926208791328,55.5,0
0.7355126800853048,0.8963330290215594,84.3,1
0.17273250672383744,0.33052850394794586,56.05,0
0.0393803894045698,0.04976331363546331,84.7,0
0.1072373945931105,0.2801160507253297,20.45,0
0.10165397743147138,0.27416017709470475,105.85,0
0.7052808434885199,0.8575289187915799,97.9,1
0.5774534976259039,0.74593810579489,79.5,1
0.11448442506799471,0.25204259535556217,54.25,0
0.042427904103911264,0.06422561242516817,25.3,1
0.6284480376368168,0.7911053140229247,49.8,0
0.17086782336762885,0.39353496102300356,104.75,0
0.04476968592588241,0.061992387683401685,25.6,0
0.1455854850224054,0.33522175987414843,60.2,0
0.566195743536469,0.7429923754476268,50.55,1
0.3818772863982984,0.5845317278997816,100.15,1
0.4332573245463031,0.6153819110914602,86.05,0
0.06989577313255366,0.1037620487639677,109.75,0
0.12015157439214001,0.25503765178722676,81.9,0
0.7289194869100314,0.8734502421846693,99.5,1
0.08878849426525669,0.22896799870407564,113.65,0
0.16721656721810266,0.3286717386547847,63.95,0
0.05520307293361982,0.11426359036380264,26.3,0
0.03891580918627937,0.02884274190855191,114.0,0
0.35155381783967554,0.6316791330573301,103.75,0
0.5361680227816227,0.7213469903203923,70.15,0
0.15964435357038556,0.3806717810937146,41.05,1
0.04061507282567204,0.06334082814308749,65.55,0
0.0852096391560755,0.22048191560459932,20.5,0
0.5070777091005944,0.7127068102751922,50.4,0
0.573091331743854,0.7288175028248673,45.35,0
0.03892178098870731,0.03860034098587985,84.35,0
0.08605962635372978,0.21270006542729233,54.35,0
0.035811648061122886,0.03803978678011248,19.45,0
0.03611209452044276,0.02833965118278083,20.1,0
0.2375927659476499,0.5191600863331112,110.1,0
0.17999151248090753,0.40353254739200345,95.8,1
0.5655567118202381,0.746345101756006,44.35,1
0.032745010709741236,0.006074811071680587,20.1,0
0.4593787254613059,0.6842435467304311,53.4,1
0.4681106854785267,0.6979180494642295,94.55,1
0.12324366935825241,0.3483370294319549,115.1,0
0.037679543367278155,0.03610364120259175,19.95,0
0.03556082503983389,0.02080190586272812,20.0,0
0.6185924535589412,0.7552530015069058,75.75,1
0.13549981461972513,0.22430868148188718,40.4,0
0.4875799959923155,0.6782702442133736,60.25,0
0.04168957630454805,0.06263610680401449,79.4,1
0.15604932941840668,0.35522342717099015,104.7,1
0.22276658676642466,0.4654686632765587,110.7,0
0.7676130245938989,0.9360558707128659,69.85,1
0.09478586894492709,0.25475724296280033,111.8,0
0.1823875173200201,0.36114663736193536,44.9,0
0.09670781361006393,0.2575601606036797,19.35,0
0.16199266015175548,0.39368976553744167,60.6,0
0.03677005633565573,0.025695533409001107,19.9,0
0.22884011791488412,0.47596044542015997,79.4,0
0.5531543692446891,0.7478696311401609,45.35,1
0.679501877895221,0.8358107938315121,81.25,1
0.06482478981506894,0.1644463549279944,59.3,0
0.14477770465976805,0.3216610498156769,20.15,0
0.15662150607814246,0.398825176476575,118.6,0
0.6630648492566616,0.7975090449937671,35.75,1
0.13759754485443343,0.31905097571808044,25.25,0
0.07533353063766703,0.19082600878233905,79.7,0
0.04207444601150095,0.06611956340298925,24.95,0
0.7104600710876688,0.8826404936288115,75.15,1
0.559908763007054,0.7400072967239884,105.35,0
0.04583979142369887,0.08278829883384958,43.05,0
0.43443249755828967,0.6377043505641498,95.25,1
0.09739681837228747,0.22709830745128912,19.95,0
0.07451993501902839,0.1640334409770843,59.45,0
0.3004626741160578,0.5200322969571207,75.0,0
0.2142791704222811,0.386276688405263,69.05,0
0.1170364777068806,0.2732003701314306,94.05,0
0.035218796342258364,0.022052799843238623,85.1,0
0.7462351943720845,0.8713059475777847,95.85,0
0.03788879051821368,0.026261973150436175,21.1,0
0.14861793832993686,0.29403429420302896,66.8,0
0.06978592350551101,0.17618369546123608,75.25,0
0.09917041080179223,0.23105428355282295,19.6,0
0.08076197797748254,0.23351123508381927,79.25,0
0.46195305052162833,0.6702117331721309,69.0,1
0.2457370611381704,0.48230476588571625,93.85,0
0.5781568001131085,0.7571828953232286,45.15,1
0.1993707007730207,0.44732554783309797,85.5,1
0.7598814517467961,0.912757595512125,69.5,1
0.29626396597806637,0.5507161460094416,89.7,0
0.06826307440670328,0.1868744993834204,90.95,0
0.033871561235519355,0.01187757976009705,89.7,0
0.1786745103650084,0.3744612848995073,100.0,1
0.7255620091055306,0.8997738878115111,70.5,1
0.0587417810439717,0.07761871219190886,111.65,0
0.3163790140478496,0.5427245352216633,29.35,0
0.07234461456020565,0.21428547357521632,41.95,0
0.6084362573080858,0.7826862543439749,98.4,1
0.31128048588212415,0.503087373248455,91.55,0
0.15264166706135812,0.33564808128260865,30.1,1
0.07896495036413995,0.2142800076214087,78.75,0
0.09981412095509233,0.2573223031733022,25.4,0
0.03404774811173041,0.019390880108200555,20.5,0
0.5280050405986462,0.7143865946606338,89.55,0
0.06507940680830117,0.1535920189407652,90.65,0
0.5653412284041747,0.7197666177613885,35.05,1
0.4932594563960775,0.7027004940551843,54.7,1
0.6619508782262308,0.8125275170455564,70.25,0
0.10496179328894095,0.18623121069592566,55.7,0
0.23550005698167706,0.4417937966902401,94.0,0
0.3330299534810144,0.555596512828876,54.5,0
0.4208157171404669,0.6006633156935366,45.15,1
0.7132826285398378,0.8546088451024813,95.75,1
0.1102532769303808,0.23190836126113235,104.8,0
0.6055356089415779,0.7584488468986657,80.35,0
0.11192514815057329,0.24669087136681422,55.3,0
0.032964054635368785,0.009283132055956307,24.45,0
0.41163009465602846,0.6248838418442821,92.55,0
0.5587607032204357,0.723648591115435,89.15,1
0.3365037579015895,0.5399274176561555,46.3,0
0.035651240508853085,0.02867102617645652,55.25,0
0.47481628022792494,0.7185529341894202,104.2,1
0.03945936300693495,0.051008517763413745,90.35,0
0.3360990861935884,0.5924173918096132,73.95,1
0.15435862878348536,0.32850896596647877,64.65,1
0.033015647531220264,0.0075454095588489535,25.4,0
0.12011500895237814,0.32640563647053655,82.0,0
0.20667015425512336,0.4096959157503245,70.45,0
0.05366143448383152,0.09531477874568554,69.85,0
0.08214928361832269,0.24150263300662148,95.55,1
0.0369522869689883,0.02972688038549237,24.9,0
0.09481778533915536,0.23775296420612616,104.4,0
0.7431544366030488,0.8950531126289476,94.9,0
0.1418924656758844,0.28437891026022105,20.15,0
0.03972786299820926,0.04548821803576711,91.25,0
0.5174302083553158,0.708899887816253,99.3,1
0.03548930159572834,0.03444658089024331,19.65,0
0.15250771762804896,0.3065559728015958,69.0,0
0.47428389529612675,0.6477104736031053,85.2,0
0.2431355150057515,0.4397165587732005,44.85,1
0.4938561602041509,0.681497293854486,91.55,0
0.04735919902375549,0.0826825632695718,59.85,0
0.24158590780063557,0.5351557944813451,93.8,0
0.6380481285472349,0.798397639786878,100.75,0
0.22771136056289143,0.4377624606394812,64.8,0
0.07589969463739189,0.1590967455031043,64.5,0
0.6922758799453916,0.8540419738052775,74.8,1
0.18688109498669395,0.3593249348232925,63.75,0
0.4305613096860736,0.6615630443372553,20.2,1
0.03656375676429038,0.02889477482369611,19.6,0
0.03881997934576662,0.048087072334699534,84.7,0
0.039462875188504894,0.05259253227925063,80.45,0
0.6580229046088077,0.8138270472622589,54.65,0
0.15971516083881931,0.32671546873239615,103.2,0
0.46646315806830513,0.6586484329925232,75.65,1
0.03332577067908574,0.022216489467033224,26.5,0
0.17026696328057958,0.38651159929921675,64.4,0
0.03291469787500415,0.0058300811914237,25.2,0
0.11189246304862081,0.3088735388893644,97.85,0
0.17707138201496042,0.34491755195943796,49.8,0
0.30329188254172906,0.5550002269235101,94.25,0
0.03438452393575588,0.026069354484868842,20.4,0
0.10770996443726133,0.25998434832433415,97.2,0
0.2684932503748166,0.5373063558073781,20.35,0
0.5999233916713762,0.7723935574807441,84.8,0
0.23251588290901934,0.4505666979826721,55.15,0
0.0325679613701638,0.0063425969725447034,24.25,0
0.13630659874294812,0.3259139857824492,20.5,0
0.03840398784249275,0.02673817744288637,65.25,0
0.09197587787196833,0.19982315640913034,68.75,0
0.4649426950411964,0.646778468625159,99.05,0
0.17393298789463174,0.4023751402756821,102.45,0
0.046697674494325304,0.10409158359994201,20.35,0
0.5348844429754781,0.7465026570695176,104.8,1
0.18195235389253991,0.40240319093138166,112.2,0
0.03367070348532386,0.017573307790499926,20.4,0
0.7628539173139585,0.9023231784944922,85.55,1
0.054146710374019295,0.09950511903870045,75.0,0
0.5834535452046334,0.7499461765557754,45.85,1
0.050753055035639184,0.13575757540696962,103.95,0
0.7706908470409526,0.936370926880787,79.55,1
0.12736623631250943,0.35164695727544637,40.2,1
0.038383107791633016,0.034560005458534875,69.4,0
0.03589225877402354,0.02599758436045607,20.9,0
0.03514309129368481,0.020532136411887933,19.35,0
0.08837042958136367,0.1643544572175635,60.7,0
0.036728837933991156,0.029613048543314237,19.5,0
0.6873707383827662,0.8443812435579994,99.85,1
0.04641663443286362,0.10710483151228706,107.45,0
0.7642328945628293,0.9246660884121138,69.8,1
0.4021483185423727,0.6208140743992819,50.3,0
0.036895173698087876,0.030482880775101157,19.7,0
0.48362080620290504,0.6712287218838475,47.95,0
0.1501786852747807,0.353660399135438,108.9,0
0.12373193298952595,0.24241796056795156,51.1,0
0.6064659769001403,0.7549388098595399,78.0,0
0.03326252521470216,0.012437494918671152,20.05,0
0.3087096303427174,0.4982826358481508,95.3,0
0.6695693826191468,0.8255207719152493,84.45,1
0.033058182627258216,0.014586889053638566,20.15,0
0.1179068947067367,0.29771989341139293,19.6,0
0.4193007551883045,0.6222332789783241,78.85,1
0.7157524230184356,0.8747881791070137,101.15,1
0.16157804596499445,0.35852051649095057,100.6,1
0.10067372541953741,0.24380449310334118,19.0,0
0.036189552960710074,0.029018075000782146,24.55,0
0.03628045434674742,0.029890932684049142,20.65,0
0.5006933643222573,0.7009407164326578,84.75,0
0.4351408760888598,0.6413560088602246,73.85,1
0.6084579687723127,0.7426753368236212,85.3,0
0.19199132731446897,0.4462966669340444,108.75,0
0.5555687406099542,0.7246245863446558,90.0,1
0.06428143901411028,0.1700529504135538,60.7,0
0.09117664729292722,0.23997567532045205,69.0,0
0.04174728604265509,0.05321231783380148,106.1,0
0.5840765234512032,0.7485176466307354,24.45,1
0.08563568310585823,0.20754017373475522,75.15,0
0.6083736822474368,0.7882284320382617,50.1,1
0.08938805099894788,0.2519245861775101,106.35,0
0.3172602949483878,0.5125014891581283,45.0,0
0.17979225060465898,0.3493409870301138,19.95,0
0.735316344058476,0.9067102891186639,70.45,1
0.03892735070084577,0.03689353647050939,24.45,0
0.034996180311753534,0.015015843901606768,20.55,0
0.0489199760641739,0.08007777531273207,36.05,0
0.03812057322156545,0.03715681763651994,35.75,0
0.04178496580269728,0.04919014179214271,114.75,0
0.033147230769582474,0.012923428252654209,19.95,0
0.12786652874017324,0.2830339332369241,20.0,0
0.11271822177661416,0.28337417108851387,19.9,0
0.03500772081654868,0.012940480180969603,26.0,0
0.3438333991642943,0.5384728042085984,53.65,0
0.6855835987956765,0.8719046071627252,79.65,1
0.045754685616225456,0.08082148664950493,61.05,0
0.3023276113910955,0.5353407372807042,25.2,0
0.04110078593863672,0.05451064294125442,113.4,0
0.034162134405951186,0.020746743756799756,25.8,0
0.14134561512544577,0.2819685646843295,19.85,0
0.47181816621421807,0.6390007194128341,104.35,0
0.45509410381338267,0.5937180018547284,23.45,1
0.03752965912456834,0.029613048543314237,19.7,0
0.15536827885622376,0.35584683291910996,95.2,0
0.11744532877399665,0.2432907774676888,80.55,0
0.0398565086252508,0.034156679481384684,41.9,0
0.670805942732665,0.8065122216941404,35.45,1
0.10268901263916574,0.24086655612891614,19.95,0
0.04176431639924261,0.05355362241134735,84.75,0
0.03774544841643939,0.03447068369415183,24.25,0
0.3657447234061528,0.5843310691167379,50.55,0
0.1331024315169858,0.30584266152853673,97.75,0
0.03932553318693539,0.021083499437161993,90.65,0
0.6997211467080074,0.8683456184263666,74.5,0
0.042351634636989884,0.08235290314461664,65.8,0
0.11366095686794779,0.2804364976721214,24.8,0
0.07256621647818685,0.17940566316155915,20.6,0
0.38635178937707826,0.6293879086634383,50.6,1
0.19846773280633978,0.41585536221375063,87.65,0
0.12897549250412346,0.2595139897022028,79.2,0
0.14475186876193444,0.3170080821804835,55.3,0
0.057612531447093496,0.14151253260031177,74.3,1
0.6173906701798124,0.780531619472327,103.95,0
0.7660133573998141,0.9383287658071957,76.0,1
0.2511681482080173,0.484948172407575,109.4,0
0.0380905141415383,0.03729301487581019,19.9,0
0.41165075864094264,0.6578175178590726,106.35,1
0.03362245229272611,0.011579962940632559,86.85,0
0.3715122624847491,0.5917869371366028,35.0,0
0.08339184790063268,0.21905981061606383,90.15,0
0.38481529724844976,0.594018516712616,91.85,1
0.033925783146741446,0.01854883677632695,24.65,0
0.3580902823291006,0.5371394531076485,44.4,0
0.09757704513276633,0.2344934068946121,117.8,1
0.07991747178266868,0.1812951556816215,34.2,0
0.7741989967280275,0.9436816315043952,89.35,0
0.04708014954053236,0.04570477376141516,110.45,0
0.6526709646484757,0.8032233998889726,81.45,0
0.5603069893426499,0.7352549364939324,101.5,0
0.21547385528493412,0.4483378366774922,112.9,0
0.4178954699997382,0.6555334449876971,69.3,0
0.4034328978431345,0.630774423298573,85.2,0
0.03530023245437738,0.02613963668628998,71.6,0
0.5828376366762053,0.7572627265807461,45.0,1
0.046106122356244894,0.0874039938608262,59.8,0
0.0393786577374893,0.04290765458760768,19.7,0
0.055814504011271936,0.1340196375560806,83.0,0
0.03777037561024913,0.05136921346409739,19.75,0
0.03538763021483592,0.027690125144896147,20.35,0
0.7488493517032887,0.9286852768649766,68.95,1
0.3582742346428574,0.5662076750018338,89.65,0
0.406715600796337,0.6264876375049845,51.75,1
0.09290648243267184,0.26456136652676776,115.55,1
0.1547039098512338,0.33716123574139534,55.9,1
0.7519823790211797,0.8906471366218178,94.75,0
0.03275044830762234,0.013511481254885662,19.75,0
0.22958757692694234,0.43371828004582064,44.4,0
0.7415349506587225,0.8979650098090575,71.35,1
0.5591462271495659,0.717744360517148,101.4,0
0.773421323403992,0.9421775296757138,75.35,1
0.040222915135710836,0.03077274543015513,73.85,0
0.2131629583868989,0.4180533603025612,64.05,0
0.31270877675946407,0.5713177376853913,109.85,0
0.16230509322746134,0.329277285346637,24.6,0
0.04024338550477455,0.03444774208182624,64.25,0
0.08647461167717824,0.2178596777734546,20.2,0
0.040409154745980384,0.03382732712936468,79.1,0
0.1035656489955676,0.27297892671818136,86.75,0
0.06816515405837413,0.16027849538221217,44.8,0
0.6375902864642432,0.7749359006629888,71.3,0
0.06760880338110468,0.15541597681515484,19.7,0
0.046273102820174605,0.08067041281032787,56.1,0
0.05179925402115567,0.10661601079044047,84.45,0
0.24169526130525965,0.4751456202437502,44.2,1
0.40546600135587557,0.6460593131680238,30.5,0
0.23285122964378666,0.46770746239460964,114.65,0
0.05877939982231182,0.12183933790208162,59.4,0
0.6692911332056587,0.846726601575855,84.05,0
0.11961177000475533,0.2720825388051235,85.45,0
0.5107641406326248,0.7049807505196227,29.75,0
0.6956766903232457,0.8487332858917808,75.15,0
0.03630725302770541,0.02727646352924306,20.05,0
0.03822862012503339,0.04474304024725089,19.9,0
0.041014332642527886,0.039043770560752665,84.8,0
0.23155107537716502,0.48616386737392775,30.4,0
0.04502228694488556,0.05851281919355467,65.2,0
0.037397503710322244,0.0270166828816464,59.6,0
0.10560834725404768,0.23606892253250403,85.15,1
0.202976320482504,0.439633477210743,81.55,0
0.036886697721704075,0.033210877081412134,19.6,0
0.7588401527965533,0.8887625292865506,90.05,1
0.7190514950863638,0.8829134013871963,98.7,1
0.7534749029604675,0.9212533453480427,70.15,1
0.03353843973126404,0.007803754775173387,19.8,0
0.48862185641258843,0.6932819897234929,90.0,1
0.21021819414883294,0.3911022320683035,78.5,0
0.15559019659816473,0.3151957936852354,59.05,0
0.049542795849816856,0.09022153644746525,54.95,0
0.594631244113991,0.7535438243592801,104.1,0
0.18632194885428366,0.3655516221230879,54.45,1
0.7235906546322505,0.886974359171761,71.55,1
0.03715898057592811,0.042295244048809015,90.1,0
0.2627435163322324,0.5191271855771151,36.65,0
0.17108172907678895,0.3534079634939023,110.55,0
0.31935546188739,0.5355516464947078,80.75,0
0.30297345525941255,0.5619805254524567,19.95,1
0.03482060626773049,0.015963492970566814,61.4,0
0.48186446307131314,0.6579053543390886,111.2,1
0.21658131669348682,0.402598873417938,106.45,0
0.5359876475587042,0.7180695710173309,105.0,1
0.2888489279421596,0.47960469478415707,19.1,0
0.10893339790775584,0.18177644134666907,73.65,0
0.4007320784600787,0.6281281578144492,50.4,1
0.41434343084183284,0.6653273164054534,54.85,0
0.10363170890794922,0.24199317345203308,75.9,0
0.03707793464015174,0.04022247662715864,69.25,0
0.03961740740700025,0.02930428189430557,23.75,0
0.5429852486601207,0.7635052975830677,81.7,1
0.3388072799396576,0.5450181677193199,30.5,1
0.24237340926372286,0.4693272388326912,29.35,0
0.036012008797823236,0.02415658277824683,113.65,0
0.18664460751562753,0.4006573980257666,60.9,0
0.0369442279376147,0.03321501481634802,20.1,0
0.5632937183746302,0.741280587890763,105.75,1
0.16271671530265466,0.3464802369490354,74.55,0
0.20154703575278612,0.4045022736273726,44.65,0
0.03281671003851445,0.008953314417606916,20.5,0
0.32785971121273344,0.5674149526353603,111.35,0
0.061959514671823694,0.16464461415038598,50.8,0
0.7303947965462422,0.8989206140650947,72.6,0
0.39477371380898796,0.5799193361249018,85.3,1
0.20039752300345856,0.4288607988175996,54.6,0
0.035457732292441736,0.015072907367858728,19.95,0
0.06362999511185959,0.19010246351553706,110.8,0
0.14041685829036846,0.32641501131325135,29.5,0
0.5626815352424607,0.7416108604553039,46.0,1
0.7147134158732248,0.8847910205205125,74.6,1
0.6581003831725921,0.7900042925803861,49.85,0
0.5523624869654303,0.7356327975898826,80.7,0
0.11818130732443284,0.2658023931521016,20.4,0
0.09489115433208621,0.287139412734393,106.65,0
0.038052001379544224,0.037751687390738094,20.35,0
0.03418130488918198,0.025339129863542396,19.8,0
0.506390567911189,0.7249316688378745,24.3,0
0.20917800453819765,0.40446759757707196,90.85,0
0.09729826211532944,0.2739273254884797,93.65,0
0.07829602386096607,0.149920609473764,60.0,0
0.759304492722213,0.9083009302744514,89.8,1
0.03356048018671546,0.009829186661667821,24.95,0
0.20545525720827298,0.3946809574119914,50.2,0
0.09982189028481249,0.2614729759563999,101.35,0
0.04662903347874741,0.05340003647285897,61.4,0
0.07496155497781842,0.1878168692097426,20.45,0
0.12346698143823925,0.2983929791325987,45.8,0
0.5011626116323571,0.6868873967840786,78.9,1
0.06842060233693668,0.19593335614375573,76.25,0
0.14602152758326614,0.2768433952999221,51.05,0
0.5731521381259662,0.7403642901082753,82.35,1
0.06782405280853147,0.16223875784046995,34.7,1
0.03534875549527374,0.01577744207913686,59.7,0
0.04730658581615325,0.06814211887150771,88.95,0
0.11897516774021581,0.2674575548097377,20.15,0
0.054138143462515664,0.10494621883198932,111.95,0
0.055035682410249455,0.14820848020261054,73.9,1
0.1367966631921135,0.2856077291382783,20.7,0
0.03745853520518285,0.023423328126759825,20.4,0
0.3989349246690246,0.6377426050809794,45.5,0
0.7348423851155471,0.9163478059575647,71.1,1
0.08505675958961505,0.198084961319294,19.85,0
0.2165055067265056,0.36436905597402697,51.7,0
0.047053737972599395,0.08509689306867589,45.25,0
0.03690316260541806,0.03879201348503808,90.4,0
0.33855787071044857,0.5726636025717172,83.4,0
0.034991053576045754,0.023700344843672047,20.1,0
0.3979969525104005,0.5794700939104319,38.9,0
0.07779799360794022,0.21016155596870964,116.15,0
0.39883019164651173,0.5815946994160872,80.05,0
0.0792952974153354,0.190247615422234,59.95,0
0.14720568108798987,0.3045959377769615,92.2,0
0.29583965419419817,0.49908082567784734,92.55,0
0.0589972294543033,0.13841691833060552,64.75,0
0.07023547749078478,0.19633638655131305,48.35,1
0.16483463035928458,0.380552469889847,107.2,0
0.036073058445503986,0.029038330898427667,20.75,0
0.5386764347322582,0.7453463475810973,98.7,0
0.18995848774074467,0.41609042609480296,98.8,1
0.5434241957136937,0.6842144155555907,85.35,1
0.14447834011539443,0.30666775301924326,94.0,0
0.13976930963502918,0.3231792444637711,93.4,1
0.03384519067572032,0.009250332549240485,19.4,0
0.6955686410046398,0.8798750302474796,76.2,1
0.1006895333992679,0.21982297477213228,56.15,0
0.04468814286474165,0.05719514552851188,81.35,0
0.7500106410998041,0.9171432852444938,85.45,1
0.0445967409737589,0.07020114004888195,24.8,0
0.5602439959124966,0.745471307533091,103.45,1
0.25677943137088594,0.4828450788327686,86.1,0
0.2162362187450159,0.5083065711819337,24.45,1
0.5945592675391519,0.784595203594441,85.05,0
0.09884050803430837,0.2428596558069682,19.65,0
0.033896681297837676,0.01883478958836378,25.5,0
0.04552145468991629,0.06961628290901674,66.05,0
0.07383310200915162,0.20356391987322606,115.55,0
0.2898662263736596,0.5374527727447607,98.7,0
0.038306852368312216,0.041846567315066203,19.35,0
0.3570242102388617,0.5796676233971768,80.05,0
0.681562708502049,0.8363009820399585,79.2,1
0.6411651170102769,0.8064330404623486,35.0,0
0.1265478586131316,0.28314424010308115,103.25,1
0.42950591515045256,0.6064365056657578,89.3,0
0.03446542854285308,0.01260756543843851,90.15,0
0.3555708233266084,0.5426207964833225,78.45,1
0.034784148916940295,0.028407852698224385,25.0,0
0.0912252270673054,0.18941758996950805,84.95,0
0.0357638779478063,0.02581995014731322,18.95,0
0.052191320286740346,0.10037190913310066,70.6,0
0.3182632766716594,0.5275813528920895,83.25,0
0.2223509637478289,0.46966847076981555,100.5,0
0.16448592328129139,0.39339969249120027,94.3,0
0.04879835574757427,0.06919111762222943,111.3,0
0.5214899175174504,0.6927866333575362,86.45,0
0.12660219636023975,0.31995810919778994,103.15,0
0.05368729458221679,0.12986283758349654,70.95,0
0.5310002006273713,0.7231194012938599,80.6,0
0.10875222944044131,0.26805282938705904,24.7,0
0.04243678540556256,0.03964775643695692,75.8,0
0.1992941707930059,0.4079152743068316,100.3,0
0.467535858335022,0.6413135105102149,94.55,1
0.16441205094129951,0.3592281974022502,19.25,1
0.5037583594423808,0.6779889283755103,104.5,1
0.034226154847482794,0.023058007651980628,25.45,0
0.19245342777419228,0.40119611993341936,110.85,1
0.04376275371787051,0.05597579312640568,40.25,0
0.6711854566461662,0.8170769572744575,99.7,0
0.032730867310039935,0.00787744867199971,25.75,0
0.6371854588181898,0.7883070458425442,80.45,1
0.2129589502510537,0.4656138564720365,19.4,0
0.03602389637955045,0.031904336782703414,19.5,0
0.34496700118726786,0.5381226154586622,74.8,0
0.04097826436068417,0.061632814564066496,102.65,0
0.21197719163358406,0.4311632031684881,72.9,1
0.2931241835618242,0.5185916787863241,58.95,0
0.39146784897322734,0.5970838837996001,19.45,0
0.5113596460941342,0.6902783802954133,83.35,1
0.03554239612302879,0.02012248143884207,19.95,0
0.04542523808371381,0.07608078877821246,64.75,0
0.04198749229203491,0.07221254946839885,79.4,0
0.23425957844048537,0.4579566067232814,54.7,0
0.19028319586660417,0.36441106528200945,106.0,0
0.3065315487700475,0.5396354837047258,35.2,0
0.7906822196249491,0.9459549523678957,93.55,1
0.18017480854985923,0.3813719970385252,18.9,0
0.6705155601320164,0.8253659582622503,70.3,1
0.035641322216717654,0.014520886836241224,20.65,0
0.5673346831318025,0.7207888245610559,88.45,1
0.6846551720399932,0.8678027561085084,80.2,0
0.21663251243299,0.47603898007822826,105.35,0
0.09558721962066043,0.24608689986915877,25.7,0
0.035507383475887444,0.033182891355974575,20.05,0
0.4074865843203732,0.6410737159459402,19.5,0
0.3901371094067239,0.6158359097650576,108.3,0
0.10755394774662148,0.22687466984015117,105.65,0
0.7328310693140354,0.886368764818925,84.0,1
0.11665410822409439,0.25981688679534737,25.55,0
0.20091865186854052,0.4455331587480894,49.05,1
0.03684014147161397,0.02095962012113004,49.85,0
0.2601192695353869,0.5020475428244461,89.3,0
0.0569325737559492,0.06219907544132859,111.9,0
0.03864122165736549,0.0427325248936423,67.65,0
0.03803507766622095,0.031163706437832613,19.8,0
0.17444354886467262,0.3792081538453254,106.1,1
0.44902221091652,0.6636952098059983,40.3,0
0.6498937357645581,0.8163873162010872,79.8,1
0.06696465963899466,0.16043116330119342,74.4,0
0.7433814771364688,0.8888942070701783,88.85,1
0.5451044548099081,0.719501508639755,79.5,0
0.044396175867560506,0.05266466108782225,40.3,0
0.09282058479920542,0.180747117395578,109.75,0
0.4151151537932464,0.6082746122441414,105.9,1
0.1346138735191322,0.30174511360934436,25.45,0
0.03636125514447427,0.021313447040558136,24.75,0
0.43327908162639917,0.620627369734772,48.75,1
0.042909181280446455,0.06770944025569907,39.5,0
0.047460022452794605,0.06640468336250786,23.75,0
0.04085837638151458,0.06059998733588081,89.55,0
0.14982788053072946,0.30973493326397883,20.05,0
0.15476810275023983,0.3050086835444095,109.6,0
0.13457288702820205,0.3115127828676693,19.55,0
0.03993852662650236,0.0523691190332436,88.05,0
0.04345712515211825,0.0757254892628958,70.85,0
0.23897828082228054,0.4421616861848242,106.05,0
0.03396916901350557,0.037433653429932545,24.55,0
0.16842087646007298,0.40566791511123396,110.5,0
0.40408327185815535,0.6032974186365302,49.75,0
0.04146803440271001,0.05729303234158614,24.95,0
0.3162990389962774,0.538748364264212,34.7,0
0.6101460332524264,0.7637914119882829,99.8,1
0.046047224502737516,0.08437583175899738,61.45,0
0.0454597544067706,0.07408819969545355,19.95,0
0.03265428348458442,0.013893692767019076,20.0,0
0.04981211271946281,0.10889246731190047,24.6,0
0.03502462493986104,0.020210397712660894,25.75,0
0.4650312426938676,0.6783253067573173,49.55,1
0.07361432938304135,0.18164936887726751,76.4,0
0.041511152022837755,0.05252324861374584,20.0,0
0.7470722981780137,0.8901537571194433,96.25,1
0.10679505821149432,0.2568564351765852,19.7,0
0.03701016539666035,0.022927752714619633,80.4,0
0.5703250207883257,0.7290035850868186,94.0,0
0.084713304855957,0.19154578902401165,20.5,0
0.5229864717758115,0.6993850175035055,74.75,0
0.04957766519605522,0.09761233958649788,64.15,0
0.16886937711672637,0.36482130436589666,59.45,0
0.06406377530322217,0.14935708642352097,100.65,0
0.062140731364205816,0.1026540262415499,47.05,0
0.03583599781828086,0.018249179582268408,20.85,0
0.5108150654266026,0.6815163634189668,98.4,1
0.17889486139907418,0.4188470775690086,44.45,0
0.04280934910227142,0.04549454622088459,86.15,0
0.7632035335236127,0.897063703255438,84.05,0
0.5547328239478329,0.7382927416555506,82.65,0
0.6729739787659258,0.8261677903583918,82.0,1
0.0861128190210184,0.209595333410505,106.7,0
0.042852723112633606,0.05607205345240755,58.25,0
0.43504786749732327,0.6283511370119971,19.7,0
0.05067531055760848,0.08414530571488976,19.95,0
0.04616955121561545,0.04725526345864355,78.45,0
0.05416518779588819,0.11952609251399925,50.4,0
0.3214579905760797,0.5344664451154171,69.35,0
0.30671167441681235,0.5707084096617489,25.0,0
0.0907304867960791,0.2439161106627913,20.15,0
0.05475978260262616,0.07380392679049287,90.45,0
0.2830769863816011,0.4648742374066621,51.25,0
0.0339774838736574,0.0189408633472367,25.6,0
0.23019808181431686,0.4694404118796813,33.75,0
0.14334451293809547,0.29450508684129123,20.5,0
0.34112154010334256,0.5496485220229574,48.25,0
0.03320434183312632,0.017288181285729544,55.65,0
0.03330193911297121,0.022079036484060045,89.4,0
0.41537490695336127,0.6134532189319473,40.75,0
0.03976069014079531,0.040934739026419927,69.7,0
0.07262372713310337,0.20546210590424396,110.8,0
0.07035610942048573,0.1843426685523883,53.5,0
0.10919380050982043,0.26243020295280295,25.25,0
0.03621530954271476,0.02578724488730457,19.65,0
0.042415634029920025,0.0657163551889455,24.0,0
0.05079965333021497,0.10978496728154234,53.15,0
0.3991487137688998,0.5743124979719341,89.65,1
0.6208304210100435,0.7999065510406924,84.5,1
0.04241049402348479,0.053494091637492476,19.65,0
0.09516470500395968,0.2432898066837923,20.4,0
0.7268206447592491,0.8987714983372206,75.3,1
0.4673706618595561,0.6481054571829197,85.6,0
0.4294223034314819,0.6329801733900553,46.35,0
0.041088042830353666,0.05000619645686035,55.65,0
0.047727694787956416,0.03802051142885262,19.85,0
0.1655666681681416,0.38566475753157725,71.4,0
0.5022361280767286,0.7225825691711925,98.9,0
0.7402011967915332,0.8913053502138665,99.8,1
0.7537300625224592,0.9195796793166985,98.25,1
0.035628055389944485,0.01927767176159441,81.85,0
0.6113473402601676,0.7825299554028046,44.9,0
0.21225343950503794,0.44216578510690063,103.05,0
0.15900670863230426,0.34863389660143523,19.3,1
0.0806443201298996,0.1901924979367565,20.3,0
0.07465843170147562,0.19526888986748078,58.6,0
0.23250188398642715,0.46173153982139137,100.75,0
0.08433127207037251,0.19542133800724742,19.95,1
0.4019975359997232,0.5858637557966074,88.5,0
0.03975883432172693,0.04536725416652261,71.1,0
0.10694133245495135,0.24848416489723893,75.35,0
0.07300127005652594,0.1831281463616032,105.1,0
0.12060580090600893,0.24766345736604237,57.15,1
0.43809998624125,0.6116550231490524,73.85,1
0.050329957750689436,0.10960528060666563,78.8,0
0.1692749404047892,0.3537815664884629,49.25,0
0.04451573758688134,0.06631391963026698,26.8,0
0.7414556430777877,0.8987338757007315,70.15,1
0.5104165916756515,0.6917502289454677,94.55,0
0.4604119681110295,0.6723787731566226,103.65,0
0.7205069154322158,0.8826961843215186,85.3,0
0.1785243002948107,0.39976268741899157,113.3,0
0.5097155143544115,0.7247565045509787,104.15,0
0.041636020157122755,0.04044965777877569,73.8,0
0.24869862606389392,0.48350236262364243,93.25,0
0.625403122413755,0.7915448648709633,79.05,1
0.03730897101664948,0.030102501155167858,24.4,0
0.035965918372973846,0.02660048375357452,20.15,0
0.17624728140209714,0.4452069821012547,105.75,0
0.3018744878542035,0.5702630737023995,81.4,0
0.09482766488881413,0.18225172709655008,101.9,0
0.06649695516364763,0.18629340760697752,118.6,0
0.7615062542490217,0.9193057172041861,69.65,1
0.696289482698782,0.8572247515787156,91.3,1
0.40579804356074894,0.5833275146731797,90.65,0
0.46415531859167264,0.6562295154636714,91.35,0
0.035934986686256505,0.023902304886774348,19.6,0
0.6243725040877969,0.7943289188962704,92.55,0
0.04987922455362508,0.10206332242130502,48.95,0
0.32619436746557245,0.5674213389240212,74.0,0
0.14202275786632876,0.3547599570521593,58.75,0
0.03395550407605268,0.01622759409286156,82.85,0
0.12437075816024183,0.34766127234308847,48.7,0
0.38659649780133803,0.6005349579804163,107.4,1
0.0415318480295836,0.07197596430120345,53.65,0
0.046712802799748245,0.0989441353841273,61.2,0
0.03992046657062074,0.045599298913498704,65.65,0
0.1505780450994702,0.3438078514424647,46.3,0
0.4064131185843818,0.5907143900960352,75.8,0
0.20464742891399165,0.3683944823835718,74.75,0
0.09258010542668861,0.20412706746620018,100.2,0
0.03458843001934276,0.018428288898361657,20.35,0
0.21523097624620094,0.4186419533036481,25.1,1
0.21714398689325728,0.43187168488460853,45.4,1
0.39371605478361843,0.6004986663930171,36.85,1
0.6330744123951847,0.8039115549599022,35.25,1
0.7416626259231606,0.8894468741293527,89.55,1
0.49579119562234936,0.7062734844142688,76.1,0
0.2783483777318239,0.4701058715192806,85.45,1
0.43636664185666135,0.7170283830963364,19.9,1
0.6549964157277356,0.8329952956469532,80.8,1
0.03870937425410983,0.03889685479559459,25.65,0
0.32002032135700925,0.5196312088663189,54.4,0
0.06726898544038018,0.22016373252938096,114.95,0
0.04532881324216979,0.0554066188519572,47.85,1
0.6033000442845096,0.7638995860151865,75.9,0
0.4769153223051057,0.6871203205905025,48.55,1
0.7108337610643636,0.8830514504389652,69.75,1
0.7598672002771801,0.9135862661061034,79.95,1
0.03843020744672879,0.054236541816929884,25.7,0
0.18882796339759692,0.43059982001092795,50.55,0
0.03337864624485203,0.010095109442957592,24.65,0
0.036415217164416605,0.029441342120149153,65.6,0
0.14197387060821992,0.3348959699688925,85.8,0
0.31060480686212727,0.5626508937570756,85.9,0
0.047789740174175456,0.0830214831224987,34.05,0
0.67244024232702,0.8262906028645342,84.6,1
0.3214260151914475,0.5386615480163441,31.05,1
0.03522507106574536,0.025511652624715168,20.3,0
0.03672109884107671,0.0342957665685039,91.7,0
0.04366381593076,0.06163126754661714,114.0,0
0.6029914148180044,0.7709897931385928,45.3,0
0.07397830377752723,0.1814319154267614,44.45,0
0.47181675705342035,0.6572866591072352,74.5,1
0.3793294767470563,0.6145292998699922,94.45,0
0.08521805001514425,0.2228922751765344,108.6,1
0.1170952299443387,0.32854771324064447,59.85,0
0.47296442069387395,0.65708382935555,85.7,0
0.06901657538334292,0.2085407768458473,60.45,1
0.7278992285127731,0.8839126517960665,99.15,1
0.15632344212542437,0.359893955575315,104.95,0
0.30327425284218734,0.5137775182044497,74.4,0
0.1584621664615835,0.3485667476111519,59.65,0
0.08120034986106238,0.1860269569733852,106.85,0
0.1706073301180764,0.40059888540817,104.45,0
0.11254296813494513,0.3151595883319635,70.7,0
0.6505123970895409,0.8184867824655769,82.9,0
0.03673346019145357,0.02133842872341599,20.0,0
0.2201538132101957,0.4526432461200084,24.9,0
0.07259005919373546,0.1787327403531847,45.05,0
0.06990507097271777,0.197724334661065,51.0,0
0.06542117507526285,0.1715358621786301,109.0,0
0.7024818327595779,0.8493752439495782,36.45,1
0.04324786875518579,0.07731345692012745,26.1,0
0.2378719722558723,0.4427928841856232,46.0,0
0.08969169748361243,0.230171333756158,20.25,0
0.5210308256551794,0.7130841017673569,88.35,1
0.07722840047079042,0.13426115745917283,108.1,0
0.6448750369220483,0.7916507478737271,43.8,0
0.07678926625153905,0.1586666814264947,99.9,0
0.47962004696248206,0.6652549948921612,95.3,0
0.5725931784302963,0.7257915046492375,94.7,1
0.2806853970712772,0.47222084234974154,91.7,1
0.03794688424057072,0.0390617182316844,20.55,0
0.05756951710765391,0.12168365112491063,25.05,0
0.33163465657324404,0.5710006649216202,84.4,1
0.5390103127483717,0.7302397959896795,81.3,0
0.7528112326799542,0.9055017848160323,70.85,1
0.16740655254890266,0.31021569733194104,70.05,0
0.06793813531399126,0.2062466635693016,105.35,0
0.2501850221551302,0.4816381291596976,33.5,1
0.6548823119782997,0.8049530214138014,74.75,0
0.2742837110314659,0.512937868154412,81.5,0
0.04047061402487323,0.05892428613423347,19.35,0
0.5930969887792451,0.8036101136462127,94.4,1
0.13829451257883776,0.34696558817899276,110.0,1
0.03641460834385144,0.03063719350613857,19.2,0
0.5040723897384675,0.6942962114614052,50.65,1
0.03818494601454322,0.03553774915398831,20.65,0
0.2800463805623097,0.4691367828039285,44.55,1
0.08915954466697347,0.22468949674764335,71.0,0
0.7707728108063138,0.9187976330826854,79.7,1
0.14598590010977952,0.32962962803523366,49.55,1
0.03621882445376024,0.03383582807744429,90.45,0
0.3541153259629137,0.5613604711353418,51.0,1
0.03603718653753297,0.03883564514635206,19.7,0
0.1102890587770239,0.28488136325850005,90.6,0
0.0397395429904287,0.03390620563285401,53.1,0
0.7005239233139119,0.8459593277400972,81.0,1
0.03476272655762256,0.023500978133929006,24.7,0
0.10280393690394755,0.22393541629108452,18.75,0
0.5293994557214683,0.7046924897893903,75.35,0
0.28739475852951335,0.507236787143084,93.25,0
0.035847481854115244,0.032531865601311806,89.85,0
0.12110551740600332,0.3158658961686695,67.45,0
0.04710443696190584,0.07503024456890552,58.6,0
0.5475519950358844,0.7182179849435328,94.65,1
0.0601727458969469,0.1178542397029538,118.2,0
0.04241809597200194,0.03881182170481647,114.45,0
0.07589146928371118,0.1943018639195521,74.05,0
0.05079478920512049,0.06574093507816355,76.15,0
0.36920809194667853,0.5664950935330941,88.3,1
0.2641025906325998,0.4685866321955161,60.9,0
0.04130398725191673,0.06534186794932138,19.15,0
0.03261195546586282,0.007792981363414126,19.8,0
0.07313646122553712,0.1575407768702424,99.0,0
0.37849280900559773,0.5983592870092687,20.35,0
0.143947903191477,0.33722313031577444,109.5,1
0.46371096234404025,0.6718957420628173,75.6,0
0.43914463847393853,0.6506266488250141,19.85,0
0.29735690271020726,0.5132969053620634,40.7,0
0.09482855505343192,0.24590536001726046,94.8,0
0.32344219060961554,0.561390649636853,43.95,0
0.1975448227719574,0.39670242976559006,103.15,0
0.6510774598342456,0.8553459745748855,99.6,1
0.09785250173056093,0.25771880394779784,106.0,1
0.04172163930085169,0.06668598464840189,61.4,0
0.03353728469557196,0.017972054410852187,54.2,0
0.17991596163608667,0.3755224112579272,60.2,0
0.03400319841499216,0.014331682160758297,20.05,0
0.07089166463410664,0.137091665592135,89.75,1
0.056065779618783236,0.12065119501214487,60.05,1
0.09807165386798677,0.24093328031546188,19.4,0
0.03964075508000539,0.04564203185246996,59.9,0
0.7794265295036298,0.9446513426854624,79.05,1
0.07375210267176506,0.13033804519001765,107.5,0
0.15085656541041656,0.3612658330408709,106.4,0
0.6294224530661464,0.7933122378744029,79.7,1
0.03680140240896069,0.028067890591758,85.15,0
0.6664015407784715,0.8372712256916663,80.1,1
0.05238041969244037,0.08963512824256616,111.65,0
0.3409307799458025,0.5509810578607471,44.25,0
0.0835576180838929,0.1882302426209751,98.6,0
0.2194420776061878,0.43969271375206487,70.5,0
0.1982662525073148,0.39913730822204063,33.6,0
0.41246359473356353,0.6180188944853601,20.0,1
0.03303182019944708,0.008868138829365258,25.25,0
0.36543104650051067,0.6004269465860936,85.15,1
0.443304406693668,0.6548119793039204,20.05,0
0.10439439515425025,0.22500206021564048,64.1,0
0.03346741576138781,0.013773421541844875,19.5,0
0.14138775292064304,0.3284982367743673,63.55,0
0.035059159080292605,0.02582385429716785,55.45,0
0.6421631808119593,0.8002910944487761,78.1,0
0.04894811718795495,0.09267555174898957,110.45,0
0.04233742029598672,0.03809186343411022,115.05,0
0.32298770701705376,0.5861262229869239,74.6,0
0.38637547223956287,0.6182629872413039,48.35,1
0.09728923655592825,0.26717164830457113,19.9,0
0.7261984782711802,0.8971601833402474,85.2,1
0.3112071248751971,0.5220438359720673,40.1,1
0.5430829245811856,0.747657156013096,30.25,0
0.41097394154400946,0.6085714376247381,84.05,0
0.03784460307332833,0.03961424634496329,66.0,0
0.03761855308850324,0.03924718040617736,24.55,0
0.46638553336973615,0.6841335575138812,29.4,1
0.47681770270315377,0.6518331262249122,93.2,1
0.13565687160291084,0.3000513945774068,99.5,0
0.06896484631603798,0.1507276316878593,81.6,0
0.0957476084100815,0.22088914964547202,20.0,0
0.0440351817573291,0.06030657704974132,19.1,0
0.7091356719822661,0.8674250476121655,80.6,1
0.0330549109236016,0.008151592024109635,25.45,0
0.1217856983751721,0.2787857219059144,19.95,0
0.4793918520527249,0.7177520220196938,70.15,0
0.03623446759115579,0.01626876745669835,18.8,0
0.15518205754965322,0.3733574159733012,58.6,1
0.3254155003985196,0.5498851379253228,108.75,0
0.039467788951473175,0.04311434051397207,80.45,0
0.04382577245634362,0.06833151110483286,96.9,0
0.347512003144192,0.5505739610546261,90.4,0
0.08034372196749867,0.20361143841174112,20.75,0
0.26774635105868905,0.475657742591393,44.85,1
0.15039689696350542,0.34067064979501327,65.35,0
0.21026583584701505,0.42643066612229114,64.1,0
0.7137095305929457,0.8701708489631473,85.5,0
0.7111681052821851,0.8859885718000455,94.95,1
0.6296344497104757,0.8145983858744484,94.85,1
0.6578138427315489,0.8073002939931666,99.95,1
0.5223854566941588,0.6843993259692677,84.95,1
0.3807320526303977,0.6252226412145985,105.45,0
0.07592251544426154,0.1477153873978154,55.95,1
0.04094632607069454,0.04827384633657798,80.6,0
0.05541436545157979,0.11055648442091792,52.0,0
0.0356749559592858,0.03192831723317718,20.3,0
0.042492699482662044,0.056409335816579836,19.1,0
0.6127046505880757,0.7556970047744511,74.3,1
0.04186349702720285,0.04058389926372806,88.65,0
0.03276552445828362,0.0072517921558810285,20.0,0
0.04829476692572624,0.09355708239254833,54.65,0
0.13689818074069124,0.2629253907845027,64.65,0
0.2649899791364902,0.5179703194992828,106.65,0
0.03657550619014386,0.03612711061876854,92.2,0
0.43447862265609394,0.6320130380671329,74.9,0
0.7599868005576838,0.9246961402866549,69.55,1
0.5796275847131427,0.725845550487309,100.45,0
0.03327035943799463,0.007993508015971141,24.4,0
0.6185640818400181,0.7364055120686324,101.15,1
0.6940304525982387,0.8298864882012401,80.85,1
0.10229628937282507,0.28382797194389536,106.5,1
0.14093002510538774,0.35773542677679626,106.6,0
0.2017649764038579,0.3692887611127366,54.95,0
0.4064665877787624,0.5962299574133303,71.8,1
0.47698303980723233,0.7186121338795826,70.2,0
0.46369493939527756,0.6959554647439445,108.9,0
0.04198175620361642,0.046463978049360456,19.55,0
0.5935404683258966,0.7778608245575623,105.85,1
0.0749051146520612,0.16545476434326056,74.8,0
0.03754107206663881,0.026561234878709906,81.3,0
0.033612689642146046,0.013355003414569001,23.95,0
0.061827373944490706,0.09671101163631705,19.2,0
0.0395217080315123,0.03715174390934629,69.55,0
0.1233293531632687,0.2853479136061091,48.95,0
0.11653617858707306,0.3045194193731896,100.9,0
0.06625954455103757,0.16318475609068833,61.0,0
0.03664041571334143,0.040940149103935904,61.35,0
0.10541367527964866,0.24152541718275666,59.7,0
0.6819974305702258,0.8663405831472542,78.95,1
0.12343208877902896,0.27738179884421743,61.65,0
0.34759798956513244,0.6230106902241622,24.6,0
0.5664312940873907,0.7218078185014555,90.7,0
0.13572550119433374,0.379316125733817,99.25,0
0.7123754290232304,0.8602686401765738,94.0,1
0.7627145793152955,0.9132266101553159,93.55,1
0.03470348848827134,0.014931460791476827,20.0,0
0.03391693025598521,0.021172534640058152,19.9,0
0.4835625910738243,0.6956575092225955,59.0,0
0.6933206225118004,0.8449262643027365,85.35,1
0.03351404320776493,0.015294806472067365,20.3,0
0.09117459521914206,0.25207112379677266,54.85,0
0.5976883214655971,0.7795295216770396,92.55,1
0.03264216633027494,0.015781390938744446,25.55,0
0.08270188844320187,0.23883769467635593,96.75,0
0.03426436141842699,0.02101850596619535,20.1,0
0.03385044906899568,0.009385191779305902,20.7,0
0.08520924530585394,0.1826807340272944,55.25,0
0.07144762048258048,0.18543847160557278,95.75,0
0.6071723853611904,0.7631434210181486,103.6,0
0.16074213226385062,0.36776900316968825,53.9,1
0.5287834971412583,0.7171088475762707,101.25,1
0.1474947354329603,0.31962932182435194,19.6,0
0.035560823218872106,0.02193535703200518,26.45,0
0.413958532750089,0.5902545443901006,95.05,1
0.06861065183850464,0.147090597240694,81.4,0
0.059696876968817626,0.13006150514984283,105.0,0
0.7598183211268413,0.8965903145341527,89.3,1
0.07943154526979394,0.23718870542503454,105.0,0
0.4143392291826095,0.6315578370347689,75.4,0
0.050536519194357345,0.10492445955965145,71.0,0
0.10118509502506357,0.22532444526130296,66.4,0
0.03435037244362226,0.013888056741667421,90.25,0
0.6731015797890807,0.8256642304831681,100.15,0
0.05155807002884597,0.0785644111243407,104.9,0
0.050002699088934933,0.10581315694178572,56.2,0
0.40851803479154075,0.660786328170832,70.3,1
0.658838956907854,0.8267396222427744,101.5,0
0.2621624397726509,0.5079338332919159,19.55,0
0.2576865150785727,0.45860825084414186,44.35,0
0.043107955846038694,0.04627928636454751,19.35,0
0.33514121818869363,0.5848558592701699,20.9,1
0.0809158329463595,0.2012277818230087,20.05,1
0.05076645691638029,0.09805112008550274,75.55,0
0.1757740578925957,0.41119306828459096,30.3,1
0.5635131262635394,0.7446415604852359,49.5,0
0.7043705278249525,0.8451680351558725,74.6,0
0.6687984085573788,0.8291143940016074,91.1,1
0.039125780672992584,0.033594236235407145,20.05,0
0.43853227112691395,0.6255598228763439,19.85,1
0.10972666739893329,0.2621210474389237,20.15,0
0.03996773998474668,0.04687901851994902,65.5,0
0.4843968262485843,0.7232263155686777,104.4,1
0.1534215035107538,0.37306675279455664,100.55,0
0.6139318206856136,0.7912341942861514,83.65,1
0.03656552971269277,0.021172152655428614,113.1,0
0.6710219198202824,0.8106681065043144,99.0,1
0.048835157256644286,0.0907088156105838,24.85,0
0.42034066974499856,0.6473111699084371,105.2,1
0.301936227654828,0.5559688226471968,83.55,0
0.24130843706594693,0.49742628160703445,81.0,0
0.35980792932045147,0.591864192547599,19.65,1
0.03813514898026856,0.03458242856483807,20.0,0
0.16320443966578468,0.36770698681582853,110.5,0
0.6271121578656804,0.7913066066624027,98.75,1
0.4269627202854627,0.6137996410065844,20.15,0
0.10991571282093641,0.24601530015022652,98.3,0
0.5498692097411974,0.7159106208426642,93.2,0
0.719298360461652,0.8473492944496342,91.4,1
0.05040978072830322,0.11014905878632976,49.8,0
0.15729599200283065,0.35648925560113864,39.45,0
0.04057332897298254,0.05508037763320009,19.4,0
0.047169578267019195,0.07571585035457659,25.45,0
0.5406019613706589,0.786748467700908,96.2,1
0.6147596064063775,0.7785688815671339,45.3,1
0.16091557183662356,0.41112334238434384,109.6,0
0.0416399280381597,0.0638971793433233,56.95,0
0.08946323141672807,0.2039308856558835,79.2,0
0.781897195033796,0.9464794376956573,90.75,1
0.042044521907470295,0.05663054588732512,19.7,0
0.6456029221354979,0.8008321145593061,94.75,0
0.06811866688000341,0.19082983472375087,54.1,0
0.19865697797899695,0.4336871899022087,60.25,0
0.28476866932967854,0.5290300200686482,73.85,1
0.3348736120285267,0.5837726402144138,77.5,1
0.4418585700365761,0.6310507862443716,90.15,0
0.7217848888699755,0.887369171724102,70.9,1
0.5250168024226326,0.6753328953303197,46.0,1
0.04783248615116356,0.045113278860912216,64.45,0
0.1902488637736618,0.36517521674043796,50.5,0
0.0951329269435434,0.2143128882532166,25.4,1
0.5480049815517707,0.7356426064107248,55.2,1
0.04908530979561045,0.08309450537140883,79.85,0
0.556829791357775,0.7375906995339373,90.9,1
0.4939002677357421,0.6837427005838733,88.45,0
0.5247283073223435,0.7001373987834965,99.7,0
0.06983265101203799,0.19932136320212362,109.2,0
0.09116794910582703,0.2527930267369456,83.45,0
0.2964029646330269,0.5121476019051113,35.8,0
0.03253900184112347,0.007450209013200739,20.0,0
0.033837225208462586,0.022325684243934836,25.0,0
0.3308088766899043,0.5694603727534047,69.15,0
0.03475208908519207,0.01795017522493236,20.75,0
0.04724732174041054,0.08254349356768222,61.5,0
0.10825740566766216,0.299101126511764,86.8,0
0.21149908591760538,0.4211374393141649,88.75,0
0.1425290633332482,0.3148570087949404,34.25,0
0.03826463158809193,0.03165984403512777,25.35,0
0.036552255901992264,0.02424341643001906,25.0,0
0.11009330433112251,0.2459579170593022,74.65,0
0.7511020414857005,0.9047908164851134,81.35,1
0.10791475595952414,0.2446162889805152,108.4,0
0.19630351199741433,0.41419396640341644,110.85,1
0.42965393202915375,0.6638242024798338,75.3,0
0.49151373355680955,0.6661869232510469,98.05,0
0.7502409486421575,0.9101452588220144,82.85,1
0.11614907279022375,0.3028440022543905,21.1,0
0.033864408891206295,0.008701055916475625,20.1,0
0.15059141815489172,0.35792965521923836,52.1,0
0.03399755620377117,0.012843220375133985,64.75,0
0.6470325866841772,0.8134458947212438,103.45,0
0.5605629255282887,0.737515642064752,34.8,0
0.3688113553349428,0.582878040501025,74.8,0
0.03473269571370314,0.015470768902706687,23.55,0
0.09648679308946,0.18341957462062206,56.15,0
0.27649790219281817,0.540872959079854,111.15,0
0.053748520255830746,0.10430341496216537,84.8,0
0.3202107466662279,0.548728786268862,20.45,0
0.046442659210409326,0.05633779104533238,75.2,0
0.06695456538471889,0.19525161636225669,60.15,0
0.25050790238190795,0.44284161124345456,43.25,1
0.04788409802497412,0.07931578032609511,25.3,0
0.03782044562595526,0.02429792124466556,69.15,0
0.03352943251289985,0.015740567669968012,24.25,0
0.589943594364803,0.7698630278786627,81.9,0
0.1430744042461302,0.32180049498216295,20.2,0
0.03608448451567494,0.03081830929575909,19.05,0
0.5248358050556993,0.7141889588545245,73.65,1
0.037796456994922456,0.03709222201454562,86.4,0
0.04537547354095783,0.07226640178614596,18.4,0
0.4092953423190677,0.6245119944834816,55.8,1
0.10213601060484455,0.18845786919866958,93.75,0
0.05538844380222977,0.10111518207285443,50.55,0
0.051635285318941467,0.11486409373531427,40.65,0
0.25971343100693006,0.48478748332968963,29.5,1
0.12772417172302122,0.2609678172664194,20.35,1
0.03454887075650283,0.0194728113381884,92.0,0
0.047001300275641096,0.055753064999422744,115.05,0
0.03820231628453525,0.03177101105633216,19.75,0
0.03402654923611454,0.017134455432475645,19.6,0
0.5278858403838306,0.7207076970672842,50.9,1
0.49177947434804964,0.7263844324681099,73.6,1
0.0962971627680636,0.21888906497540456,109.3,0
0.6400736834609162,0.8056482261001687,75.35,1
0.7228928497282573,0.9021002267195668,74.35,0
0.6487696669870743,0.7939794778646801,42.9,1
0.09151882505790888,0.20649816699127468,20.65,0
0.11547011510159594,0.2544470578509255,20.35,0
0.10114769220140855,0.26211288658654136,53.65,1
0.2530227758043151,0.47855939559169014,100.0,1
0.042041019547319425,0.05085151169697627,45.2,0
0.5981506782830902,0.755669072941005,69.3,0
0.03721136531241325,0.020431806092670077,19.6,0
0.4762580543401822,0.6840500166787898,95.7,0
0.5047225195697135,0.7027857318415084,49.6,1
0.4442384226476069,0.6416417754330278,98.6,0
0.35644979115992753,0.5717964650749251,105.05,0
0.08054325741832846,0.20660044980598982,92.9,0
0.5056070667806443,0.6868882246541989,25.2,1
0.36417760590139386,0.5482504260776292,38.5,0
0.05870229616582386,0.1434764398425117,68.75,0
0.14159363783368492,0.31345549401732015,65.75,0
0.058293534288421094,0.10609522396350853,70.4,0
0.15074661113562252,0.3887289361076079,105.6,0
0.7730515370919825,0.9431420063190427,81.05,0
0.33709817829879496,0.5704201510147408,49.95,1
0.37794613025596774,0.6077329585895613,19.85,0
0.22416990534775685,0.5101471642579152,107.0,0
0.558112667689771,0.738457174004906,90.8,1
0.2970733468805749,0.4976008051423028,71.95,0
0.5642810849520682,0.7435731874187946,89.95,1
0.11732088518736755,0.27032412150971635,91.15,0
0.09315739632099439,0.22240182839887543,20.0,1
0.037427753147539995,0.024687460242803907,24.8,0
0.03598104543482371,0.015198564875949486,24.15,0
0.7268471604906427,0.8917606094344612,70.65,1
0.09455668403846958,0.25625298250090417,106.05,0
0.1081639883843023,0.23754636779596155,91.25,0
0.1755939931955746,0.4101882699169781,89.1,0
0.16762233351573083,0.33129067521602146,45.65,0
0.21403936439249194,0.4531943646418782,101.1,0
0.6160281172959426,0.7891264662487958,69.8,0
0.37092643627174854,0.6100361195945696,90.05,1
0.1257421692834154,0.3551932053096455,109.4,0
0.17093289215236948,0.370008322257485,100.3,0
0.03530358458437235,0.013983994426692507,19.3,0
0.6483215327395776,0.8264024955351841,91.7,1
0.09343658788497505,0.2276597183852452,104.9,0
0.0328881389908219,0.007038572415962796,20.8,0
0.09680069534443082,0.23773761623598944,19.6,0
0.6003672963649203,0.7915589818360353,44.0,0
0.15493425856062767,0.3422914039574197,105.9,0
0.6490406276282329,0.8110637017313735,71.45,0
0.08966393939773938,0.25160331094520355,110.6,0
0.49775003156214775,0.6936321023303366,93.5,0
0.03865418488827343,0.04446390923341203,63.25,0
0.5245613396593435,0.6993963169178719,44.4,1
0.07662019240554573,0.1903462797554343,20.05,0
0.04284103935727218,0.055621597896052914,54.8,0
0.30188957396070887,0.5263699252349693,79.45,1
0.18565057928794734,0.40062937076219596,101.9,0
0.06567146446211465,0.12612797868197256,99.65,0
0.06716387084203969,0.14658009521749296,100.15,0
0.03356899654360533,0.01637283524603809,25.8,0
0.576390004897707,0.763893513044703,97.0,0
0.7209757495297819,0.8765970478827165,98.5,1
0.04068905389794132,0.06056761950274467,19.5,0
0.042530752799092804,0.05187527841426432,25.7,0
0.033611480596830445,0.011863930470765135,25.85,0
0.3445009611103635,0.5652830662122703,50.25,0
0.5102300086828189,0.7410862398234866,54.4,1
0.04162828544980753,0.03251559788953921,81.0,0
0.15558831334822468,0.39502694630380164,107.6,0
0.5741658209931213,0.7674184731096999,75.2,0
0.6381186030029201,0.7896856077933719,80.1,1
0.06415773280435776,0.1751355728657904,51.8,1
0.03580580630858403,0.03891674079985047,19.45,0
0.10410573093016667,0.26599884617530617,20.7,0
0.36880940990673006,0.5820130176984618,50.2,0
0.6798948669713738,0.8497452207982495,88.35,1
0.7218956117931215,0.8742543151578775,84.45,1
0.034940410979835,0.012842495820297901,24.25,0
0.15695992154044394,0.36296658065992543,94.8,0
0.2764378142009934,0.5212354359981193,75.0,0
0.037238612820323876,0.030956077057049298,19.5,0
0.5656237442772841,0.7614360127554698,90.0,1
0.03306033851683878,0.008792313847857973,25.25,0
0.04551030230901291,0.07206178603659943,20.4,0
0.6391719140459512,0.838280396349587,91.15,0
0.7370673016566324,0.884866971244716,79.75,1
0.2159131440151697,0.42434967086462666,97.05,0
0.3822675802550632,0.5660027280922879,49.15,1
0.5893912191042806,0.7400102389850576,103.0,1
0.06328822391302079,0.17511415667874902,75.55,0
0.30306390270436007,0.5527680600190922,99.5,1
0.3217366897069532,0.5845020557747289,92.85,0
0.4671683957599187,0.6620387932445595,90.05,1
0.7589989423862414,0.9290221959807312,101.45,1
0.03867478833047103,0.040812794481805796,20.1,0
0.04419794327454172,0.05330877178249946,100.2,0
0.7158143752210506,0.8679483490562425,89.15,0
0.6064826215872513,0.7807614911507496,45.05,1
0.21637987024326932,0.43980308441340316,49.2,0
0.03783172591391502,0.0363114386900067,21.25,0
0.5739448817861371,0.7492922353452706,101.4,1
0.15606024555350687,0.29708979525061485,52.15,0
0.03664041066856219,0.02395786117050778,61.45,0
0.035610255168234996,0.015682531153528297,64.55,0
0.7389626315379735,0.8913862553425757,100.6,1
0.032005457117885716,0.01372438596627737,26.1,0
0.04451015035425417,0.07752329580636613,54.75,0
0.41256912812253915,0.598488181272349,45.45,0
0.7402833733558861,0.8609282832631459,79.95,0
0.45571292673749425,0.665226433230208,103.7,1
0.34959540916925125,0.5932532535478294,19.45,0
0.3978477913901588,0.5982780432243001,95.7,0
0.03957914346492048,0.02863531894133357,75.1,0
0.20957500319829103,0.4624487593817714,50.65,0
0.37217473858419475,0.5889741540437858,69.15,0
0.47550451343482236,0.7019377508236726,103.95,1
0.1185470752194503,0.2932940069991116,19.75,0
0.051930611584498916,0.05214700917859889,33.6,0
0.04696812791739243,0.09865445337184744,66.85,0
0.11741856923642384,0.3046092781904766,19.4,0
0.1265708024573385,0.27489532968330005,106.8,0
0.040548172664868654,0.05596620261124492,56.9,0
0.03429169028571385,0.026634914240208744,92.65,0
0.09697194183938712,0.2253393464813093,76.0,0
0.41458768523606365,0.6349370308192241,55.7,0
0.044209086467779934,0.02109096217871981,116.4,0
0.09009130819325468,0.20392755095417178,25.25,0
0.1198431921164551,0.2889902177833646,94.85,1
0.08063577756780264,0.18178825317588418,101.15,0
0.7774688131936546,0.9159627661838594,96.0,1
0.05539836189324541,0.1043738631265535,93.3,0
0.4844690925342387,0.6618160055897899,45.3,1
0.23418690186402613,0.4571537633559823,59.5,0
0.058250704884496164,0.17306565910794275,71.5,0
0.44875676746336346,0.6535234191970152,47.15,1
0.035502929377661266,0.02080190586272812,20.65,0
0.7537018458061229,0.9163251567686659,93.9,1
0.7249712064307089,0.8502256760585342,95.5,0
0.03827083404714451,0.026803656336224755,61.05,0
0.16070986769910436,0.3495782612218463,19.2,0
0.03313733581298119,0.011574251223839217,25.5,0
0.6707545890649546,0.8539485561789871,101.35,1
0.5739419739743087,0.7731822528884204,73.75,1
0.643635633252034,0.8529168976694974,104.1,1
0.735202203529807,0.8835235504510092,80.15,1
0.09180893446194638,0.21489241050297092,44.85,1
0.569628620716718,0.7284084477996858,99.15,1
0.04837359672579308,0.08498465818064954,54.45,0
0.5796923194489948,0.7527248439678481,99.75,0
0.6049726646656063,0.774522821407977,80.2,1
0.033780492993756434,0.008590718489227179,21.0,0
0.21425567705168355,0.40453843607951234,34.2,0
0.032466003078796636,0.013047146781563984,24.45,0
0.16915284953152718,0.35560550705411115,65.45,1
0.07877603732744581,0.20990625189671172,20.45,0
0.03796938783540341,0.021459002496912533,117.35,0
0.04535496955238805,0.0567619233502039,91.6,0
0.1645788388988601,0.3443049841183097,62.1,0
0.03216371973004784,0.011606742867131594,20.15,0
0.37032198220763374,0.5557050494885769,99.65,0
0.10190781423564436,0.27569263769798213,112.35,0
0.4334112326480824,0.6463467207770087,79.5,0
0.10422248589728828,0.26874748629215106,69.0,0
0.7575385418603403,0.923145701682975,73.55,1
0.5027307825334828,0.7137892809122459,74.2,0
0.04273743509128133,0.07564288788408295,20.55,0
0.1788897563295799,0.37362511260507814,51.8,0
0.09870686701321281,0.2565023332984581,19.05,0
0.430922379333871,0.657950955245163,74.95,1
0.05293898205827454,0.1030171336197237,56.75,0
0.03304669113056855,0.008655874257712446,25.15,0
0.03937561809624133,0.0354390000306434,85.3,0
0.45979863326932974,0.6475423808913449,90.95,0
0.4606681014855873,0.6430029170970174,30.9,1
0.0420737804699691,0.05356823391494071,19.7,0
0.23721656312377992,0.4626811379944143,104.85,0
0.22154972672921439,0.47727635933248724,34.65,0
0.6207664894685527,0.8272793812027021,85.75,1
0.0672540203787516,0.11127235534963188,98.8,0
0.37006066524420683,0.5850244967821457,64.9,0
0.03767123161023036,0.03760348255975504,83.3,0
0.3155003060878445,0.5391060749739474,73.55,0
0.04007911600859443,0.027718999375259668,90.8,0
0.042371267760843816,0.05553656236655905,98.2,0
0.045427136665650396,0.09408771592370363,64.35,0
0.717464579296479,0.8735318663616175,100.75,1
0.38459445195513825,0.6560903472514765,62.15,0
0.05508376842259017,0.07227782565327528,108.4,0
0.10706273970030063,0.2526122076291758,19.7,0
0.10640287705750096,0.2661347083072674,83.7,0
0.7574044601875868,0.9325112887147792,73.0,1
0.11281188660267238,0.3193573122520816,21.15,0
0.6084209956190411,0.765491394869838,101.4,1
0.04008695006285933,0.03609310837531577,21.05,0
0.05873463393748727,0.12965925489685637,54.55,0
0.751194756451295,0.9205544559355499,70.25,0
0.08133758990224867,0.20228548360806559,23.15,1
0.20124286081940843,0.4488861550074182,30.1,0
0.048868560457584566,0.08915504729484393,80.55,1
0.4266346661272931,0.622238603156734,96.8,0
0.15273117499754965,0.3519987292313184,104.3,0
0.7670954851556534,0.9339662671568734,74.2,1
0.4283832954314393,0.6232385319453344,80.35,0
0.4637905197196736,0.5869034650687577,24.45,1
0.071240863746337,0.16620495547343989,94.9,0
0.14460234981419182,0.3267877473183008,83.25,0
0.03316829758845,0.012923428252654209,20.5,0
0.06472596564069819,0.14142208989929275,90.25,0
0.04322968310900429,0.07171583220023942,69.9,0
0.09893653624052118,0.23206767444728485,25.9,1
0.12039065219018974,0.3147461298446532,115.8,0
0.03258332244866425,0.013981517766673003,25.4,0
0.045887815627516794,0.07829393019514935,84.1,0
0.13365173863157817,0.2808946477467029,20.05,0
0.03526541659611981,0.02120050045846957,20.05,0
0.6909443718994165,0.8401623821152161,74.9,1
0.5713963171015987,0.7249951196768452,90.35,0
0.5376161757744119,0.677443013411124,103.05,0
0.03272847693041022,0.008609750621542497,20.2,0
0.03478314439192998,0.03019680278035813,20.35,0
0.649990244856395,0.7904741656429857,74.55,1
0.03606930995630226,0.03264562537684007,19.5,0
0.1921821214433789,0.39924357978959607,44.0,0
0.24191538217109163,0.48971821434903634,106.0,0
0.03346195273166417,0.01754493706713529,19.85,0
0.3990650761164487,0.6225943640093746,110.45,1
0.03411949119918281,0.014277944467644786,24.0,0
0.3729316817211689,0.6040518279627262,29.65,1
0.44579393082727486,0.6185241959585865,76.4,0
0.04626703987142671,0.0870943338591191,26.9,0
0.7793344348024404,0.943950710936397,78.95,1
0.038176884439727936,0.028055815610757224,89.25,0
0.043697595490416574,0.0902348805927161,85.25,0
0.6084600595013,0.7584128414551561,78.1,0
0.33697413549859273,0.5773216561756837,80.0,0
0.5507313178980028,0.7221525504463102,96.1,1
0.1406160518249332,0.30089837106270967,105.1,1
0.1191150348349897,0.2875753669019761,55.15,1
0.03797539378991114,0.04145826948231663,77.15,0
0.3746397202486668,0.6170409929166892,104.2,1
0.03300638385992449,0.009797361762605185,19.4,0
0.3773679981354219,0.6066085657181679,84.85,1
0.1414726609949246,0.3363651796675483,95.65,0
0.5107521842030982,0.6883700916856934,98.65,1
0.04425642402493055,0.04078665546345148,113.8,0
0.44654609659189953,0.6146952742060823,94.5,0
0.03504251086608425,0.014451434874536604,26.3,0
0.03341144094835353,0.010103923486812862,21.0,0
0.041217616551919745,0.05323276007953176,24.5,0
0.09082213780163591,0.23391035012999958,20.05,0
0.32057765521893167,0.48752522055412195,20.95,1
0.06933274551979658,0.10650143141601877,109.2,0
0.08042651412553849,0.20431691077737332,75.4,0
0.03754007392499579,0.038840541544037516,19.25,0
0.09532942496570117,0.26155988087395293,76.75,0
0.586677425463491,0.7651702232889739,70.1,1
0.7026321407037429,0.8600158454665565,100.25,1
0.14492151884108415,0.36511699100555217,103.7,0
0.03821317937195152,0.02874277103240838,24.9,1
0.24283726164366368,0.4491054079273122,110.2,0
0.5053473623204375,0.7501922198789533,84.6,1
0.42329717796427097,0.6255025385086243,75.35,0
0.5764540491859141,0.7405197524703531,105.65,1
0.04319761334812445,0.07118079954968667,44.45,0
0.11197762771152646,0.26068560630704574,19.7,0
0.03651557498210027,0.03594395881587429,24.45,0
0.31825648962441316,0.5732898103734393,50.6,0
0.032025966903235926,0.01344685395764436,25.1,0
0.697401027084067,0.8827441932523732,100.4,0
0.4201750694164361,0.6027439964934372,19.75,0
0.04799275849379516,0.05971461891443211,116.45,0
0.6613723202088745,0.8299735598680511,92.5,1
0.5812116617439406,0.7863060700621631,40.2,1
0.10870633483374248,0.28722712667913564,69.55,0
0.041169126856746,0.06276146186736944,19.6,0
0.03965326020542285,0.03627455930856301,90.2,0
0.0701935892462315,0.14965037729052277,75.7,0
0.03528620515947919,0.017508525072785424,115.55,0
0.040718671911694475,0.039509392917273664,20.65,0
0.21412397272748937,0.4549208570626602,107.35,0
0.33349407227190664,0.5243691733781386,90.2,1
0.061929226697836015,0.14754709330197224,64.15,0
0.5328626959211972,0.7458278409324754,103.3,1
0.13363348388232424,0.25260446708190143,50.9,0
0.12036838677639217,0.2637345637384694,54.5,0
0.6387171538926607,0.7891894540975212,45.3,1
0.4058586715879991,0.6049288777578349,75.4,1
0.19669726054960904,0.44044980719319604,43.45,0
0.04945047227775706,0.07926759494954992,33.15,0
0.12304981368904698,0.2858696625696256,19.7,0
0.36732366025663127,0.6182771942882336,80.45,0
0.043382444001953076,0.06368947380718609,20.4,0
0.32360378240119586,0.5342054763941086,75.5,0
0.7379627228543039,0.9009958195238565,69.1,1
0.04734466385296066,0.024741830154756644,117.6,0
0.6942922117577458,0.8313340682676302,85.35,1
0.03600053874389851,0.0336458172516749,48.7,0
0.037328935104037224,0.038882914870830856,19.35,0
0.44552845830606486,0.6685131559872131,90.05,0
0.4535067604334773,0.6742720535558893,70.45,1
0.2934472027396388,0.5263244818871353,49.65,0
0.032860168483606074,0.008618277912003995,20.25,0
0.7030491845022083,0.8628249764392095,78.55,0
0.45927181103657083,0.6567199195391504,20.2,0
0.2064005563103116,0.4204601846937962,54.65,0
0.5629227670938812,0.7518887990838536,49.15,1
0.5255796468684165,0.7207419246234682,80.45,0
0.6534196238245191,0.787961242872976,74.75,1
0.6082004542639677,0.7712358167669345,84.95,0
0.3547092682595549,0.5744965701212688,85.35,1
0.044551872205107666,0.06957184762507303,19.85,0
0.03511866529041236,0.018082591253873563,19.3,0
0.4580043127768387,0.6541028989517405,50.15,0
0.0329845906782981,0.008444677060388952,24.5,1
0.1056792641267597,0.2724402456743462,20.6,0
0.09244423308803029,0.21895868304549826,55.15,0
0.0435119619933532,0.09426352318460507,20.2,0
0.6941038786022343,0.8316821223535595,96.85,0
0.0614338014313033,0.15950470519118076,105.35,0
0.6505442623143802,0.8028374362535696,79.9,1
0.07410966931887152,0.22461997406552758,72.1,0
0.10283280330603352,0.2602625353499051,55.05,0
0.040298047593624854,0.041966303465821315,79.95,0
0.11161749841442986,0.2654087905284968,50.15,0
0.11473435424639918,0.2960755677523132,19.65,0
0.040191125831625166,0.046857457710290394,20.5,0
0.5795631685443872,0.7473541398606632,74.45,0
0.11921498403765385,0.31164301112932535,64.9,0
0.05227307237696922,0.1065677269573556,30.4,0
0.20830863833352845,0.4048331905411388,44.95,1
0.03282382630482469,0.008069809912878409,25.0,0
0.13405737314643829,0.3609681445484762,51.5,1
0.5431340264146151,0.7227924260605278,44.9,0
0.5140370900032466,0.7040768441644841,89.2,0
0.1959301905233337,0.3575106301426077,64.75,1
0.08546049423741552,0.24551565030366157,89.85,0
0.06008595056030816,0.14179250210057823,74.1,0
0.36000704571499464,0.5870019203380705,29.05,0
0.39514116955915785,0.6296687053775101,79.5,1
0.44186450227593227,0.6530107472177151,49.9,0
0.03591162313327747,0.028884884323001857,20.05,0
0.08511296734169506,0.23670540199518778,20.4,0
0.5596601459784032,0.755199152804296,70.2,0
0.04182067224221856,0.05158761219735546,35.05,0
0.05949341524492011,0.11215866668430417,19.45,0
0.7239035032556966,0.8615223367350991,80.2,1
0.03356034130574818,0.01973125585439647,19.55,0
0.5366629709417773,0.6972406713545435,98.5,1
0.6607661984937624,0.8230029919485958,80.7,1
0.13152312114395223,0.311477095909815,109.9,0
0.03467993011420562,0.025468803733108402,90.95,0
0.14808457041030268,0.332942323554748,20.15,0
0.134019154715617,0.2777060936487307,70.35,0
0.6736393199270684,0.8235880385429761,100.0,1
0.07302045868489472,0.14493349255785956,85.15,0
0.6649288161241788,0.8385135952515276,75.2,0
0.03623978844717455,0.016916605297802454,19.25,0
0.07617390940333839,0.18081071517849218,76.0,0
0.23005803073306166,0.460039194934409,54.45,1
0.6245059107773226,0.8317796210937682,103.1,0
0.03453637965419042,0.016137807815787136,19.9,0
0.04460784473050446,0.054225463461800676,24.85,0
0.26180225420430026,0.47941769458729483,102.1,1
0.25726779031068664,0.43406418956912896,74.75,0
0.19971543933839794,0.38766609557483844,44.95,0
0.7736262216958486,0.9435343478018702,80.2,1
0.5311449497690758,0.7330827009788143,20.05,0
0.03614538777368847,0.027443635668289102,20.0,0
0.527823999548402,0.7317744305539252,44.05,0
0.22539152389433928,0.4188401163243381,65.15,0
0.12385338333213115,0.32989155597030206,103.15,0
0.2600856552851804,0.4795525152126038,110.65,0
0.7585225028610431,0.9171997671053093,90.85,1
0.035909823233393326,0.02922475845535594,21.0,0
0.3848619900445072,0.6135425871044451,19.9,0
0.09863079647415979,0.23410102586538292,20.05,0
0.2882283287380061,0.5083199074855026,48.8,0
0.03628907879194094,0.02215886673852805,25.25,0
0.07033447891954042,0.18394817177176853,69.2,0
0.6312942788731101,0.7943446046643762,45.05,1
0.4335978823915417,0.6365590105805086,70.4,1
0.5120235349542656,0.7144665345895812,45.45,0
0.4037269693005123,0.6188809373222646,20.25,0
0.036801297159930295,0.024348142225874454,24.4,0
0.06886961489511241,0.12455946622096702,99.5,0
0.49123514004121915,0.6824541079664147,73.25,0
0.039589442639632495,0.04531666373157227,64.95,0
0.27435094285171285,0.49117074778776737,36.25,0
0.03342405426551949,0.012595551080880405,20.2,0
0.037028528611470934,0.035840174277158986,19.85,0
0.6795772534693576,0.8398476248471528,95.05,1
0.5446248722608164,0.7308575507585388,24.35,1
0.4991972576909595,0.6947073656713237,89.0,0
0.08356268804477052,0.2081942295492365,20.55,0
0.2872215306458745,0.5030574277593758,45.9,0
0.10263437164007001,0.24937848893177816,90.7,0
0.09161638564798362,0.26205905564157683,88.4,1
0.6050308422824321,0.7543594483860684,85.2,1
0.03905737455509633,0.043528451466179105,75.2,0
0.6188506427242241,0.7794109681405307,101.25,1
0.45788949570072407,0.6710280647095598,75.35,0
0.6100904073358718,0.773614947093049,24.8,1
0.03917965141695048,0.05049131427529308,25.9,0
0.03431080832034517,0.01746456272289474,19.65,0
0.061197985436105516,0.1340573804404725,58.75,0
0.04518478225338695,0.08155760998733909,79.65,0
0.044128515553963445,0.05004654854375978,20.0,0
0.14037623587993678,0.32306896891008324,105.5,0
0.03348970608736169,0.022290235569056953,25.3,0
0.14665087395044177,0.31937124903350567,20.0,0
0.20620809363401313,0.44468439295300044,109.55,0
0.27414502866535945,0.4883480101321351,39.0,1
0.20887594852288047,0.4994444381570203,105.95,0
0.03611395162017255,0.02408424414427697,20.25,0
0.35459440360101907,0.602435485391371,58.5,0
0.03700328550028812,0.02052984800634862,79.25,0
0.6179540781029945,0.7712847952528312,25.3,1
0.2168502933171094,0.41090124386568316,107.7,0
0.08776503840323906,0.21871888468811126,54.3,0
0.20997556234761872,0.4576601625098993,62.8,0
0.04391326375434268,0.04648705140110602,89.85,0
0.44258887249294165,0.6587220414472189,77.85,1
0.24775888767548657,0.4551928732870563,104.15,0
0.03322673879020196,0.01191534769146329,24.65,0
0.33028765331474413,0.5553393528833178,19.75,1
0.04077952822089568,0.06437508790936136,20.2,0
0.08810652921471362,0.2134969969179479,102.45,1
0.22630577764938029,0.332909151748636,74.55,0
0.0871480550464399,0.24267094472464204,94.35,1
0.09962715396934678,0.23604775098097458,25.75,0
0.06646178963125192,0.1941777648694146,80.0,1
0.7138344793550226,0.876162060541474,70.4,1
0.03471328476087485,0.016117872933826403,19.15,0
0.6108909973275435,0.7787625879803518,48.95,1
0.7874154003788699,0.9522908479179841,85.0,1
0.09522074568354603,0.21503495830592498,20.0,0
0.7608887985341646,0.9090661458506165,74.95,1
0.10790807897661985,0.2901536176539821,92.85,0
0.04319056190565699,0.04795420261201284,20.1,0
0.04075657480493781,0.03981247326202678,80.45,0
0.6742235963070394,0.831442802142535,95.2,1
0.6556056263416112,0.8088312579220253,104.45,0
0.7810695600795373,0.9379357655586789,85.45,1
0.08646865648948272,0.2145509863359538,51.55,0
0.08076556163311066,0.21631491636193356,84.4,0
0.47873781289426826,0.7071263743895464,79.65,1
0.0804512105604508,0.22662376507996876,19.25,0
0.4640819817283746,0.6689193219044591,97.35,1
0.6273307709562516,0.7627071549255288,86.45,1
0.112651328724885,0.24970617712456972,23.6,0
0.2259940669948485,0.4579959664677571,67.95,1
0.2683114390256462,0.5293843957036937,93.8,1
0.07834808739748846,0.19358157208546348,19.45,0
0.06439845298564904,0.14556928129490507,79.95,0
0.14130700829873347,0.29109339143299906,48.8,0
0.0388996259075473,0.03644731207460877,115.15,0
0.7575877642920131,0.9261902018441307,69.25,1
0.6329690535677167,0.8052596402539934,70.4,1
0.0337875301180165,0.015653212517843604,19.95,0
0.5170907746304713,0.7205098803811754,85.6,0
0.07461702357552075,0.1935986720528961,45.55,0
0.03351945229113155,0.011337059006365176,25.25,0
0.35274852833273,0.5536848269552227,25.25,0
0.7239881782079644,0.8826858791211729,80.3,1
0.03752133801116647,0.022511875990901976,24.1,0
0.12976439580834523,0.3523598098913734,109.95,0
0.03869002557366068,0.026597458075263352,23.95,0
0.10408779971590659,0.2474581583555695,18.95,0
0.03813128088242037,0.03829968292558207,20.7,0
0.03284393932016897,0.008225063910838947,24.05,0
0.04610894478541285,0.05807392776373811,86.75,0
0.3437150761446626,0.5728939615024359,79.35,0
0.35980792932045147,0.591864192547599,19.65,0
0.1206132306414286,0.26825697383618924,18.8,0
0.6854841494796826,0.8406261412072914,95.65,1
0.03633305675443402,0.030604130519186347,19.75,0
0.23966818250214936,0.4331655894021725,49.8,0
0.23018915323609804,0.4715115746667236,111.8,0
0.15031171556449052,0.35968638000767894,94.4,0
0.03774602116032761,0.012229973004290847,115.8,0
0.04388212889532306,0.0770797395255221,114.3,0
0.3464172908582277,0.5996448399856077,19.75,0
0.2401298681684976,0.47734726926309806,61.4,0
0.04181474557283252,0.05638226338102282,112.4,0
0.6888049954382888,0.8380621785991101,78.9,0
0.7301403096694884,0.8774428097057643,99.55,1
0.37161098526540487,0.6152812705652627,83.3,1
0.15615413756661248,0.3555737076614103,100.5,0
0.06026280692575823,0.12809132927745678,87.15,0
0.478236463292159,0.6508059033799236,98.8,1
0.6495383585441844,0.7823934708100196,109.9,1
0.5014214534530579,0.6829497082433682,84.75,1
0.03466991718157057,0.01793652331986728,69.65,0
0.08863250163575213,0.27006402497066434,110.1,0
0.03645871168132317,0.04350580079925728,19.7,0
0.33914205943046416,0.5319158362915196,55.05,1
0.1675956352119979,0.40627120356874324,33.45,0
0.03904966058177007,0.04104828817029614,19.65,0
0.6013673893917147,0.7615542847667214,74.3,1
0.14752785724912398,0.34372007620009964,94.4,0
0.20361591534031978,0.3890596766558361,74.65,1
0.4734814978771463,0.6726246143903655,100.2,0
0.6549469619765137,0.8197300789172398,81.0,1
0.036115694556123346,0.0248094028376334,19.65,0
0.03817640549983542,0.03676863748392626,19.25,0
0.17388765854440758,0.28619913233690303,83.85,0
0.038101383802445425,0.04125760929704956,83.6,0
0.041314790129318775,0.056232443344641635,69.9,0
0.1749717546452965,0.3843104510877517,105.5,1
0.45166663976328486,0.6171945161179994,87.0,0
0.759757694624927,0.904113196400981,90.8,1
0.5258716877762167,0.7099603605155682,95.0,1
0.15203293344889482,0.36030700711768987,99.0,0
0.4558577061083719,0.6299825720244455,101.85,1
0.281334566865079,0.5375591431129765,99.1,0
0.6584765645350037,0.7793995172952777,107.95,0
0.05401457749493385,0.10657301679231589,48.7,0
0.04313109603129422,0.07710945695176978,79.45,0
0.04357021242189962,0.0667692708160995,59.8,0
0.08184855497195381,0.18703086158741902,67.45,0
0.7131986908987203,0.8400564609520402,89.35,0
0.09320905338929926,0.23314522127160756,19.25,0
0.5160406125372813,0.700639358024827,69.8,1
0.08433261884045606,0.2134434472314375,20.05,0
0.03477190731993362,0.026188591047602884,19.65,0
0.5989022024722023,0.7880826316380971,86.2,0
0.23234124198137437,0.46702611222550244,74.3,0
0.11840260380664558,0.264926180596304,19.65,0
0.49534924077457826,0.6820062164091958,84.9,1
0.03754844652129888,0.04092526535456655,19.45,0
0.12169990991519757,0.270879712049848,50.55,0
0.533857388536799,0.6984103118559956,95.0,0
0.6140078396435172,0.7754367887092724,45.7,1
0.037257654634390826,0.018291444262410493,20.15,0
0.03357300458799722,0.007986629375307358,93.25,0
0.5316380870273453,0.7112696125550951,55.3,1
0.036216209873886525,0.022673545319343347,58.35,0
0.07715644416826752,0.15668722811495542,111.25,0
0.10470881203862763,0.2594783803452459,20.35,1
0.6695713558736985,0.8542350408534456,74.6,0
0.10630463542382577,0.22449383357057945,19.9,0
0.17215294495892827,0.3275133980579647,75.85,0
0.6769500521323306,0.8352056941735913,85.95,0
0.09657834259329211,0.26281473666775396,82.05,1
0.08037737866988395,0.22585718164315674,95.25,1
0.6286222284360388,0.7952721149080357,80.55,0
0.49456867095177787,0.7678131594573395,83.8,1
0.5810582510622302,0.7626792055585851,45.85,1
0.3346481637676375,0.5646556843303611,83.2,0
0.03877873851271663,0.039188736093290766,84.7,0
0.6206942453207954,0.7950804578075993,45.65,1
0.09475554156659477,0.22980213511770198,20.35,0
0.13659470163858828,0.27109941030864143,19.85,0
0.03643071133847142,0.02967072683102609,19.65,0
0.6239921826896294,0.7863256662583359,100.75,1
0.03467201537919552,0.02262370361261254,19.9,0
0.5211345871703842,0.6927967381709018,99.55,1
0.042626232457724976,0.038124689496062604,110.3,0
0.036122357148691456,0.020341498582326308,59.75,0
0.46077960857660266,0.6999131724460449,79.0,0
0.07982301651383122,0.2202746814056153,19.95,0
0.04544771676259989,0.10024283672699745,84.5,0
0.03757075326649933,0.031021144752970454,20.1,0
0.3294484395776884,0.5257451719373094,60.95,0
0.6113327991444067,0.7487857648684093,106.4,1
0.0356464088716494,0.019405837951766324,20.05,0
0.129110949160586,0.3179792424081159,19.45,0
0.3189445260212741,0.5059104253137139,51.3,0
0.03952149510037607,0.03634948761002827,25.4,0
0.7503755611697492,0.8988329771406379,75.05,1
0.11702102297440768,0.30437779887646726,109.25,0
0.16602299965134068,0.38887858255696073,59.8,0
0.2131180737505247,0.4493937660633904,87.6,0
0.49391878428504743,0.6776542388762669,80.5,1
0.1597063799230676,0.3144171015224338,54.65,0
0.03316945086185997,0.016603759101963555,65.65,0
0.07533133724861225,0.19636366587117843,74.7,0
0.0928350144648125,0.2513073675851423,84.9,0
0.03747295224246237,0.03932746465616921,18.8,0
0.13980778500713234,0.3379725966587771,50.05,0
0.3315213202737383,0.6097496710015049,107.35,1
0.1806592516667278,0.419567256984221,101.5,1
0.3477683917437055,0.5545695438953451,20.3,0
0.5812059547771086,0.7448504805916659,106.35,0
0.12482931895195022,0.35828534643178783,115.05,0
0.043769509730436196,0.06863068948002228,20.85,0
0.0377632109358517,0.035028542378883754,65.6,0
0.3673773550256308,0.5791384985027342,73.8,0
0.03708136917205623,0.033899511644098886,81.0,0
0.12512352330334472,0.30992007931507276,20.05,0
0.10413700006432236,0.24745943877625143,19.7,0
0.17295573399545217,0.3880145678095839,101.9,0
0.03481208521358705,0.017229521152828112,20.3,0
0.4480246912589568,0.6403243998907292,99.05,1
0.04731754473741831,0.09543322459684883,73.7,0
0.04036885615853008,0.045195869867103944,80.4,0
0.344920448761935,0.6016152395285478,20.9,0
0.04241296248780907,0.07410092734116028,55.15,0
0.6365048506545047,0.8067089559900702,24.9,0
0.5672544228098041,0.691275057614259,75.5,0
0.05552341980474823,0.11047418363891419,84.3,0
0.29884571117006736,0.499495837897189,65.25,0
0.19853347758373951,0.4065553106629021,54.55,0
0.09526856362062115,0.2548206088826324,44.45,0
0.051802201336499855,0.0773729984932394,66.15,0
0.09779536262139203,0.23387631825940042,20.3,0
0.4858281790755628,0.6911727482977341,70.0,1
0.07068631589911777,0.1462054298541774,70.35,0
0.04677192918038148,0.059702809429826274,30.15,0
0.03606807342842318,0.02437333424648415,67.95,0
0.7598672002771801,0.912872769023877,79.55,1
0.1279222767434384,0.36256153801475566,95.0,0
0.36425070568575907,0.5717016409561353,84.8,1
0.040180027038833256,0.06337532734996582,25.25,0
0.03269050997741407,0.006368672753059026,19.85,0
0.6717063541200345,0.8092452078864546,76.4,1
0.16241174699820668,0.3591239890512548,65.0,1
0.34073164823468716,0.5783984967385958,25.05,0
0.3861108602337506,0.6031624565210266,75.9,0
0.6866407365127962,0.8401483402505373,72.2,1
0.09012340655946198,0.22276869284860343,19.6,0
0.048102626284450466,0.08124025426830414,99.15,0
0.6244352517275035,0.7870988816038242,44.45,1
0.7720432128388678,0.9340080643887195,84.65,1
0.22967337102996666,0.4036846068940064,24.35,0
0.03518139437891305,0.027297977632243533,59.75,0
0.32528746688490445,0.5574503322446642,115.65,0
0.06914539055329279,0.1661499594258301,76.35,0
0.10766450696760203,0.2484978166127265,84.8,0
0.4207192145846892,0.6299133349260481,104.35,0
0.04723915134819787,0.05745615658582944,116.05,0
0.04150992142992985,0.04911950019974091,25.2,0
0.3864140218203133,0.5370226036086522,70.3,0
0.14425052316215234,0.3120176691258804,100.05,1
0.6924058872793936,0.8423049064677466,100.35,1
0.044911247861002056,0.06898621021328909,80.15,0
0.574987738291783,0.7395594803592864,54.35,1
0.5476497125151724,0.7342949789977267,90.7,0
0.03867332853642156,0.05012529052929049,24.45,0
0.39996054510580303,0.596201535983582,89.45,0
0.14169399413847908,0.37260325821898127,65.4,1
0.7641993863917472,0.9102024982389679,89.1,1
0.3377425257644863,0.59453590730997,20.1,1
0.0922537025481623,0.22609738150870443,19.05,0
0.043548560959018066,0.07565502736248784,24.75,0
0.07305029476934287,0.19049994322417088,19.4,1
0.718127002872811,0.8692587050444058,75.9,1
0.14324175366155886,0.27483606442475667,74.55,0
0.03390195633778715,0.017010576266078162,84.45,0
0.3266853194544733,0.6057271233982271,69.05,0
0.09733402561635292,0.25963476046318057,55.0,1
0.6669606009373923,0.8204751260711424,96.15,1
0.03594717632534753,0.02763560783789155,19.95,0
0.045957217094923335,0.08584366942735012,24.8,0
0.7805401420734185,0.940314807767331,72.1,0
0.14020547187747343,0.2482776582882606,74.65,0
0.6434652293920763,0.7994067195643065,74.75,1
0.3687298328714215,0.5813294559572638,50.85,1
0.03727367420883016,0.06150526814070452,20.35,0
0.48400677161142164,0.6943996259416996,94.2,1
0.301642462817397,0.5357305778478133,19.95,0
0.10826008860613483,0.2985354173367153,87.4,1
0.03247629893217225,0.010541008427817505,20.05,0
0.4316964800068208,0.6087461809897028,93.9,0
0.6855457561163929,0.8339672349535716,84.6,0
0.31581031154573713,0.49031185138834765,50.1,0
0.032928286075293835,0.007670278973924551,25.75,0
0.03783638398110218,0.027720245043331336,20.2,0
0.08436600340115506,0.1995337599057604,79.3,0
0.13227522185478735,0.28118000464582643,98.9,0
0.03295873467865414,0.007446234000332308,20.15,0
0.03405947343094643,0.021639523634770147,20.05,0
0.09054244625522666,0.20766628900810605,59.8,1
0.3853114414752368,0.6216700737687476,84.3,1
0.14581744205777716,0.3718269212784271,99.5,1
0.19080709561019826,0.3787487632789518,102.15,0
0.5756364423928491,0.7661552384252275,70.3,1
0.07326570365250988,0.20593504527526052,78.0,0
0.033727486260622545,0.012245069596339458,25.15,0
0.14308299613864764,0.3409272101477949,60.05,1
0.7219735053744705,0.8967299256027312,75.35,0
0.09345878822152225,0.23811528814020855,54.4,0
0.558634282627529,0.754637112511366,104.9,1
0.24674134413619128,0.46286049565067744,101.1,0
0.7163250003024725,0.8669468067423092,96.05,1
0.6576253992972368,0.8300764433154548,89.45,1
0.571134096981995,0.7344043228292375,73.85,1
0.129818224986589,0.24615365455785748,20.35,1
0.7528737624853914,0.8862254196570322,85.85,1
0.2241673026358121,0.3923416858896066,110.35,1
0.6233577279032915,0.7875722585447863,94.6,0
0.6982496239191559,0.8536547195104605,69.85,0
0.552115308974447,0.7464486120600153,45.75,1
0.06850164458042639,0.13999365269593528,68.5,0
0.1762622857008251,0.3442419147261425,55.9,1
0.04414752964457774,0.0871290622397482,19.45,0
0.037092090873688276,0.03883339468486269,22.95,0
0.5717365186252823,0.720389452034726,100.4,0
0.45036755892101077,0.6516251548830381,51.55,0
0.04159426187789452,0.046653584444668335,64.05,0
0.7550141814305394,0.9151424366241262,80.8,1
0.09146519742316132,0.23969846191488894,19.8,0
0.12962684621440182,0.2780870290186388,21.2,0
0.66168686374319,0.8414165668850399,69.85,0
0.48266045596006196,0.6970299551239385,79.35,0
0.033768965027229085,0.013479180034721342,19.95,0
0.4083309877369692,0.634682009684307,75.4,0
0.11136724857784368,0.2848473978625567,80.75,0
0.04182705277149976,0.03502369269062531,80.25,0
0.28702834481111356,0.5466204102684252,93.7,1
0.0427685821568411,0.046578173766002845,19.35,0
0.1945833487953111,0.39621111829199673,109.1,0
0.042850228344413176,0.06216726238176907,41.15,0
0.19688745168162905,0.35366109368580895,54.6,0
0.42974264525282396,0.6284511430783141,70.35,0
0.13031613440734055,0.31820313735974765,99.65,0
0.038451834783871146,0.02602160638807983,92.9,0
0.2682404106156239,0.5117442930175892,106.9,0
0.04195852901840219,0.0522776926084043,99.9,0
0.033541594226310305,0.023319124888123637,89.05,0
0.5818656469890694,0.746359614380189,69.35,1
0.7527415506493339,0.9187297589687868,70.6,0
0.03576060214913379,0.026435303658972287,19.7,0
0.07528001549847317,0.17149709457684192,99.45,0
0.7374684240722917,0.8902037674070751,93.85,1
0.6548010459472678,0.7969582665610357,70.2,1
0.10592169307648835,0.23547516999702253,94.75,0
0.23240036485235552,0.41875902829708256,24.05,1
0.04609067866761721,0.05535984728440799,73.35,0
0.11687592688021915,0.26961000636389526,20.7,0
0.7249061933924783,0.8552784798948843,79.4,1
0.16619847426157508,0.3480766340901132,64.7,1
0.045331878200388705,0.06199611768558485,79.75,0
0.04599942501789311,0.09786492930727148,20.3,0
0.15997202868738777,0.39465888408614846,105.95,1
0.07768421455516039,0.20040805881721008,70.3,0
0.1362335807493613,0.27072324600234193,20.25,0
0.046314080299038114,0.07260104835482177,59.6,0
0.46106390305324735,0.695124171354351,70.45,0
0.20798724969172555,0.4175281000777726,102.1,0
0.04570739769257851,0.08081574817755317,41.1,0
0.09852784244410928,0.2490897169027736,76.05,0
0.753484892825087,0.9190396905430773,70.6,0
0.7735409827119741,0.9322185971112495,75.1,1
0.548241063310129,0.7371534723166662,44.6,0
0.17963376951039012,0.41275609028926147,95.85,0
0.5404613677336512,0.7393228904628294,60.15,1
0.21493408054785357,0.41990676537528476,97.95,0
0.6423638189105882,0.8058081962754619,45.0,0
0.5349345539041628,0.6962145884829609,81.0,1
0.040794113320882286,0.04681703123464971,19.7,0
0.07122641993393125,0.202234582224435,89.0,0
0.3264121542046563,0.5590719362420551,79.85,1
0.2748471555842675,0.48975103101438067,19.15,0
0.053115919547780915,0.10781174840375836,67.45,0
0.38810757395669776,0.6276574963358299,19.45,1
0.7284909996561231,0.8737257827706524,79.15,1
0.4976703805423417,0.6883236345481059,44.6,0
0.20815972623194043,0.40200111350057793,66.1,0
0.04573600408483242,0.07260984483381228,75.35,0
0.036117514100273064,0.013435479831691905,116.75,0
0.05631303370903698,0.1245675254692569,103.25,0
0.4367523286061091,0.6552277686935362,20.15,1
0.03599185978547562,0.021540191548663573,19.55,0
0.6063796976868108,0.8301140073704271,103.35,1
0.08911671119276332,0.21897078702166686,110.05,0
0.0409507380874333,0.03661452899233257,19.35,0
0.5173986545013579,0.718262463098674,101.35,0
0.3341631749006438,0.5433221915738937,83.4,0
0.07118958852650169,0.20441990236181998,84.8,0
0.08877847846711094,0.26943130065362375,62.3,1
0.4638273237358301,0.6547314147496301,98.7,1
0.039275913735396836,0.04467184240482378,24.35,0
0.4151844566515468,0.5911276519065897,40.4,1
0.12406397094305543,0.2673285594999078,60.2,0
0.035985209163004524,0.020861943480249764,58.2,0
0.13467281317759303,0.32692494193991023,104.05,1
0.04763849696349931,0.06421980064900057,46.0,0
0.0568917463519644,0.13157317633035923,59.75,0
0.03985984079518548,0.03442670645599819,20.1,0
0.6128106133534708,0.7898578005555545,34.7,1
0.04424057037993623,0.08666614190141371,19.6,0
0.6372767369293763,0.8202453271538617,25.1,1
0.3769731975623118,0.6157230126771164,19.0,0
0.37538087419057625,0.6051027572732479,85.3,0
0.03646248735184291,0.04023448657308453,85.9,0
0.568780794071027,0.761619990819257,44.5,0
0.03723577156991642,0.027443944884971205,20.55,0
0.09062801886093315,0.2217870157523529,19.3,0
0.27785906729345805,0.5094469003397855,88.6,0
0.2597131808402944,0.4901856251352628,25.5,1
0.05432119024605473,0.09334001973121411,98.0,0
0.0879707685083213,0.22227203883850669,20.1,1
0.03824773664726612,0.036046580568013666,40.65,0
0.72785607967944,0.8748616174053766,94.75,0
0.4478003141932933,0.6638991005037213,34.7,1
0.6819510699392203,0.8337265330650392,75.1,1
0.09543189091435567,0.2710688572939491,68.85,1
0.06784142237200204,0.15806329262643795,53.85,0
0.20657473174600952,0.36784542335743414,108.25,0
0.7615062542490217,0.9193057172041861,69.75,1
0.6426905031193956,0.809270667379974,75.15,1
0.06838544137422728,0.20584373555275526,51.45,0
0.712384918662095,0.8803643941939424,70.6,1
0.6196030964012479,0.790626996192933,70.3,1
0.37183255480195676,0.5438510505809286,64.6,0
0.7161933041711844,0.8645501744797893,75.9,1
0.047688143647147276,0.07583704549273408,35.35,0
0.054371004569073754,0.13147345977874794,103.75,0
0.39918029161091056,0.6252162288752824,83.85,1
0.681931289918197,0.8276734581117676,98.3,1
0.5691178574493451,0.7275153278716866,85.0,1
0.16559402838133983,0.33660472243487133,54.2,1
0.5104348565138181,0.6734608790531424,89.1,0
0.03573770494483291,0.03391322148261758,60.4,0
0.034945805710008625,0.01934032043555151,19.7,0
0.6746747441385724,0.8336551398033445,85.8,1
0.037329731181070615,0.02397796904693954,19.65,0
0.7542951955397621,0.9159706018181976,81.95,1
0.3314801399836038,0.5525349376240833,65.7,1
0.7136209185568219,0.8549535757268875,87.15,1
0.09274732187783889,0.24572461987228944,19.35,0
0.53553596242299,0.7085973106512417,95.55,0
0.5430217923738131,0.7284960523077589,70.15,1
0.20034063767181445,0.4196451088942921,71.15,1
0.03702854840194301,0.022945170237291895,19.05,0
0.6373066274404655,0.7955080897595364,83.2,0
0.28988272654454805,0.46636680178075,50.75,1
0.23076688000758702,0.4093290274785269,36.5,1
0.7345273393639612,0.8713977736398868,100.25,1
0.0348385767175236,0.027418920467975543,21.1,0
0.5366433101107168,0.7458769825456034,80.5,0
0.03717461321931393,0.028643772029944923,19.4,0
0.6851337605826341,0.8282043072893733,85.3,0
0.18782331496422752,0.41513479117807384,100.15,0
0.17103003728006358,0.37807827519632764,105.0,0
0.03491491523683241,0.029954613926963518,19.75,0
0.14318244784319145,0.29418715892672653,49.45,0
0.7821044213952315,0.934304375172213,80.55,0
0.2441786984646356,0.44905093667948287,51.65,0
0.035234099752975166,0.026090812642181663,20.05,0
0.5336134883885396,0.7006233748836338,79.95,0
0.19071535837019918,0.41090239833988573,95.0,0
0.09863902450606371,0.2495356520235968,19.65,0
0.06393033704578392,0.18696287477056,66.5,1
0.5174671664657149,0.7159672471675281,76.45,0
0.7300706683485974,0.8802107061312043,94.75,1
0.6663465457597266,0.8614498704403651,100.8,1
0.7845161386932201,0.9391384320765634,75.1,0
0.19082643993345275,0.4258386073131374,100.3,0
0.03455739157101649,0.01813036343457887,20.2,0
0.6649536268151603,0.8298700325263147,106.9,1
0.34177862986416646,0.5865119417086203,55.1,1
0.06989231973786193,0.15440694246047798,74.75,0
0.0477678172638174,0.0912521111629649,60.5,0
0.7158965066562675,0.8815940105789294,69.55,1
0.03767694970937533,0.03832627122377921,19.9,0
0.03593587787584907,0.028105081618392844,18.8,0
0.0628135229414204,0.16852643733614994,70.25,0
0.04931416121352874,0.07424251844075896,117.5,0
0.3470008117491867,0.5673131868719523,85.6,0
0.03804399515677429,0.04365462734878247,97.95,0
0.03703708707704386,0.033411648601650745,19.4,0
0.36126195893495067,0.5842358700542346,55.9,0
0.3750717146830729,0.5978440771278537,75.25,1
0.5910221343403084,0.7539841457938599,101.3,1
0.03246181432169929,0.011045865838215397,19.95,0
0.05599651849052817,0.1803614603828656,80.65,0
0.04370283683423878,0.05524660136429149,79.2,0
0.048869202134957594,0.06619190404264633,40.65,0
0.03837354189264392,0.05995557634122445,81.05,0
0.03728079306330917,0.023762076674381235,19.25,0
0.03606259850434071,0.019944581375277326,85.9,0
0.048078621245176145,0.07481622348267215,24.4,0
0.14467194199299235,0.3057707491376568,59.45,0
0.03909932798435115,0.0390072141834369,38.6,0
0.5320835645536558,0.7395857002536879,83.4,0
0.3991005139314339,0.6529695532196056,20.45,0
0.035210133911847664,0.023540581434479353,19.3,0
0.0680484245700234,0.19819893835078495,98.35,0
0.7403132682862154,0.8897332583354739,92.5,1
0.037851286724532064,0.0313273588869246,114.6,0
0.7605313786742133,0.9256608758353898,73.65,1
0.5694875570722561,0.7595544835883339,43.85,0
0.03446160026222519,0.020238125653587825,26.0,0
0.037557497055997154,0.02503176577297897,21.3,0
0.5616373791938339,0.7395750263299183,94.45,1
0.1323924040173511,0.32298466419581423,101.15,0
0.03567814528932963,0.03489224360178738,19.3,0
0.5542151535967516,0.7906490773606087,89.4,1
0.08737500436497882,0.24656418329806698,80.85,0
0.03611208096713222,0.028632929396838876,20.25,0
0.03528765194510498,0.025403554573158755,20.0,0
0.03288651426098474,0.016330875642368903,25.55,0
0.036949282774912384,0.024853364655982688,20.65,0
0.045693342905136096,0.0670025316944611,59.9,0
0.12183259031269421,0.297154575285322,49.0,0
0.23239818321529104,0.4661975175672029,63.95,0
0.05646284278075082,0.09554059173524015,95.1,0
0.09650899405833478,0.23373649385839168,78.65,0
0.6096414057704526,0.7631233023024824,89.8,1
0.1333315301378876,0.3414042030586943,55.1,0
0.18700911690107339,0.39654463477727,102.6,1
0.033063269327445514,0.016579000986138112,20.75,0
0.6944129044568674,0.8505921372686872,70.15,1
0.044566870907076984,0.048338274802314965,90.35,0
0.15350487087421383,0.3169010714988938,20.05,0
0.19069940622073356,0.3442253740568584,60.0,0
0.06753360339809471,0.1506080428576151,65.25,0
0.2484388093799795,0.5006649289699071,104.5,0
0.4456104529381169,0.6645314825739288,49.55,0
0.632522163131546,0.771940412755261,98.55,1
0.48693152094137143,0.6819717670291897,74.6,0
0.6621311082147354,0.8297284881950677,78.45,1
0.03507279668675636,0.01725504294327238,25.55,0
0.07819264955412299,0.19640713227123466,19.4,0
0.03456833568604711,0.024675401851273916,19.5,0
0.0927778587941381,0.19410880995617708,19.25,0
0.049343120304194264,0.09670602820617792,62.85,0
0.058274652739599773,0.1378278344009326,79.05,0
0.7097842463315073,0.865176464720409,97.85,1
0.033046314043519785,0.011607802925299773,19.85,0
0.045165602783802966,0.08377702043765609,35.2,0
0.0420509509184821,0.06785357965672259,25.6,0
0.34580870930155766,0.5674764036459101,50.55,0
0.6044917352532803,0.775065082414634,105.7,1
0.09119782773265883,0.25694774364021333,99.65,0
0.23518818060301241,0.4269119419975121,59.9,0
0.5351860534139825,0.7597421449709754,94.4,1
0.6038131431771451,0.7767420475603295,86.05,0
0.4745120686624362,0.6753534280242005,45.65,1
0.45580773219807447,0.6335853457947245,87.2,0
0.047484707739776096,0.09779734111980615,59.1,0
0.4386580221614349,0.651234186587434,79.1,1
0.03977987055453668,0.0516116965808017,25.0,0
0.6758785559402072,0.8396696898563792,94.45,1
0.07819747312456005,0.21740037324659398,19.0,0
0.07729826878219803,0.14148024481124513,53.6,0
0.09102302493774256,0.21010707527947464,20.0,0
0.35932785193022543,0.5628027552041537,45.4,0
0.5441107790825596,0.714919739401774,70.05,1
0.03834138597466861,0.03772936555468279,65.1,0
0.07977260268517208,0.25275179417347754,89.15,0
0.1466357910590961,0.31413846320840905,19.8,1
0.03610707202502172,0.04101003564812628,84.2,0
0.03398936383308798,0.01683566242627147,19.7,0
0.6410210711264434,0.7957244958871981,97.1,0
0.03435199567326593,0.013417049679667893,19.25,0
0.4827626041889597,0.6842689977462872,56.4,0
0.5282826061974895,0.6843398563902334,85.35,0
0.07769282574208826,0.23282550716556968,74.3,0
0.7601549132316996,0.9152429778588401,80.85,1
0.056186717607306,0.14260538144081633,77.4,0
0.49049286305907347,0.6616352519474367,89.75,0
0.042396416384743306,0.04057885582977245,73.0,0
0.6980235195276036,0.8440178302226472,95.4,0
0.043774130026287404,0.09251107463934542,19.85,0
0.08039656806997163,0.21771846328179725,104.0,0
0.2781541507110192,0.5071796490196241,64.4,0
0.03760000952410588,0.037192211642013265,20.05,0
0.7421921721039003,0.8954800781735126,86.0,1
0.14422880889197345,0.2820236662390301,19.95,0
0.18734282983080572,0.3870820053846961,104.65,0
0.0713158847803133,0.22873884143189002,54.6,0
0.3854381894133938,0.5629349782274123,39.05,1
0.0455332188385133,0.07912274684408492,79.7,1
0.07717430120240737,0.2156201155679489,75.5,0
0.19176154279609622,0.45150959379264816,104.7,1
0.7386848781168434,0.8937976925105747,88.45,1
0.6955400269638089,0.8569657022653068,104.05,1
0.7207285675742159,0.8726107740174452,81.5,0
0.04012253745112,0.044823498979719004,19.3,0
0.3168562514835876,0.5565718462306339,84.25,1
0.05155424352355111,0.055133862340251756,94.45,0
0.35335102677657887,0.5642960406551413,39.7,0
0.41907730401892623,0.6199318925976998,20.05,0
0.0729232897894136,0.21991895416502127,73.15,0
0.04559622556279098,0.03899410713038001,44.55,0
0.0374777874474117,0.02037915383752215,19.8,0
0.0645557276462752,0.1699704502774415,71.4,0
0.42795266498722134,0.6204537461606795,53.45,0
0.5042744525049564,0.6855840128285032,75.2,1
0.03673152191047017,0.02888852773760211,19.8,0
0.04128255133622639,0.046131028448368645,90.3,0
0.19071286434226542,0.44086255223381554,108.05,0
0.23770538455967385,0.4208710152919066,100.15,1
0.08481964566237028,0.188724418034368,61.9,0
0.6195579916359861,0.7796176384638351,99.65,0
0.6196979669587473,0.7660092875983726,88.15,1
0.10376591581690019,0.24955374499245844,61.0,0
0.04047300786794033,0.034846669323884714,85.5,0
0.1661135518342071,0.3891345705374701,36.0,0
0.041964313855816206,0.050208851971876814,90.05,0
0.038110821164811404,0.040650536949612924,82.0,0
0.4834599787418738,0.6397229360977854,100.6,0
0.5804656081500155,0.7384613002021471,49.25,1
0.7282872611872016,0.8805474456079945,80.8,0
0.034493048143572,0.014393430498677296,19.4,0
0.4866154491868801,0.7051799712137032,75.5,0
0.16393630890703859,0.28990711894264604,20.05,0
0.47521332878058464,0.6561024511980806,89.1,1
0.11368202144858613,0.2727000931355121,28.6,1
0.5497731639009553,0.7399362932629652,104.4,1
0.03992433617613219,0.042603347492352506,19.75,0
0.6777051084373933,0.8582871427762804,95.9,0
0.6601886758208773,0.8058481592897679,45.3,1
0.11377569217683792,0.2841669957153394,20.4,0
0.39294120213367423,0.6140772458187181,91.5,0
0.040020743137718265,0.06061957907792664,19.8,0
0.18790732369067983,0.4080691094736554,110.5,0
0.07542156214660549,0.18901959799785614,19.4,0
0.03531424327240135,0.0165936206910495,20.4,0
0.24873867030398422,0.4905199686176537,35.5,0
0.4311065614864567,0.6172552744649562,105.5,1
0.09866587124038183,0.2327646783981872,59.1,0
0.7443605718362526,0.8894432874316167,89.5,1
0.08933956599879872,0.2132200714812791,106.3,0
0.5118693882177324,0.7018516616383178,50.7,0
0.06771570992060631,0.13524433149374918,54.0,0
0.03640591596056764,0.036028139152498924,20.1,0
0.06291860918118682,0.1144526795133451,94.55,0
0.7520136782296355,0.9068452067913051,85.65,1
0.038934291243756816,0.03917451878982569,19.75,0
0.0354277596139645,0.03738318780491419,19.2,0
0.4521949323923988,0.6536170403278682,83.05,0
0.4584699246464168,0.655109387827545,88.85,0
0.07854945264892395,0.21950264875231273,86.95,0
0.03624653286538147,0.034442006452754324,20.05,0
0.7709605178834792,0.9251895526115507,79.6,1
0.43000813021401146,0.6426501205821078,44.7,0
0.1437072077021933,0.30757022022176245,34.85,0
0.10593430704310573,0.2570109606987201,73.45,0
0.6051280283101464,0.761478398069716,88.95,1
0.44546088001232825,0.6593596666870513,51.35,0
0.20883800265832586,0.4505924057783621,48.25,0
0.04952479174760738,0.08025569860711612,58.9,0
0.12874015896087454,0.3064141518044174,39.9,0
0.143783492688049,0.28282956388352254,20.85,0
0.16395972050146299,0.36785250244017875,53.0,0
0.03831327595825316,0.04405892116468091,20.5,0
0.1207789978454163,0.3239221425213523,104.4,0
0.7795038276087688,0.9447233625401584,80.25,1
0.24688408616210492,0.43614184726756233,66.4,1
0.15448810362603324,0.34464830996671314,85.1,0
0.05601433334482655,0.10142854479940493,105.25,0
0.5466074093371057,0.7281330986372557,24.4,0
0.686338325615493,0.836733681375475,100.15,1
0.41324032688189166,0.6066464970635181,101.1,1
0.49436309258705013,0.697300576532724,103.4,1
0.09920542498512902,0.26641704737588945,24.4,0
0.04184777284627817,0.053339261173782,24.7,0
0.0952318245129179,0.2512572286905169,104.1,0
0.13663365201880653,0.34213195063947827,68.9,0
0.04189928527342827,0.0613302477736095,60.6,0
0.11655179667035724,0.2396631905833525,80.4,0
0.1258864844958493,0.2996319924711313,19.5,0
0.18903324615457076,0.3654521545293455,54.8,0
0.09230322351523483,0.1829838882768766,60.85,0
0.10287705608577585,0.25810798419801184,33.7,0
0.22043695274308286,0.40967595214701863,45.45,0
0.20851161496049875,0.4207296775358998,24.85,0
0.07689284622294115,0.19967168427805113,54.6,0
0.07299577811977885,0.17449099093755624,101.3,0
0.03468311290449382,0.027106983157455033,19.6,0
0.2427391858214821,0.3927850982412572,74.15,0
0.6113824132735654,0.7936334257846259,76.6,0
0.2339662052534229,0.4401010383685497,50.85,0
0.5743011868655911,0.7486086587249693,86.8,0
0.6200704126231931,0.7902143074615786,70.4,1
0.06348092682269584,0.1525674156299267,50.55,0
0.04499458757127852,0.07672350379226929,62.15,0
0.7046842657713759,0.8454016515292869,86.65,1
0.051660601711032796,0.05602448908982952,20.4,0
0.7098648916290203,0.8745034458329498,85.25,1
0.4436055389584499,0.6395546584749114,95.65,0
0.10850689598848899,0.31562905699911065,93.55,0
0.7204543253183915,0.8772203018212675,89.5,1
0.5613464823721895,0.7364320325959391,96.2,1
0.22590014259340627,0.44342397771392267,107.45,0
0.05992321736415234,0.11604575270446015,112.25,0
0.250628224115262,0.4771147776785129,68.85,0
0.05164197024095058,0.08578889344689165,66.5,0
0.5367961751785956,0.7620887681481152,24.5,0
0.45636838800341706,0.6957079901704414,92.35,1
0.0499114320958729,0.10957746751209534,61.25,0
0.17354254287735693,0.423869051622793,79.3,0
0.3215157602652396,0.5495470195963568,19.5,0
0.4263456482875345,0.6444223280606325,69.25,1
0.7294810867199052,0.8764366591846131,76.5,1
0.05342751196973361,0.10945919485467218,110.6,0
0.27316379795169055,0.48179181313190317,51.05,1
0.036434392958510746,0.018735259042870888,64.45,0
0.20980780418180855,0.4429372528276746,50.3,0
0.039656772030704945,0.04890076037165484,97.0,0
0.04051434611715443,0.035403723729562034,47.4,0
0.2896172983309046,0.5258648681874097,75.35,1
0.3702539739590643,0.5882768240065217,56.75,0
0.03462394971757595,0.009107270226641652,19.7,0
0.03743424787710329,0.04020453486536019,84.85,0
0.03295873467865414,0.007446234000332308,20.2,0
0.037463766648774065,0.028805880471525023,71.0,0
0.07647073971365324,0.21900229520754877,80.3,1
0.5811067029517787,0.739609193122771,93.0,0
0.6124426092062792,0.857470132852589,105.3,0
0.1215878938155573,0.2731424106651518,54.75,1
0.6181018239559367,0.7909278250828913,25.25,0
0.269395628437429,0.49804334117081606,107.75,0
0.04133805975493261,0.04139278100262911,85.95,0
0.5970631527971638,0.7957139525661102,25.1,1
0.4052489460458311,0.6018196560774691,45.75,0
0.2889983728043153,0.5541817802152115,19.95,1
0.12557855856534714,0.26610590383855526,81.3,0
0.2537880829665571,0.48243427243685705,60.95,0
0.42141641079364556,0.6378145711650355,70.75,1
0.03558805029090339,0.02733603939669509,64.9,0
0.034861896097505056,0.017061104813084378,20.05,0
0.48314871899391054,0.7202709833728964,86.0,0
0.03588815779346843,0.026483756485288952,25.5,0
0.05083087146236811,0.08904568703236995,60.95,0
0.4063373883258552,0.6181629221698092,98.9,1
0.7769779775221982,0.921662949351048,94.0,1
0.0392762205510961,0.04884573358277961,19.85,0
0.040759528563055834,0.03120751687646084,74.2,0
0.751235552815866,0.8961907620069476,95.15,1
0.4850613184702653,0.6945417533615529,29.65,0
0.03714817691078966,0.027833853439037454,80.85,0
0.0437291531099351,0.05527387552525236,20.85,0
0.037243694460592315,0.026175892412175893,86.4,0
0.36164044093716613,0.5729322379749615,39.65,1
0.5058237521825095,0.6910846733271274,105.95,1
0.12094962251093261,0.24776874667665658,20.7,0
0.38697334660398447,0.6070285852698065,19.65,1
0.04114241119854784,0.053779376140003186,72.1,0
0.7459251574538205,0.8929453060480671,79.4,1
0.6391330730745605,0.803575137835676,75.75,0
0.6615374764344617,0.8064602194677098,90.5,1
0.16403189126833892,0.3537868384317418,59.0,1
0.04168158864815505,0.021404594433688685,108.95,0
0.037791858381905824,0.03332156522632938,62.5,0
0.7150118646706926,0.8595409420845606,94.45,1
0.036963111458964,0.013227323730086567,114.05,0
0.27463560442332324,0.49770874930181674,48.7,1
0.0833513287615834,0.17983661657814262,102.9,0
0.7248854943237891,0.9004699497246426,69.7,1
0.13737624792857855,0.3182132818498536,49.05,0
0.032388101714240725,0.01065237619002299,19.7,0
0.22797991461049924,0.48115357225109023,95.3,0
0.3685329649089959,0.6089290600838093,44.8,0
0.16650022687543828,0.32861267638566993,20.15,0
0.15626623894218317,0.35802105013334634,105.05,0
0.513511805873116,0.6690254993788841,95.9,1
0.33000668563523683,0.5173182140795051,44.75,0
0.0349796887934083,0.024616672873173914,19.85,0
0.381655196692193,0.5783526598093615,73.2,1
0.6224052553235575,0.7778789746626597,50.15,1
0.19106494236416982,0.39980593330224484,50.1,0
0.46097303263936623,0.6506041244102538,99.0,0
0.6836273789739676,0.8188928045120204,89.75,1
0.03471686237177758,0.022578327514510468,20.15,0
0.1481586998815496,0.32746165049226456,93.45,0
0.5173257767089089,0.7347505075180522,44.9,1
0.6330768996937777,0.7946774282068348,75.1,0
0.044501793891966686,0.05175445170132508,88.55,0
0.10491984600936859,0.27098147195989664,79.45,1
0.22652928061659725,0.45583933451282643,117.2,0
0.44976791131523974,0.6787343650906036,84.5,1
0.03487725429774558,0.017918502147176444,19.95,0
0.07836460011945323,0.1911333573392337,79.2,0
0.038341219651011095,0.040015723868396205,78.45,0
0.49311974376899914,0.6742986693020304,93.9,0
0.541516982173528,0.7161216997828725,105.3,1
0.03433867535344821,0.013921578384459628,65.3,1
0.18360610420786824,0.4109508631700302,99.95,0
0.640122936563278,0.8489010054686237,87.1,1
0.748329225677347,0.899433859807223,70.2,0
0.5028532319907592,0.6844641550669145,95.25,0
0.5053871600540413,0.6791734489671861,101.9,1
0.036288963380419245,0.01926183666997662,88.55,0
0.07967723749308808,0.17790914953208148,54.0,0
0.07534117561300632,0.20320269970790933,64.5,0
0.25519181464717305,0.44538177755230873,105.2,0
0.5902053349489753,0.757219237598507,70.2,1
0.7211239202119882,0.868642803740097,80.15,1
0.03522631838638134,0.020146912991645692,20.2,0
0.08986916039355498,0.20872044185707486,61.35,0
0.06411173625036944,0.16901717696677618,109.9,0
0.14212648030733369,0.4003480618623632,109.65,0
0.04061066967994131,0.0421993819966705,19.35,0
0.5181089008682739,0.7044669707730391,95.45,1
0.04447426191187289,0.08266114095264887,86.4,0
0.17036570371810908,0.3873400682657047,110.15,1
0.09244375331790833,0.27355386054543646,104.45,0
0.6558119346389203,0.7693527900137305,74.3,0
0.1547133097773659,0.3395332197174353,51.65,0
0.04672666169904258,0.07383110119383907,114.2,1
0.43097412176274713,0.6795509508099853,69.15,0
0.2526306394189193,0.4795694987232956,100.65,0
0.034229835118810024,0.01493617580768898,20.2,0
0.5447287661148388,0.7349394139655868,69.95,0
0.3024008378490437,0.556677595607006,82.15,0
0.7603166396042887,0.9305725914066458,69.65,1
0.08082396962033479,0.2235678118174123,49.45,0
0.22425175238342973,0.4496294343802262,66.35,1
0.39058077641218386,0.622103025473898,79.85,0
0.03657677082601688,0.031632192445849916,20.6,0
0.04411347400072422,0.05948374548222624,25.1,0
0.03550297984371662,0.020955739697008178,20.9,0
0.6002554441501425,0.7793558255734964,86.3,1
0.03691466677185668,0.02576745673800432,84.6,0
0.1625390642807919,0.3179457244570861,79.2,1
0.12483500160272061,0.29051104443197817,19.75,0
0.08741579412668442,0.28620867565289076,107.65,0
0.042218409074898676,0.04579260431136558,85.45,0
0.1325686968941008,0.30102560301562037,107.5,1
0.5360885063515622,0.7296214238274773,69.05,1
0.0895252914168783,0.25565990828117735,113.2,0
0.6185360347724634,0.7951066388612981,74.95,1
0.4972298542628566,0.7072860187330657,45.7,1
0.055155535919948595,0.10784133309251878,79.2,0
0.42020016105236474,0.65707564568449,51.25,1
0.03659839444977244,0.02351721332297213,73.6,0
0.15166521551537615,0.33901685882272214,61.25,0
0.3395955246368057,0.5502980300734522,90.85,1
0.071097868107022,0.14888554460759942,88.4,0
0.03744337062398548,0.044004277333279426,93.9,1
0.432278418378978,0.6682106955766773,19.6,1
0.13221747372587228,0.30688323641185833,21.25,0
0.07732435778415532,0.19681870067017707,20.5,0
0.06643053613924288,0.1617247651516241,20.25,0
0.20074386370054464,0.3795268367859712,105.4,0
0.4708959755777931,0.6479354296805598,87.75,0
0.7024770162145741,0.8501005194933492,83.6,1
0.10170011415945805,0.2248885683703108,78.35,0
0.14136011832733433,0.3121921144005188,20.45,0
0.2356032716822146,0.4194130207744328,70.75,1
0.5525838481955275,0.7455082000264394,45.8,1
0.03374933196861588,0.010829397016075444,19.85,0
0.44247851942120314,0.6546924917994199,69.8,0
0.24222182543046725,0.4884017505236001,89.45,0
0.0343767814111141,0.022699758933436148,20.4,0
0.16515027808075758,0.3098721552432303,49.55,0
0.5787535776743827,0.7727598915268109,35.9,1
0.09212578182711446,0.16790902323114887,49.85,0
0.10216599313244568,0.2631372506886431,105.55,0
0.7640453465349903,0.9356501286864761,69.6,1
0.37233353222523685,0.5701596202747348,105.15,0
0.3593203473637394,0.5557499362369817,105.7,0
0.39960740064737416,0.6454598898488614,70.5,0
0.4855412686716643,0.699970018158471,73.9,1
0.3564307996409406,0.5993811862899876,73.15,0
0.21459243376939915,0.44117364222199085,96.65,0
0.6911509937702323,0.8494523638631674,94.85,1
0.7266833879148353,0.8639376927428059,80.35,0
0.5213078045766136,0.678917425750582,90.25,0
0.6611408306604993,0.8335217889487694,84.3,0
0.4914257872246513,0.6872278182340252,104.4,1
0.1747476297120909,0.3574696273462236,50.0,0
0.08990329484440458,0.2292511792044298,24.1,1
0.529335063383149,0.719670371694479,60.85,0
0.15631617851266447,0.3330975899476326,35.5,0
0.39763370603995357,0.6321893725382358,25.05,0
0.6520575077047311,0.8309490833413495,69.95,0
0.5378480465501911,0.7115512251783631,70.8,0
0.15581366849982248,0.3773408655999796,101.4,0
0.032299885614244885,0.013121318690078378,19.9,0
0.03824776681359215,0.024081648620539953,86.05,0
0.046219067171795164,0.053705189528457625,92.45,0
0.5585716564924434,0.7455917216498791,44.65,1
0.7975359498518421,0.9527784367208676,84.6,0
0.22152146054992447,0.446993101712183,107.95,0
0.0776043845279631,0.22311534742176103,58.2,0
0.26153936135719164,0.5024128455402007,94.3,0
0.12983028020159892,0.3092999124470641,111.2,0
0.4663555695408985,0.6897476652276952,88.9,1
0.5518658109488431,0.7392874602571247,83.05,1
0.0671576204343998,0.08686380376144574,118.65,0
0.11150859825958238,0.23625033988132033,20.55,1
0.03487880251013548,0.011717530417693262,24.7,0
0.04042423689548238,0.04203759933377903,92.2,0
0.25141245452009375,0.45372462059127844,42.4,0
0.7381676405379124,0.8807882163513856,85.55,0
0.03345315100504323,0.011476415113626364,20.25,0
0.04823326012495529,0.0947659983059141,26.4,0
0.4470630769412754,0.6800827286340867,44.3,1
0.4555757843835313,0.6797400539285198,87.45,1
0.13298843521195505,0.33990582173104855,105.7,0
0.04084263357061125,0.022750808691961347,91.1,0
0.03549772714519293,0.025274411764357206,19.55,0
0.46617499972266857,0.6792601986400651,68.6,0
0.20996002857062912,0.42535991367246967,55.05,0
0.5556473024965474,0.7118856364672067,75.3,1
0.047417586307289566,0.07138933935774251,43.6,0
0.6897183552628765,0.8854690389578298,95.0,1
0.692405804615522,0.8641733804432141,80.5,1
0.10422794761920867,0.2572857483008816,25.15,0
0.15589549878916228,0.420846065246351,89.7,0
0.043288824504678615,0.05829051607489733,85.35,0
0.5750812513214187,0.72805095679709,101.35,1
0.033190712097570296,0.012910047843674867,19.7,0
0.2395719192425881,0.4765209194957674,70.55,1
0.04576513386510229,0.08571195724767457,69.7,0
0.03931846769984081,0.01934249926047388,68.75,0
0.5196514193953168,0.7339759743453459,73.7,0
0.07417247982673687,0.08032465156464372,110.15,0
0.19733189563636758,0.4037063020433135,69.7,0
0.6050541799306024,0.7734177637616837,85.25,1
0.71907544461545,0.8497929664605754,74.65,1
0.46712625605313085,0.6622501255717217,46.0,1
0.5598956240971446,0.7293379623200501,90.8,1
0.4683288135735812,0.6766501206965171,79.9,0
0.043852199969042216,0.05423826722239506,81.95,0
0.034142302672619494,0.014260112658884374,20.45,0
0.7116761921717027,0.8680787715379442,75.8,1
0.10745551720765638,0.22033944273805933,68.15,0
0.6039297241948666,0.7586486116049225,100.05,0
0.05522611153987537,0.10021755278855883,81.95,0
0.7817153023361879,0.9335150999493582,79.1,1
0.10290446445062541,0.23308429922474086,19.5,0
0.21235122481027494,0.40536558474972584,51.15,0
0.2770139470331463,0.5109638742442333,55.75,0
0.7486878959628562,0.9019539096690763,85.8,1
0.03881269003902438,0.0324539149964813,79.2,0
0.06223009908084306,0.13189129421872525,105.5,0
0.16106026715056695,0.3828861626946917,55.35,0
0.038297504107963225,0.025827934403852105,64.35,0
0.1177781829181586,0.3023514387838882,65.65,0
0.18976722022741901,0.39451301727958243,75.7,0
0.04720880437566625,0.10316076642183698,30.75,0
0.35039817632586984,0.5546056335756767,103.7,1
0.1554123525737122,0.33500438538275706,54.25,0
0.099336707849689,0.2734792030063313,20.45,0
0.041850323764068775,0.0653785059838073,25.3,0
0.03996809670008661,0.036772887061965666,24.4,0
0.2036704934741235,0.4334352997170766,89.4,0
0.05229294826246197,0.12559102289762433,48.6,0
0.5964251580320558,0.7435948728764337,94.25,1
0.03736011597578324,0.03781972725322928,20.4,0
0.04093873242559059,0.046879039529404185,49.65,0
0.28044084629847726,0.44868436848179366,106.6,0
0.04052918227182815,0.0533317808071722,20.75,0
0.6558282859112677,0.7997020811143843,70.9,1
0.7547376585418447,0.9088928635928323,74.45,1
0.4611071212228864,0.636399059988444,91.05,0
0.0917194092266674,0.18614079706428477,39.95,0
0.10468370073187039,0.26833384909552244,46.4,0
0.44996873669894605,0.6909951498496997,109.95,0
0.03605935270348672,0.03483361348183312,80.2,0
0.23042752293997823,0.4216146553410401,98.15,0
0.7302176466547743,0.8841645037436467,84.55,1
0.21772563025284294,0.46035656029016914,104.8,0
0.1328535317541346,0.3154761065699753,19.3,0
0.058033166434915906,0.11650945432837785,35.3,0
0.11967105805615064,0.30638545533010436,19.45,0
0.7472047440938132,0.8851646327701644,79.45,0
0.03848649180076014,0.0270171595671153,47.6,0
0.40410007284600113,0.6057314588782866,75.75,0
0.09946321010082905,0.24710521720218898,54.9,0
0.06813582297576316,0.15165195020836855,70.6,0
0.03606087785450094,0.029315699012688056,20.1,0
0.06485379046053652,0.2007405089451487,78.6,1
0.18742569132072273,0.35416394072130963,60.35,0
0.0823488219444654,0.18381820940993399,19.15,0
0.05865055797602801,0.13465426147611367,113.05,0
0.03368438478526215,0.008413337229246646,20.7,0
0.5252788553875639,0.7139270251034546,44.35,1
0.3915982655935822,0.6126263072760919,33.65,1
0.05290504205974014,0.08445030746749513,90.95,0
0.2271481917423707,0.4134565888990992,65.6,0
0.5623901518705864,0.7471652991807353,50.8,1
0.6048020435859448,0.778850286264443,95.0,1
0.40054028156397425,0.5973419417401775,20.2,1
0.18517538558341815,0.3880738744358798,104.8,0
0.06693710104872046,0.17206551504977619,100.05,0
0.047283446921519895,0.06704226425829461,19.35,0
0.13870195377132408,0.3098220067075649,19.4,0
0.034239744833956906,0.014633842156614214,20.0,0
0.5680637533425111,0.7492749969631589,103.65,0
0.1033439767357374,0.2468989076571666,115.0,0
0.7688270890097205,0.9403029261727273,74.6,1
0.6917015187966249,0.8754987616278532,96.5,1
0.5502180545291397,0.7586519779978734,25.25,0
0.03781414037295806,0.040287115760415576,19.55,0
0.7188868587451376,0.8806671517319568,89.15,1
0.36294606237946675,0.5414889915249393,94.4,1
0.08218669818290104,0.1657355344663298,99.65,0
0.03377760932642476,0.016359988210766657,19.9,0
0.039373707979001,0.03290224943298072,114.5,0
0.727086265769595,0.8853497814783657,84.8,1
0.04096644236029025,0.054002827526584515,69.5,0
0.5882625714092105,0.7579264536045778,45.6,0
0.039508744693636605,0.027837319074800526,20.9,0
0.44295386913709994,0.6149836113907472,104.8,1
0.3860357362334155,0.6120876109131135,20.25,1
0.07987716699951443,0.1748355418916123,49.45,0
0.10913973733510085,0.2734924949754584,61.95,0
0.047705885414726,0.06706342594687265,84.45,0
0.6002636246976011,0.7601128294679229,89.15,1
0.7805878887249182,0.9313406938136048,90.55,1
0.3095097930845514,0.4977486201831459,74.65,1
0.7747319771226623,0.9426552915567996,75.45,1
0.0924897939004739,0.29938012861933977,90.25,0
0.04493634597426547,0.06311711620290252,82.1,0
0.03487539285573039,0.012594689746749356,20.05,0
0.06616781042467913,0.1641938371767777,20.65,0
0.13543769532650038,0.2922075851750269,19.65,0
0.050228299118512426,0.07085102664383329,20.25,0
0.7038336250672304,0.8751023778666852,89.25,0
0.18783904747067115,0.4046246143339337,69.85,0
0.03998385536844911,0.058245223551397496,75.95,0
0.3836087472917571,0.6084831585646979,80.85,1
0.2082431939570698,0.43872888625009004,48.8,0
0.36900921008235016,0.58015354768046,91.05,1
0.1145300923554415,0.2847402815505193,107.05,0
0.042379738434051,0.05856160598185029,19.1,0
0.3255442408668428,0.529336496875441,49.4,0
0.46716901568890545,0.7353599774739238,88.3,1
0.04364887855267171,0.03213678641099156,100.65,0
0.532827510529847,0.7066429612609894,85.7,1
0.03321470706254241,0.00855761564797977,24.8,0
0.42408600882048636,0.6271527017229697,84.95,1
0.6575609405342612,0.8181585581652441,94.25,1
0.7529152216062419,0.907483610057641,104.4,1
0.1324069025114046,0.29822881670635837,78.9,0
0.13474056871427986,0.3236409323794229,114.3,0
0.03397192187782553,0.011207334972208506,91.35,0
0.5912968597169704,0.7531353899883942,45.1,1
0.35458937039236055,0.5698187420558491,100.7,1
0.03277863864036871,0.009301277065339803,19.8,0
0.06054695966967181,0.13546590365885877,95.65,0
0.7336060800574148,0.9040498733473583,85.65,0
0.3223752318813951,0.48756079517784306,60.0,0
0.24001278640524562,0.49154605100835125,20.05,1
0.05263940878201203,0.13422224976016872,92.45,0
0.033001217920145834,0.007974864596969927,24.6,0
0.28539779809106897,0.47796773509939555,50.45,0
0.11151258096661935,0.26720112128334994,54.45,0
0.10018353502788009,0.2733485791754451,44.15,0
0.13330487604210528,0.3041682461253721,19.9,0
0.37139591410191725,0.5889998886630211,45.0,0
0.03595041252515426,0.021551595806284882,20.85,0
0.03986018996530464,0.04021133220452238,19.65,0
0.4914107584466108,0.6932079546389992,44.75,0
0.5235823792097622,0.7045522891942675,78.8,0
0.10657224531873494,0.22406561718573756,84.1,0
0.03714854760779112,0.026989388860171555,20.4,0
0.03590857500943308,0.0298394359250361,19.7,0
0.03825191336164888,0.03553095697650237,61.45,0
0.26472417275199256,0.5102130915057976,40.3,1
0.691013821783713,0.8340810912436434,79.7,1
0.7758022772929957,0.9256346660051954,91.4,1
0.04287761735328093,0.051462752054786294,24.9,0
0.04899010130024078,0.0911139918269294,75.15,0
0.03789917388838042,0.057079935464332744,25.1,0
0.09733045704180394,0.2088693712822347,103.65,0
0.09449346630812731,0.26758262479343836,106.05,1
0.4041970604040261,0.6424525220437972,29.7,1
0.09626870790998406,0.21801757068957198,19.2,0
0.04697758214508705,0.07702597355003761,43.7,0
0.03562148607962484,0.01677413380611967,19.4,0
0.07161275832410487,0.15544786822733647,58.85,0
0.0697132835312454,0.18937515534045626,36.25,0
0.08793012599108431,0.2180107603676489,20.05,0
0.03502583777264728,0.021906507568372993,35.1,0
0.08470813671660161,0.22135798261697162,19.4,1
0.129412690780967,0.30571887291635086,19.75,1
0.6158766805609363,0.7781899083430388,72.85,1
0.07677334992864937,0.18090306488795113,88.9,0
0.08768244844972649,0.2313399437858905,19.75,1
0.03851033421842395,0.03649286731895741,20.75,0
0.3510557633181155,0.6050652924543635,84.2,1
0.725960038295362,0.8598878372732304,80.25,1
0.5916006999478038,0.7541503874764743,29.85,0
0.3867553710069534,0.5930825572742882,19.9,1
0.05630547019905571,0.12493321180457272,45.0,0
0.4284332302523309,0.6477325120656984,79.5,1
0.16194296461459765,0.3608537626656877,59.2,0
0.5885913724495891,0.7762163242222587,31.35,1
0.10553780265568746,0.24767846572071084,20.2,0
0.2697594087494392,0.4694367347727565,51.1,0
0.19081383282664402,0.342315139331252,20.55,0
0.04231501328145698,0.06226735138929838,25.15,0
0.26713089439889753,0.5006166766821842,29.8,0
0.09827289315915193,0.20758232540087454,49.2,0
0.21175225181549429,0.44120580032059203,80.45,1
0.7919674804865641,0.9469811679778528,94.6,1
0.7467284575300314,0.9018701138170513,85.3,1
0.1364368007684797,0.3338248122275092,97.1,0
0.04166273756601429,0.041250815738027996,79.6,0
0.11714189310530848,0.30648556108639763,20.1,0
0.7768114798462294,0.9330639081563896,74.4,1
0.04108376484390677,0.08639097973555573,61.4,0
0.5655903351861425,0.7599315103864216,101.15,0
0.6767885086981417,0.8102747062515737,96.0,1
0.17848678039838242,0.3422141168199868,76.5,0
0.08044092202945795,0.20085813730849217,99.2,0
0.040013774376652426,0.03215210003883825,63.1,0
0.5211591308966628,0.691346091140515,72.9,0
0.05213367630649685,0.10754101837440021,65.2,0
0.5800314837757362,0.761768293625872,55.0,1
0.035113098768006494,0.013876302908509339,25.5,0
0.057075114014627885,0.12192949570633786,110.1,0
0.3534257042674757,0.5548894951678023,59.25,0
0.062433045316632026,0.14018881826234242,55.35,0
0.22335565540097532,0.49038113241887404,55.75,0
0.19032918815019192,0.40780723458742957,50.6,0
0.4441036711043884,0.6029187344370427,75.5,0
0.04621043743670183,0.06288498646573308,88.0,0
0.4043826610777768,0.6372781475320288,20.1,1
0.3555428376114526,0.6002338182055421,75.2,1
0.041814581691900464,0.06849685391489535,24.8,0
0.5389470503604391,0.6943313872699243,94.05,1
0.03722576986648778,0.030331717728488906,60.05,0
0.2017301557216278,0.43525434351375586,25.1,0
0.7522866951655195,0.9125123702677547,69.85,1
0.07471545093485916,0.19143943456132134,20.4,0
0.47533418736491234,0.6575763717450197,100.8,0
0.5746255012882054,0.7055115047250868,50.8,1
0.08525717104732851,0.2344882718423453,81.7,0
0.2593670934728372,0.47287078226659757,45.0,0
0.049805770043616415,0.09846690922746303,99.05,0
0.6000246995341144,0.7595726496759723,93.55,1
0.04971745710374693,0.05073189588551955,99.15,0
0.036192580493954636,0.019488026179546983,39.15,0
0.637026473819763,0.7743321574756231,96.8,0
0.7351334607096525,0.8768507066943001,90.45,1
0.66484398860358,0.844163297420741,91.1,0
0.03327035943799463,0.007993508015971141,24.15,0
0.6868516125631455,0.8063433293585571,74.2,0
0.03656339238606826,0.014913959710747623,90.95,0
0.542435096513678,0.7380803408733995,101.25,0
0.04267420912906081,0.037916812172986904,20.2,0
0.5742426764724492,0.7532944867442172,81.45,0
0.07649959376182258,0.14675477661786654,95.2,0
0.11118599048721885,0.3089229319994291,86.45,0
0.04083230821337585,0.04100221170876533,57.5,0
0.2206956371762063,0.42372727900782564,25.65,0
0.033213338497763124,0.015571806666479808,20.9,0
0.7344199193880638,0.8921572942971566,84.7,0
0.0388502695770594,0.03939067878233531,24.45,0
0.04463503521151469,0.08367933827515893,84.2,0
0.08739424640879227,0.23143341356711128,19.35,0
0.08312957223268998,0.20664687659656023,20.45,0
0.07443029586638057,0.2143180535061161,78.75,0
0.49777403429973743,0.6748601379033548,96.1,0
0.15258741986762864,0.3494255431515974,56.25,0
0.04281514227049018,0.07346042650357716,42.3,0
0.40355027132584803,0.6275334722683529,35.45,1
0.11019456396167739,0.2902787800161691,20.25,0
0.3388165430219874,0.5042651277663314,79.65,1
0.2828657226103006,0.5144383819179185,54.2,1
0.4953640814222415,0.7142961196735994,101.3,1
0.7212798647745698,0.8665384322007346,74.45,0
0.1507223472496193,0.31628055303680896,53.8,0
0.3357017235465532,0.5138323464130574,106.8,0
0.26620722448244055,0.5066104979917498,80.0,1
0.035749416920068146,0.026284418061199938,19.3,0
0.15927208600701107,0.29686794401196787,80.45,0
0.43222129314315033,0.6288447048961008,102.95,1
0.12651860545513335,0.28801493699897057,113.15,0
0.24784936805023725,0.4943268707282805,30.6,1
0.19248239632358866,0.40106322301624553,100.35,0
0.20351794937587162,0.40936943106594903,18.85,1
0.04125746447736294,0.04961976799446898,31.05,0
0.03255338534041909,0.013756171015704704,25.65,0
0.3802509222582015,0.573947849551792,81.5,1
0.712039249857619,0.8672694898424929,98.1,1
0.08581166980055109,0.2002570841656133,29.45,0
0.31345176731374486,0.5269759981485375,55.8,0
0.6281566666117203,0.7938656310758699,44.75,0
0.11816860189541965,0.3110047204356953,44.6,0
0.6690642941190003,0.8348859998257829,73.55,1
0.785061579423291,0.9396474223479447,75.3,1
0.5042372121167378,0.6748105868597541,30.55,0
0.11714484894020556,0.2758706394056011,20.35,0
0.0832832431355899,0.22391301856072662,20.3,0
0.4897644557682777,0.712972270541439,86.25,1
0.20249489014651026,0.4107822985230405,34.4,0
0.1295497467882862,0.300011944112824,49.7,0
0.2142928788513411,0.417633368597288,43.8,0
0.03475316720053325,0.019731664006127938,19.85,0
0.03663855270923978,0.01690689261062961,19.2,0
0.17591011169386417,0.40179590603266796,109.55,1
0.1613722534770442,0.3630429722802847,89.1,0
0.6919731388815934,0.8369023436307016,80.75,1
0.4681683506049965,0.6485322618899436,102.4,0
0.04488806889321684,0.06195202283576413,96.6,0
0.04277639045576517,0.05277266243021254,49.85,0
0.1496466412545633,0.29975536632653177,56.85,0
0.47599326283839855,0.6841512610984672,90.7,0
0.574730410786617,0.76077841232512,98.85,0
0.060165614739201616,0.10344551726637104,90.8,0
0.11816028565717039,0.2945871245944123,39.1,0
0.22171514279014812,0.44690364975875374,103.4,0
0.11233650376245204,0.24604073935224477,64.5,0
0.15361042938479805,0.3402412075656764,20.85,0
0.03373518597540927,0.020049690781873197,20.8,0
0.7482448097783521,0.8925223360120479,70.1,1
0.03650016553242751,0.030500883593735022,24.65,0
0.5691992431323287,0.7575969757614179,44.7,1
0.6783835346571293,0.8231294968318036,44.8,0
0.6893574950551341,0.8236447199187638,100.2,1
0.5278263777499187,0.7334787272662384,85.9,1
0.49612816372942575,0.6789838075384734,50.95,0
0.720507243814505,0.8625581889956216,79.65,1
0.712420287026053,0.8756003413046742,83.15,1
0.08243912566600135,0.1999513140531241,75.75,0
0.03210888309887547,0.014999008588628958,25.35,0
0.6361224982305025,0.8302713702501575,73.6,1
0.5100474222737489,0.6931736205391464,96.8,1
0.034957213294941225,0.01978024598949917,25.45,0
0.07254371560428209,0.18527843517334722,20.0,0
0.11659468188495174,0.29356116142128647,19.25,0
0.04149806922571545,0.05304930117594343,20.15,0
0.6278438341657547,0.7883367312248539,94.1,0
0.7102666656395858,0.8901434515380955,69.1,1
0.03569907269804679,0.022746291850409044,19.85,0
0.34526978362933475,0.5077063004190254,70.05,1
0.670613356624581,0.8326332179419776,79.25,1
0.03753274978599045,0.0386137829391911,73.5,0
0.04345974098697181,0.06349883619805242,18.55,0
0.5796447702925365,0.7299155383688564,97.65,1
0.04053463056704276,0.0896120584545359,26.4,0
0.046824345873562524,0.06354997072008814,20.2,0
0.04089289792950797,0.0524496522993354,19.9,0
0.03383802053305146,0.0214926753853643,25.7,0
0.6121935934203525,0.8101360432872161,99.4,1
0.06238160794367866,0.1865448935220578,75.5,0
0.09032724734145685,0.186835184071051,69.65,0
0.03520712811784544,0.041057334024937935,19.95,0
0.07208704643126097,0.09353725604908941,109.7,0
0.7035759906192139,0.8701301687941291,69.95,0
0.4049861213362124,0.6023432594410594,20.15,1
0.3284545755311911,0.5338777173395759,40.65,1
0.058915309051357216,0.09953339234098396,105.55,0
0.35899623415924836,0.5759865129759311,104.65,1
0.2672998731583304,0.4915887178657912,108.35,0
0.03270900373926263,0.005225051765735216,19.9,0
0.038916879813746114,0.029161556425957115,79.55,0
0.4319299538373687,0.5922785332599051,78.9,0
0.03330190103376785,0.021626951028726464,88.05,0
0.20693387234323166,0.36395179584231924,99.4,0
0.03601101754964734,0.03625815837397341,19.15,0
0.6607322870436001,0.8170176377572752,50.35,1
0.3677590965492394,0.5757373274630455,88.15,0
0.3372585765561676,0.5698627307364607,83.8,0
0.589444562533389,0.7577644994430125,100.8,0
0.5938331430289324,0.7334736496639406,74.7,0
0.43285926814751335,0.6243580994523273,53.85,1
0.3506749769574724,0.5854158620867098,39.85,0
0.09670653362431623,0.255653445971634,85.85,0
0.04236983968018515,0.039888856258053745,90.15,0
0.08381208703438403,0.1783382921338167,50.6,0
0.5677321799269633,0.7704913556394699,106.1,1
0.23831127190970136,0.5011006875214593,84.25,0
0.07954840177329332,0.21171638852134841,24.8,0
0.6368929021769273,0.8045942207101592,94.65,0
0.2588773078073923,0.47759993343691387,35.65,0
0.042094065166411045,0.05577781899742573,58.9,0
0.09919789194282232,0.31390017372567347,78.95,0
0.14640253683030688,0.32882074306693365,93.5,0
0.7396857385857342,0.9053656062089787,69.9,1
0.04352547573865969,0.07552398524592938,84.0,0
0.7206899677394975,0.8762260952728073,71.35,1
0.034694857197772634,0.012040898472999766,19.9,0
0.03443335407917588,0.01753953800912312,25.45,0
0.05894147829668892,0.12758795914983254,77.5,1
0.25945300971088026,0.41429247127877533,90.35,0
0.2686612216654994,0.446710048351858,24.15,0
0.2703970209266409,0.47440174217416103,51.2,0
0.03518900465767765,0.022526637731420718,24.15,0
0.05234716959156654,0.10963616321068147,63.85,0
0.6557044370478126,0.8396713852069304,85.4,1
0.08592078690369781,0.23975705927049717,20.25,1
0.05832880616264267,0.13760652017156094,73.6,0
0.30463800985945944,0.49400878768236584,54.3,0
0.05756609215530021,0.12453152624210806,79.95,0
0.5073784043773174,0.6872179584137864,75.55,0
0.08620444185339989,0.22072305995653452,20.25,1
0.4479018496451806,0.6911435182932985,20.25,0
0.11531563841963344,0.2470475975450883,45.2,0
0.03875546807087725,0.0373235993057825,19.65,0
0.09878250436820142,0.23591720256408147,79.85,0
0.09701606614261508,0.2774419102833781,78.2,0
0.1711323115816731,0.3719268804452005,45.65,0
0.24214557233166453,0.4877577532676451,34.3,0
0.13919588851763753,0.3068515400906164,79.15,0
0.04217481525396554,0.052267842646028725,66.75,0
0.28230520161377504,0.4838714765144678,70.7,0
0.24363721773053873,0.4723826052213006,107.5,0
0.19824421050690266,0.41098743403066484,51.0,1
0.20497467748940235,0.4087369633227113,116.5,0
0.04678311679982475,0.08823830911591535,80.8,0
0.09798618542618058,0.25476637439959826,103.2,0
0.0366823673619146,0.026194929248686327,75.7,0
0.7470869213378798,0.9024882164865216,80.3,0
0.6143425180859499,0.7650489031997119,79.15,0
0.1568409771021522,0.3861711844380668,50.0,0
0.2540246729677578,0.4876611175524909,30.85,0
0.16897486966145644,0.35635356557685094,55.55,0
0.35868385807885206,0.599192196413201,110.75,1
0.5247353272309881,0.7154079717710367,88.85,0
0.6241653668761917,0.7804373881917845,45.85,0
0.5902912663550931,0.7416759875232557,86.25,0
0.47753763833651064,0.6185823071357336,24.7,0
0.7888359974048159,0.9540205650201847,86.6,1
0.39750549568967397,0.6162156051510772,89.55,1
0.03833393874305251,0.06428659995007545,19.95,0
0.035859953551949375,0.02545682783982297,24.45,0
0.14042360980646937,0.35892038938726334,55.45,0
0.09469358343294763,0.24662417242161727,44.6,0
0.25108168346786724,0.4692499323552353,100.05,1
0.7378906331131625,0.886832230178834,85.2,1
0.04340410813593057,0.06032183880682561,73.25,0
0.08302523094827174,0.21712928302806175,20.05,0
0.5905176615000997,0.7733528034142076,84.7,1
0.03339401763157119,0.015067046141817374,112.1,0
0.09962164383107967,0.2607821360943078,20.65,0
0.38917374439666613,0.6169255667798447,24.25,1
0.07623038174368117,0.19147905269785628,71.8,0
0.08021423111116499,0.20794899539672176,109.25,0
0.15737474878111696,0.40565361280931717,106.3,0
0.37724364483273215,0.6081471646532073,110.75,0
0.7375966445331167,0.9157011068134265,69.4,1
0.07496173329578903,0.19755945099470568,24.1,1
0.04062616135639438,0.045519158442447014,69.2,0
0.19007701558705156,0.35255460432114394,49.3,0
0.038291213717880856,0.022826288699287704,60.8,0
0.5395284844533538,0.7243962171921395,70.1,1
0.21347560671585222,0.43301200959390657,54.2,0
0.6278694481301854,0.788659094098283,82.65,0
0.7825664671324418,0.9487857901248792,90.6,1
0.5952017698346479,0.7784875200555714,44.15,1
0.5877266899768192,0.7400102389850576,101.0,1
0.1316851091297973,0.296163997045848,69.5,0
0.035798847477274125,0.02904954347539351,19.2,0
0.03258581737923258,0.01203407067103667,20.25,0
0.21560023324842525,0.44749097306295,89.6,0
0.05309818085060092,0.09991825859502615,19.15,0
0.10718164878638352,0.27531999670821783,24.5,0
0.07871939196711024,0.22937967005082727,61.05,0
0.5408796710281699,0.7125463383282165,95.05,0
0.48100669854819644,0.7003003102934673,95.6,1
0.13086119158237755,0.3277002774522983,109.5,1
0.1520282271040552,0.2936123949000183,20.35,0
0.04952189018029415,0.05854839688960951,80.8,0
0.03667581960719401,0.040934167285548446,55.3,0
0.25291968768230155,0.453354203247836,60.0,1
0.22723976932414813,0.44258677098694366,95.35,0
0.6858611519993744,0.8537469492121528,90.8,1
0.09445720531563567,0.22547671638451713,20.0,0
0.2942304299316647,0.535549038194535,97.55,0
0.6661255525020655,0.8132989688754905,94.5,1
0.04517894980531978,0.07433253196966323,61.35,0
0.21657100258295117,0.4076244701658481,105.85,0
0.06739220782965043,0.15555454184655773,55.65,0
0.40156815609801005,0.6166768152786756,90.4,0
0.03274853467632544,0.018190451446818023,24.05,0
0.041672804804435186,0.04383443409260793,71.9,0
0.039084240737020215,0.03464743150200485,24.15,0
0.08793535341188886,0.15891987898499613,95.1,0
0.3529503917679544,0.560349708293663,44.75,1
0.04446245459500578,0.06436516176939323,99.0,0
0.42972271660331046,0.634941570621193,94.9,0
0.35173200170459773,0.5598006070856502,83.35,1
0.04100639712208037,0.06114546462753419,19.5,0
0.5099744209281246,0.6949511084548093,88.05,1
0.3003200232320293,0.5053509941027089,55.35,1
0.06935679113119507,0.14501135214743324,96.25,1
0.03677841562949057,0.03251478607687091,20.1,0
0.4760304029197087,0.657237459612787,78.8,0
0.7563774371826545,0.901202941503265,92.0,0
0.583798257023788,0.7493487947886112,104.1,0
0.036665019950022366,0.030255271366448,20.85,0
0.11012886943385708,0.26078489080473255,19.5,0
0.08527036025894556,0.17911224609170817,104.8,0
0.6160647158823368,0.779913393000616,69.55,0
0.1931387117417347,0.4070381266839257,57.65,0
0.034070798964898674,0.017881243292858645,24.95,0
0.04341542588048342,0.05917104616334303,80.9,0
0.1428167831777094,0.29873853324662103,59.95,0
0.07534496323745503,0.16474803096358723,94.8,0
0.5718429510340525,0.7386310508879361,74.2,1
0.03513993365592153,0.030556465269490934,19.65,0
0.03602744786036599,0.03089271356725,19.3,0
0.08990000385353432,0.2534816789507668,97.65,0
0.5125275991880237,0.7139765764787256,105.05,1
0.03606562788440546,0.024570660355199826,63.7,0
0.09270703499558643,0.2430259848684828,25.0,0
0.04354984136042426,0.0447010113680785,19.35,0
0.05550070382561059,0.10755090154825513,109.65,0
0.5779351828237119,0.7674618396976652,85.45,1
0.6796521077638519,0.8301859771697723,73.85,1
0.6133090398849993,0.7834444779941496,74.15,1
0.03686012144617008,0.029093673089585603,20.25,0
0.08762090697369503,0.21353377266681595,103.75,0
0.4534129173008805,0.6488759781404166,89.2,1
0.049911752844578945,0.06331456362539759,84.65,0
0.43525970130688285,0.6284588852204799,19.9,1
0.09454202769553077,0.24667354858712154,90.1,0
0.07876530676147296,0.22261162827460027,89.85,0
0.06208029590096755,0.13146463753137533,66.2,0
0.09262632504267754,0.22588112138449265,101.05,0
0.059829319863585396,0.1434375810820864,80.2,0
0.5307270928359723,0.7245967028758138,44.6,1
0.5262705383361853,0.6780539826442455,95.9,1
0.03626997804712337,0.03974996220191787,20.1,0
0.035818880619154024,0.025558164259134174,19.55,0
0.6866129310511561,0.824519363086139,82.85,0
0.5689179256224351,0.7282576794906924,99.25,1
0.29876285457584795,0.5378976701509482,79.85,1
0.28104823638440685,0.5293860538031345,103.95,0
0.7170871916998881,0.8766964399661652,79.7,0
0.039197985239430765,0.03214326072607737,86.45,0
0.24969147768692923,0.4588514906880428,105.05,0
0.039668297788253655,0.04449148948750525,19.8,0
0.25432451326405064,0.5045497282410826,90.45,0
0.043953100925678695,0.04442061906181812,116.6,0
0.044504671751236013,0.06837838618898084,105.6,0
0.4907995073473507,0.6942877470448626,97.1,1
0.2808374282371369,0.48861284841307207,45.65,0
0.12272844092094776,0.30677370436735646,106.5,0
0.5740413567356831,0.7184674615997138,90.25,1
0.7733611454557892,0.941140331636158,90.55,1
0.059452864791962184,0.10776364375490448,116.2,1
0.03672395686765722,0.028080462593278507,19.6,0
0.7508485454276831,0.8977239897700277,93.85,1
0.6484510023222049,0.8344714615791325,70.1,1
0.6476407887629408,0.8352114619871268,69.7,1
0.27441925615516033,0.49828260109987693,89.85,0
0.5521767728921966,0.7781694493471444,88.05,0
0.10313640236382134,0.25511022605401157,20.2,0
0.37878393897428103,0.5771020000025232,49.2,1
0.7074816091106912,0.8830241250055527,74.75,1
0.034666397934839444,0.02758472569664476,19.15,0
0.35943662112964914,0.5945882943084109,51.1,0
0.5154685238026393,0.7074562072436301,76.45,1
0.04178513995367066,0.05213048751224058,24.15,0
0.525154052421776,0.7184023653175808,50.6,1
0.039983524567838484,0.037512890191809506,70.95,0
0.05517476816556793,0.11971374479918324,115.25,0
0.06544235387110464,0.16593097743136687,81.85,0
0.03711716689203313,0.03165963280101306,24.3,0
0.032487305521556965,0.010342416210606066,20.0,0
0.5234105092595774,0.7112343512926416,44.45,0
0.4715821466901157,0.6562347697417102,89.85,0
0.40616286668923823,0.6289939700606352,105.9,0
0.6767977034685311,0.8280667956845675,39.65,1
0.13734875370846034,0.29423659480661807,113.6,0
0.6653960753447175,0.851157460624485,105.0,1
0.5920422970318574,0.7080814139394018,75.9,1
0.3681661464748976,0.5585490269216585,46.35,1
0.3525936709505526,0.5826035758938264,99.55,1
0.06144633297713594,0.12537721934019275,20.75,0
0.04833323269859516,0.050693750808123106,55.5,0
0.03858182220287645,0.03944547720924038,46.35,0
0.054584418158907466,0.1089005906058499,81.25,0
0.6851760728190938,0.8330064570223061,70.4,0
0.5672749924922179,0.7283852502291602,102.95,1
0.042571615668680014,0.053978312878715094,19.85,0
0.03898181013886335,0.04304144136374079,20.15,1
0.4802799824847646,0.6486292901080165,49.05,0
0.06081530828857029,0.17072331994202905,78.35,0
0.4858023239595049,0.7019782494117034,104.95,0
0.03898990519368798,0.039403985631645655,76.1,0
0.037586016270855525,0.0437186270130314,42.1,0
0.04460569216453899,0.07257137370320985,84.8,0
0.5532801291070277,0.7095470716128086,85.6,1
0.18882560316736471,0.41710395672265504,105.25,1
0.22609709773042844,0.457593603239256,76.55,0
0.6814565583207498,0.8501325065662432,85.7,0
0.2313204553242302,0.4435168605179296,108.15,1
0.09136215918100805,0.16536068257864275,71.6,0
0.0811882479963872,0.18917637417426558,104.15,1
0.4966491536284196,0.6549836621708902,29.9,0
0.2233864221971593,0.46021344667827874,59.45,0
0.769609187985945,0.9245191574565538,85.65,1
0.607626043060669,0.783001022362749,25.1,0
0.6061372042092147,0.7684945627630357,84.3,0
0.03302899546119036,0.010675421138080671,26.0,0
0.04863043026496761,0.09226481005536243,66.05,0
0.04090130295520943,0.06401196373767147,64.45,0
0.033162746812517435,0.01897247823625806,20.6,0
0.3037272672376765,0.5479360005707139,55.7,0
0.03432747229168248,0.012090885521262631,19.35,1
0.04473220323619422,0.06026235720185124,43.95,0
0.04842248662533455,0.08990810337885558,69.35,0
0.12687605454152504,0.31928041593437617,50.75,0
0.36958148792689977,0.6154461701599121,19.3,0
0.08183984208468713,0.20688251427648532,50.25,0
0.3582239358575272,0.5463434631153429,75.3,0
0.3158921388687539,0.49866628298619875,43.9,0
0.4614551341545201,0.6627819243047153,96.6,0
0.055305722770078454,0.11005682161868277,62.55,0
0.47365225753132995,0.6755119495607684,39.5,1
0.140803829302382,0.3522069385726729,56.65,1
0.6274356257724725,0.7811415629489314,94.3,0
0.03308830123795891,0.008683969968768438,25.4,0
0.15217722206090425,0.3839844107221919,97.65,0
0.06926949808927993,0.16911646135542005,99.25,0
0.03673400356908785,0.032403582122932276,86.45,0
0.03750645780012165,0.031052936757759345,115.55,0
0.08990199880567241,0.2228011157354016,19.7,0
0.3379768450311353,0.5958458231179649,20.75,0
0.03492643825395461,0.028209103258498174,19.8,0
0.11777476771659452,0.2876528556551255,20.45,0
0.32001570860870865,0.4888057126342172,91.7,0
0.3727800301150568,0.6183191352458657,89.25,0
0.7639443163826233,0.9208209670412174,100.5,1
0.03275071495314321,0.01563089083633687,19.75,1
0.1928401438340712,0.3927523125653815,29.2,1
0.03749871358341993,0.016454702584461064,20.05,0
0.058167215796923855,0.10529197091915539,114.6,0
0.15313953735677613,0.32523896765979304,20.7,0
0.0408104305421517,0.05726735875590334,85.1,0
0.23680136728914425,0.42904828800648764,117.45,1
0.10023309452017709,0.2760398024229849,83.0,1
0.04900998465364054,0.0676700476326723,24.3,0
0.7291623492856488,0.8808159845324377,86.5,1
0.1628304261765016,0.35603303329356184,102.35,1
0.7469637909448386,0.8933029353463282,88.55,1
0.6003777863646111,0.7582869073844576,90.05,0
0.16294799544458308,0.37040548370816245,39.2,0
0.03530358458437235,0.013983994426692507,19.65,0
0.48044588732614607,0.6749856168507408,81.1,0
0.5252924243750208,0.7114774843850546,104.3,1
0.04218140819858631,0.04560262561844571,60.0,0
0.09839249024279828,0.2139603865385626,54.75,0
0.4887355908611015,0.6722464272041937,44.8,0
0.03377401706193877,0.01168081358969845,19.85,0
0.7404143852986582,0.8982041276719079,70.8,1
0.4842219702491272,0.6783649199466862,84.3,0
0.6446221860380265,0.8121118576578538,25.15,0
0.1863071159598361,0.3852835213427047,58.85,0
0.03436066796000343,0.024527232355134484,20.95,0
0.7286842474963242,0.8688720230484381,85.35,1
0.20425431960104865,0.3688116517662581,51.6,0
0.1573838706323544,0.36712277302825,90.15,0
0.4323546295186876,0.6662986110695295,25.2,1
0.035567145963604156,0.02080190586272812,19.85,0
0.0379646582879318,0.031264782474707424,19.75,0
0.07259681169196337,0.1790000041148313,36.1,0
0.08557361919473096,0.22287669531177692,20.95,0
0.41593893209233085,0.6385298503306797,89.65,0
0.44732016987880163,0.6292358201516098,103.85,1
0.7541884530635699,0.9047696633141512,74.35,1
0.06546829339335443,0.17727229110603823,59.3,1
0.03802536232149948,0.0325365276284579,74.05,0
0.10307277388196505,0.2502281272481317,54.65,0
0.06477655226344721,0.18139214551693184,59.55,0
0.08255067932010113,0.23315208087439443,80.05,0
0.7504538946613476,0.9158373950118592,101.55,1
0.6967555340715478,0.8638112979090996,84.05,1
0.653640479141336,0.8222414426203786,95.8,0
0.5031857417308695,0.6946823131714435,90.7,0
0.363448219710774,0.6338422004738089,53.55,0
0.6365575211387366,0.7940004898988808,101.05,1
0.4033192977041416,0.6456194160078873,85.9,0
0.08119056097084854,0.20180481752102572,80.0,0
0.7475345454426244,0.9095025735168141,81.3,1
0.30602422886814024,0.49440893380645434,49.1,1
0.05824014767651899,0.12089419391220396,49.75,1
0.0697503748497962,0.19419844785783097,106.7,0
0.7566815973712805,0.9302538260243468,69.2,1
0.4245771313726723,0.6732956533195246,20.5,1
0.2131383865043687,0.4177520865389841,56.75,0
0.04077728530042952,0.04349576683106487,19.75,0
0.03700126223308927,0.0266432882367237,76.95,0
0.5289955201155435,0.6972574540506411,85.1,1
0.6694871201602246,0.841717808300236,74.05,0
0.6801566856516832,0.8428925104646755,80.05,1
0.08315447466069907,0.2070662176717488,97.0,0
0.6998978263790544,0.8467732046240777,101.35,1
0.04142985278569058,0.03746468122194009,85.3,0
0.14988755469792495,0.28179389339576333,69.45,0
0.6811456143045729,0.8497632948995268,71.65,0
0.5619794086895554,0.7018487532050594,95.6,0
0.09474383246025216,0.23617432917695458,43.75,1
0.03998000548756944,0.03793406075861787,110.65,0
0.28893142653029597,0.4812951619647947,64.2,0
0.5212710653626923,0.6976126075519814,83.95,1
0.5944889015494851,0.7616546625983734,90.75,0
0.28938129112925526,0.518957478406818,19.45,1
0.1044534769890334,0.24214995082743992,59.45,0
0.7801811564085179,0.9340923265415954,94.0,1
0.03507819487833598,0.016860830528664456,21.0,0
0.6443149005957775,0.7867782982872831,94.65,0
0.03842483052865211,0.03837780544881245,19.65,0
0.554766673466753,0.7334172124084374,81.45,1
0.0360082564447251,0.02891193900494206,20.05,0
0.3471161881694019,0.5719104716102305,19.55,0
0.038117883660203765,0.03824670127772645,20.5,0
0.03342209096074472,0.008321181763936748,25.95,0
0.03638220915667429,0.022254225967475404,19.4,0
0.41152370174642944,0.6174360644728338,85.2,1
0.07818678079967023,0.17388551349420175,90.4,0
0.4038816844398374,0.5705941490617324,75.0,1
0.033713458631065785,0.01008109139480086,19.8,0
0.5768853925379479,0.7401917838848103,88.35,1
0.6958085819505101,0.8544951063641449,74.65,0
0.41246359473356353,0.6180188944853601,20.0,0
0.03876717444597556,0.03028231515099033,65.2,0
0.2391734429625426,0.4653120477521597,55.0,1
0.7548787605661286,0.9238881785397866,69.35,1
0.10561957881899432,0.2544906283380133,89.55,0
0.06518309366681097,0.1285784114858838,99.65,0
0.6153141357095017,0.7770293187810857,45.25,0
0.30837841219900747,0.5101377390401975,45.55,1
0.10051599978014263,0.29245002182594504,93.15,0
0.7510559985425088,0.8979511705223173,69.95,1
0.0354082967135605,0.03096455988351218,90.6,0
0.10138013990377322,0.2187249322397078,108.5,0
0.2233812392120421,0.4467178583331871,19.3,0
0.3290585770516031,0.5312527851094149,54.1,0
0.3520883895872183,0.5789269408089603,81.95,0
0.03951607278185525,0.0355073676308021,65.15,0
0.038845636735582605,0.02913778476964181,88.85,0
0.16138265915863104,0.3530076920978871,59.55,0
0.040487325617442144,0.046817179021071825,24.55,0
0.03476309863478363,0.028213761344121034,90.55,0
0.040401324042518914,0.033166940312751865,115.75,0
0.45549715573255845,0.6675778915716285,106.65,0
0.03463127239923955,0.011444447191938496,25.2,0
0.03907849167143673,0.04247162145062725,20.2,0
0.277953093591909,0.52153248766139,103.1,0
0.03900516499905981,0.03497592517348393,21.45,0
0.695006497374557,0.8212143804963965,94.05,0
0.18303473696025732,0.4019248556742663,108.0,0
0.037137941704306725,0.03241702835378729,89.75,0
0.06081858179269207,0.14748198287704117,85.45,0
0.04055644786654696,0.05386837404223616,74.45,0
0.03729030075724912,0.03515636170534058,18.95,0
0.4923748385481339,0.6976209931310889,87.3,0
0.038682398457444055,0.024150197946383668,92.4,0
0.5104514212399011,0.6783336753781573,89.85,1
0.2803633150075838,0.5065029512531338,41.35,0
0.35704882112962505,0.5657793183359481,20.3,0
0.21769352758516636,0.40418232444059754,45.2,0
0.03973202913345761,0.046295643767010966,24.7,0
0.2222923935479971,0.42208823693414876,20.0,0
0.035973496271992395,0.03120982358413931,65.55,0
0.39938936652027923,0.5948571133533862,95.75,1
0.052083000882807005,0.11228668835944122,78.5,0
0.7149565237744211,0.8635389871276193,75.65,0
0.7428439418777405,0.8920637711135027,74.45,1
0.7013191372964149,0.8456214991769128,89.5,1
0.610600136969654,0.7602349878574208,101.1,1
0.4835829016105934,0.6836968936512018,48.55,1
0.6627968030250376,0.8327115962463593,73.25,1
0.4124805019869222,0.6544128488356585,20.85,1
0.5162738951194359,0.7249172683006309,74.95,0
0.062106402880104626,0.12452482525332324,88.95,0
0.24322396916935154,0.4818469680864421,99.5,0
0.6468358566830561,0.8200141560751798,89.15,0
0.6471190049190914,0.7969660122350277,78.95,1
0.6386959295626204,0.7865282973595124,80.45,1
0.03914829492991335,0.040920711715156995,20.55,0
0.5401227680175646,0.7381078225269956,88.25,1
0.0687315532133393,0.1507168640282528,103.4,1
0.5954904598637213,0.7757095997326847,25.05,1
0.21906685266447481,0.4325529897237822,102.5,0
0.47432765272690847,0.6719946758271407,80.55,0
0.3412279338667796,0.5585027511609765,74.3,0
0.035467791963826,0.024038894434855327,87.95,0
0.29414506938287904,0.5434508644763598,21.1,0
0.03462394971757595,0.009107270226641652,19.7,0
0.21110911315925138,0.42650880998376933,75.7,0
0.03660845950718374,0.016566155989069895,115.75,0
0.2385674459543553,0.48464867518704247,40.35,0
0.46540747877668,0.6443886054203869,90.55,1
0.10244808579375031,0.23162595628548743,55.0,1
0.03704180138984605,0.03855885265403916,34.6,0
0.18654583742654737,0.37075899624668174,64.75,0
0.17519049635823458,0.4022322912956394,95.5,0
0.03438874202570082,0.02028803504745491,20.5,0
0.03819601507599299,0.03864605644059766,19.5,0
0.08540296613948462,0.25665555526104505,54.4,0
0.21431237092879332,0.43397934671699356,48.85,0
0.4417838586937977,0.6842507539861394,84.05,1
0.03912167242967895,0.04010770458980935,19.45,0
0.6036603201100571,0.7908824895568355,50.15,0
0.1226529238008824,0.27013637516745814,55.55,0
0.6479890738325119,0.8324897165634513,94.2,0
0.7309067934349591,0.8765807638522186,78.75,1
0.035461233422712395,0.026942652847940184,20.1,0
0.11126575726279898,0.22416787709321834,71.7,0
0.4216083198156408,0.5636309565430208,106.4,0
0.18678141912888932,0.3631386434691071,19.9,0
0.258693837745601,0.5026213160247134,70.25,1
0.10480212617220397,0.24099859277646965,24.3,0
0.5505238087231871,0.7391469562280588,80.25,1
0.45927181103657083,0.6567199195391504,20.2,1
0.6861403649099947,0.8376363961260492,79.0,1
0.4128818772539929,0.6278692541481131,93.4,0
0.10072764176568405,0.2784677415150486,100.0,1
0.03729293487300988,0.034580380850319475,20.45,0
0.6081568760524255,0.7868611870045255,45.3,1
0.08737635085358364,0.2049173866393176,38.8,0
0.7830754670620479,0.9392824560617441,88.8,1
0.22790322268164012,0.4732900919785566,109.4,0
0.7419587359379046,0.8920678301715778,74.35,1
0.43614584972024284,0.6538720286345506,44.55,0
0.35771102925974074,0.5521996909943852,77.95,1
0.05074548387519572,0.09940771796851028,66.15,0
0.04003215552630087,0.04266336478156376,116.05,0
0.5291167457438156,0.7652017311027814,94.7,1
0.1078783660597047,0.28820655807452816,19.5,0
0.3373956638420321,0.5411594147891559,100.55,1
0.03635801045153395,0.025202601005015587,19.6,0
0.6949013894662336,0.8465439353112538,86.25,1
0.22089099231828105,0.4168470439722391,96.95,0
0.5596495274907469,0.7482301742909387,105.8,0
0.03367684141848718,0.02103050503388371,20.35,0
0.03445193482351061,0.011998464436658857,65.1,0
0.03624343184615403,0.022051158876310963,20.7,0
0.04561409390007942,0.06755277033192458,20.15,0
0.04705953340315855,0.0888082562096965,74.0,0
0.3826201345961677,0.5895980594898299,48.8,0
0.03681127049109237,0.05414897972901136,25.75,0
0.05921499074039241,0.1259264893554905,56.25,0
0.6578188307523551,0.816641226369189,74.1,1
0.033135775175691794,0.010926543455038374,20.55,0
0.11039916354028145,0.29663721696535755,51.0,0
0.28677961364142895,0.5160547376122253,79.3,0
0.4807493707743029,0.6959715398827359,105.35,0
0.5384116133300442,0.7215479949307031,50.15,1
0.5799526447408513,0.735862284358229,79.85,0
0.03389354607109263,0.03206359301318568,65.7,0
0.6026488264806272,0.7901223317566716,45.25,0
0.04041866001186911,0.044731549872522244,79.3,0
0.4385587056268317,0.6993523987663486,20.15,0
0.7309377461177524,0.8892698609396397,89.5,1
0.12177013317176143,0.27775716229590325,20.0,0
0.07031320132892552,0.17363807299240278,90.15,0
0.03570191055648994,0.02501167244131429,85.3,0
0.44240292466058967,0.6455245568441349,77.4,0
0.5059906032013165,0.7097820181548485,71.1,0
0.04141742453760321,0.06664173638810121,60.05,0
0.043461341155284626,0.06580177530264338,25.7,0
0.6337507284349782,0.8234164183994251,69.2,0
0.2508034453052403,0.5225318139518982,104.45,0
0.44609935416798957,0.646662106597583,69.95,0
0.23995096846384442,0.43082482196740823,54.75,0
0.18383363850564852,0.40383483559335714,64.3,0
0.03455199422595489,0.011943425870568965,19.8,0
0.2862616976612504,0.5209927912979236,29.8,0
0.03582249606844465,0.02691204728142677,20.35,0
0.1818203191264464,0.37908103678091026,73.0,0
0.21770540193772145,0.4408489186483646,49.75,0
0.7479395514393558,0.899724000201818,100.6,1
0.6976084176850706,0.8556119221592684,69.8,0
0.08593756230153105,0.22025389482792226,30.25,0
0.5458049149078029,0.7112469628532698,29.6,1
0.0421070223497139,0.06277622398694066,70.65,0
0.17021281808370844,0.39166578766182636,111.25,1
0.03805363337663758,0.03930282857727755,19.2,0
0.10305142457646617,0.3273828031321587,78.85,0
0.3650714359551288,0.645929809018838,100.3,0
0.04088349095861941,0.06752607283043814,19.8,0
0.18849571727451345,0.4579565895874843,80.65,0
0.039439076059987,0.03859156634274196,20.05,0
0.03392216485896188,0.009065721977533274,19.95,0
0.592953819421611,0.7597642666865094,46.3,1
0.08315521349753686,0.20692848427979074,56.25,0
0.04958550893630675,0.07219578923697047,109.7,0
0.19687356429849737,0.4063606329396333,34.3,0
0.04004204534484924,0.03767604724801882,26.1,0
0.7062889761226753,0.8327570950355131,91.0,1
0.10402321052585901,0.23230678757907722,97.95,0
0.0376959390271368,0.037550953583902064,20.05,0
0.1747348458677703,0.4229914484069285,104.6,0
0.4319708084475511,0.6463042481213005,33.6,0
0.2311215601721036,0.5111917988771686,105.95,1
0.06276406772269312,0.12508851036963306,96.6,0
0.04436945868181227,0.05111100201837992,115.15,0
0.07257813213972349,0.16874501028650782,19.15,0
0.04832156779401433,0.099375526606323,19.45,0
0.2102358287748353,0.404729385157223,55.5,0
0.18887651477542255,0.4341407724834349,35.75,0
0.5973105726639565,0.767330885955204,75.25,0
0.03795401106730601,0.031608723631436346,59.55,0
0.03744151663071677,0.026249975420116936,90.5,0
0.24200788487332234,0.4416910496021048,19.1,1
0.33714637533358505,0.545765756280014,51.55,1
0.2035005853674374,0.43577374244489003,108.45,0
0.03442543282616079,0.018134057428101542,25.1,0
0.36820969505166845,0.5965828010302956,95.95,0
0.6389815736768983,0.7729773464098847,104.15,0
0.6568539965184601,0.8085219197003697,73.85,0
0.06603778561325306,0.1860783117126849,115.1,0
0.03858194068519739,0.04553497539538315,25.6,0
0.041902060536963714,0.04268681077755473,70.9,0
0.4379208861890864,0.6284133506021415,74.55,0
0.40497273144821994,0.6033430074860846,80.3,1
0.1474820654940804,0.3467567224828002,38.85,0
0.09558880310081937,0.25361452553231456,19.2,0
0.03918758224240623,0.036363507197662945,20.25,0
0.5055443711977381,0.6655200742126964,100.3,1
0.048786647143244787,0.10510982320415536,68.1,0
0.03504445999031492,0.03234578491204834,20.45,0
0.0349651045327268,0.018549005817975323,56.4,0
0.5943425770709098,0.7629286246528221,84.8,1
0.1788431763272261,0.3234978501213085,75.4,0
0.1361530078241888,0.311348552863859,104.1,1
0.38172169643174986,0.615808214675276,28.45,1
0.06457255975717767,0.16805062604754967,71.1,0
0.5975656873162309,0.8128650367549051,70.7,0
0.24233279396966692,0.4666479652932625,44.85,0
0.03496138006615427,0.02670311328854576,45.05,0
0.6507730011535163,0.7998903965060423,94.95,0
0.2343452726571422,0.45318855633195376,79.15,0
0.03893021226682588,0.04706070014697569,35.7,0
0.2699789087394445,0.5027881850002565,80.6,0
0.3918093423069207,0.6082189662721597,19.75,0
0.07364617244713363,0.18661577610086352,19.7,1
0.14271592423425877,0.37352576382003816,54.75,0
0.14382972272915942,0.30785650487448635,75.95,0
0.09498837852114046,0.2076486550517872,25.4,0
0.5771982447892994,0.7245128677395448,94.5,1
0.19073734120779406,0.36653746526879516,84.45,0
0.03253900184112347,0.007450209013200739,20.0,0
0.33209613028389257,0.6026178848412632,20.05,0
0.2476677867938297,0.49466663298204006,104.75,1
0.11822294965857094,0.31149331827455334,96.75,0
0.46456196055763593,0.7228173844047547,105.1,1
0.038306368875950306,0.031023447098528206,54.85,0
0.03482665999490395,0.03474865452459101,19.7,0
0.6653949005972456,0.8184722781452197,96.5,0
0.2793803359004966,0.5111600989631051,80.45,0
0.5919809040879538,0.772008701624918,56.25,1
0.033551519833162284,0.01710098344307544,19.6,0
0.05807356062855248,0.09451763330984171,109.55,0
0.40527917827043164,0.6013479247901294,100.1,1
0.12302109122936676,0.2844495016149511,54.45,0
0.6721444555517619,0.8371930506167963,75.6,0
0.2266606895299229,0.43411387140316304,109.4,0
0.033761042074639404,0.011767584835499719,24.75,1
0.03572003763209635,0.03308739221331119,20.0,0
0.05404912440143137,0.11630585695745502,80.7,0
0.08322123134385043,0.196087391461154,78.4,0
0.11752410311770763,0.2886643830772381,90.35,0
0.10937162366399565,0.2554223086669955,90.7,0
0.313130672758698,0.5095104279096337,80.35,1
0.04564038633148936,0.05545982962723632,19.35,0
0.6203517101220438,0.8118558335086256,24.7,0
0.22125557384128888,0.4327233989879945,108.45,1
0.23134698727399283,0.4209233689702427,105.1,0
0.09888260494015821,0.21835486150512126,60.05,1
0.5439514309715736,0.7437653760639759,70.15,0
0.06690411087003882,0.15366694672201234,68.4,0
0.0408222849491369,0.06512880101750143,20.05,0
0.1517776251240127,0.34636216293364297,94.0,0
0.03298469987636505,0.012268286356478485,19.85,0
0.05831991322061502,0.10537011704743224,55.8,0
0.6743791161560934,0.8287538125069737,80.6,1
0.6091313977368011,0.7583530922125564,100.45,0
0.18515863648068376,0.384719755906034,75.3,1
0.3759888351951088,0.6387430582354621,95.9,0
0.03754071258630806,0.04054983064453524,39.1,0
0.03583111918583043,0.032640110303678506,20.25,0
0.05161192770450659,0.12038754437829523,20.5,0
0.04957168039462028,0.10042536827628806,62.1,0
0.646534503687129,0.8037265090283352,86.1,1
0.03846655720115137,0.02482349383432302,68.95,0
0.4549557860322708,0.6261156875600103,106.15,1
0.12920520080605663,0.2961021375648905,80.2,0
0.5103422272643225,0.7233787457686223,75.0,0
0.1049782254321039,0.3006364105198144,109.2,0
0.05111097814301265,0.09086325892996941,57.95,0
0.04700895345685866,0.07115708769164145,77.8,0
0.6541897987023774,0.8129380958458148,70.2,0
0.2715843099762751,0.488654239376642,49.65,1
0.7856067413994866,0.9432788748510509,74.7,1
0.29289734517069127,0.5243699219878044,29.45,0
0.7604835219768468,0.9245256158339682,70.1,0
0.4044657686088137,0.6539249135194678,19.4,0
0.252060337816506,0.4206456475529189,76.2,0
0.6199016234770381,0.7859995807455267,79.25,1
0.041798332955550514,0.05529926636376653,24.1,0
0.033207393474938514,0.011268051487078977,26.1,0
0.07467381999102618,0.20291876947701443,76.75,0
0.033680245525314574,0.02413820180248644,85.45,0
0.21759017401715988,0.47127296214471176,108.95,0
0.542574845161986,0.7568035757175943,85.15,1
0.08282694974442802,0.21504485727921893,80.05,0
0.5784871188786818,0.7502769175306809,84.9,0
0.033644096328714394,0.017633107755781335,24.75,0
0.5559714210135234,0.735024887480585,96.0,1
0.4047714729771046,0.615076785791264,86.55,0
0.4486991250515775,0.6377111209677186,44.05,0
0.08689960039701276,0.20885063011569563,97.45,0
0.17936909405133328,0.4225249752807569,96.5,0
0.049892953496312786,0.09163553935035758,18.7,0
0.6250862919975108,0.7870496046291463,25.8,1
0.10296352307708807,0.23866222550015104,85.2,0
0.03354306914353158,0.01289434408708458,20.15,0
0.08299127173645511,0.2322969466853535,71.75,0
0.5093381690604638,0.7028535284338232,95.5,0
0.24239329499854675,0.4575123377220953,99.45,0
0.16200525912054417,0.3203521687818452,20.2,0
0.14896910479476988,0.31491736084143973,19.75,0
0.09841181886314947,0.1878808851323855,51.05,0
0.07609987748883251,0.20223883962142902,20.15,0
0.04425610446593458,0.11236748038024064,83.2,0
0.22112879136157884,0.4617915804624956,99.4,0
0.061766160936797855,0.15853231253195288,75.1,0
0.058417028945372984,0.18935525210473686,82.45,1
0.04169862085334442,0.05315533230594529,113.65,0
0.7865244604510538,0.945478132663606,79.15,1
0.0358839134608309,0.01547598915319969,86.65,0
0.5613528567115598,0.7194473927780379,90.05,0
0.1496984289396767,0.3151621375187216,49.9,0
0.36344421067822474,0.590555068517194,87.35,0
0.5614273235997452,0.7404208614266949,84.75,0
0.1295603302172125,0.3230675191362167,105.25,0
0.0657669430810451,0.17352574234394352,60.4,0
0.7414556430777877,0.8987338757007315,70.15,1
0.04266220602042726,0.06516264278443024,99.4,0
0.09063083129900373,0.2239735192543993,79.85,0
0.5519756872322391,0.7591358801466772,73.15,0
0.037258450283498744,0.03221331697250218,25.3,0
0.7679035411644827,0.9384653217008835,78.05,1
0.5673675379505615,0.743926276514029,99.5,1
0.2345451330287647,0.45249307934064803,56.25,1
0.3377180075211432,0.5619225038191004,20.55,1
0.3784270649574631,0.5688325765820103,95.0,0
0.15414421451817403,0.3451916678568967,94.65,0
0.10176208016916984,0.22982254119707649,111.6,1
0.03678775694718462,0.025588964508775954,19.15,0
0.4048835739930583,0.6251411592858013,78.95,1
0.18984033661502142,0.39922753291692054,35.15,0
0.0405446441365275,0.04509923902344854,19.7,0
0.054264111216557775,0.10136689536578279,101.1,0
0.09572420494241152,0.1835862626479536,50.4,1
0.05236606960969286,0.09468207452528092,79.2,0
0.3916559525709633,0.5979299070572663,20.4,0
0.3148577322737645,0.5323441358654502,109.9,0
0.3232598620050469,0.5097197495288323,106.35,0
0.5787090162839164,0.7899686928105322,98.15,1
0.03456140275208693,0.010300774999830042,25.2,0
0.11144318737123733,0.2835373104776236,18.85,0
0.22003929313165083,0.4063254411369618,107.75,0
0.3513114908862948,0.5932458690687799,20.6,1
0.6445293330657615,0.8412713855820538,100.85,1
0.11106609297158325,0.2505543660684604,19.75,0
0.047355792444411106,0.08070922597625821,110.8,0
0.0399503333192096,0.03800101957409933,52.5,0
0.5270274649744525,0.6978857057650404,69.0,1
0.45676361835665297,0.6788190301996354,75.3,0
0.7408754698584447,0.9116629309620867,75.45,1
0.47302064360842494,0.6583213132583384,92.7,0
0.06323823933898821,0.15775954903542744,69.1,0
0.03408601818623924,0.019031550302286714,113.65,0
0.0755142880360246,0.20756955099367877,96.55,1
0.036019440495581555,0.02833965118278083,19.9,0
0.043465104970227576,0.06864710584633288,58.75,0
0.040680316452116845,0.05266966380242964,19.5,0
0.2326420830178174,0.5101945482914295,108.45,0
0.14455569858644934,0.3549686891815741,83.85,0
0.08536256644885344,0.23466202950900975,105.1,0
0.03768422653612846,0.02851103354535314,75.35,0
0.03474858237834385,0.013026016175968163,25.6,0
0.032781397535732205,0.018868484164773637,25.3,0
0.05395441135317242,0.1088856390993144,84.8,0
0.10384358744582962,0.2655472866591714,60.35,0
0.03953847358166146,0.03751025896916175,59.8,0
0.1973135706275609,0.44978311013817784,95.1,0
0.18552926735253705,0.37271954037747923,49.05,0
0.5887937502382994,0.7725282026197395,45.7,1
0.4111598072896805,0.6350866670466716,86.15,1
0.50953756609588,0.638439392494658,95.6,1
0.5617198291750526,0.7190190883386527,84.85,0
0.10091601585914867,0.2543459362983548,72.75,0
0.5339686865442946,0.7096508422609209,89.9,1
0.7280018782411064,0.8790988017251903,91.05,1
0.08666111284859879,0.20347859207235972,84.35,1
0.6306456408014478,0.8041787690293002,44.7,1
0.7125538819028745,0.8762555320462901,94.0,1
0.4013130572870413,0.6210564974976938,89.8,1
0.2452408382296779,0.5189197785008512,19.55,1
0.03392806371269033,0.009620137046120147,58.65,0
0.07197966981074021,0.19476428514087618,60.0,0
0.06941005813730665,0.18492107127360458,75.1,0
0.10325150850240301,0.23535948652900213,54.4,0
0.11422641447420134,0.3384101703791786,96.1,0
0.47230710291719546,0.6601447543130409,96.6,0
0.11329029321835167,0.25011240036614707,20.25,0
0.03609124861732347,0.023170429025600514,44.6,0
0.07766564408010794,0.19457686464382096,60.8,0
0.7521668958866091,0.9069804600485789,90.6,1
0.10316999681772472,0.22392979065756408,78.55,0
0.039173271826441286,0.035586314666086666,86.65,0
0.28779336431512736,0.5468226114802787,69.75,0
0.42159627760597784,0.612874785397136,90.4,0
0.033032079127044256,0.0077562011663289115,20.05,0
0.32792069841586496,0.5344250708954961,29.25,0
0.08954382714191432,0.24541210396791077,35.55,0
0.15179404151986856,0.33091497242474344,50.0,0
0.4136840216946,0.6380154712667198,93.95,0
0.13713730200215174,0.31805952738391907,98.65,0
0.666606348007364,0.7888444596094647,70.7,1
0.035451696052092294,0.016866624045044305,19.7,0
0.06091729456093061,0.17129480314466342,60.0,0
0.3633013183855291,0.5845484389349174,85.9,0
0.04582158664957547,0.0734084396058284,25.15,0
0.06584901964043134,0.15103459224271495,59.0,0
0.10732245252483862,0.26105868199982324,20.25,0
0.08637203957017271,0.2058770622326479,19.4,1
0.03578343637601579,0.0348401981594392,20.5,0
0.09168579874355416,0.21337251144473304,60.9,0
0.18275754307558442,0.3835601481571123,60.9,0
0.09445112806881506,0.25656434629695424,110.2,0
0.056525971146875936,0.10809219202362108,74.4,0
0.37541488830034747,0.6149587673361686,61.15,0
0.033581064788832014,0.01794548742194275,25.6,0
0.14666500890995196,0.33844911423487456,89.7,0
0.0490730659688966,0.052889543324819425,75.15,0
0.10536005340363215,0.24397416409460987,19.7,0
0.2936756993271222,0.5146591887240647,61.3,0
0.03825146842928642,0.03873589827918194,20.1,0
0.09222284597976575,0.248239990895672,19.55,0
0.7503314238600661,0.8947817321331445,94.3,1
0.03825272972434692,0.055079415364911115,20.35,0
0.09972510743099894,0.26757358488407956,88.8,0
0.09991000507702856,0.2316870057491263,98.15,0
0.09731092336629611,0.2077642664010702,20.95,0
0.20524175079153695,0.4220144244037975,93.35,0
0.04807782657154747,0.08250421115813794,39.7,0
0.6623848172732701,0.8357725199362162,84.8,1
0.08842293614649471,0.23542259823642914,43.8,0
0.07769010411470434,0.22897329577605116,24.7,0
0.50935623104425,0.6773435990296203,106.3,1
0.33569182540404796,0.5233372610069175,105.35,0
0.38413394714746185,0.6247931926544291,98.8,0
0.10708572829915376,0.2392543630154317,65.1,0
0.7457692240939972,0.9083608621683184,69.95,1
0.5548628408928512,0.724906867609085,98.35,0
0.11891264404127451,0.2696999093145463,59.6,0
0.2518262806994007,0.45686574701381166,54.75,0
0.23368893429987878,0.4214857030765653,68.35,0
0.13281141889763073,0.32791876422520344,105.05,0
0.4704483109068782,0.63452975898003,85.95,1
0.1351347210453846,0.3271900434924762,49.7,0
0.702002909509749,0.8339328462469148,78.5,1
0.0903583816005346,0.24121213343786607,78.95,0
0.1486681855881253,0.35895759589067977,96.4,0
0.3270422865879705,0.5650872419886839,56.15,0
0.182208521573205,0.35864953627599977,96.0,0
0.7478444185921128,0.9237537232941881,71.65,1
0.35621657053113176,0.5739202264957955,38.55,0
0.046398094128819976,0.06929403068675583,60.15,0
0.04957982743048298,0.07576479958735396,100.5,0
0.6052472060004023,0.784045835267803,45.7,1
0.07072929410532598,0.20052616593358738,90.1,0
0.5163516577968382,0.6789090418540804,94.5,0
0.1867811578985362,0.4321130884765958,64.95,0
0.2444962050768518,0.4371120307212988,59.4,1
0.26361678354535867,0.5373063558073781,20.4,0
0.36713006897151423,0.5801830968668917,94.1,1
0.037163746962126265,0.03036892599705115,19.0,0
0.10523161718092615,0.20491633167830572,69.5,0
0.7619537205632022,0.9212769870681434,74.9,1
0.12972888607579072,0.31747091862915655,49.55,0
0.03602548218263258,0.031561850455045164,24.95,0
0.207682186686839,0.3637702263827313,94.1,0
0.39766559313356664,0.6209349947569713,20.3,1
0.32587948392010335,0.5225299420943841,62.05,1
0.5007202278837833,0.688029232990784,74.9,1
0.09211784907404712,0.2176582740834958,20.05,0
0.13524900793301073,0.3401676736458208,96.55,0
0.18285882928370667,0.35915931085124364,111.95,1
0.2803728115251615,0.48383656465347874,39.3,1
0.03883541151224363,0.04713196248935189,25.05,0
0.11439635525449848,0.2453436702231852,111.6,0
0.049561561458864145,0.09736668732849849,60.65,0
0.0673264762256695,0.16808660078137785,49.35,1
0.200919422565585,0.425274647681206,103.8,0
0.5264978977251369,0.6954923786862858,90.6,1
0.411836044107027,0.637073652851991,20.2,0
0.6510163009224522,0.804518467778427,102.55,0
0.17955056397281477,0.39343588916243355,104.1,0
0.07864041120980265,0.20276387222582648,62.05,0
0.0841762046327529,0.21870155836114966,115.05,0
0.5607713961224582,0.7487207633385927,75.0,1
0.03968482319348281,0.051328328071955,25.45,0
0.5348358293953971,0.7320499927760308,46.2,1
0.6172365917462407,0.7778798162275097,45.4,0
0.1362599891418251,0.3085709875789318,24.85,0
0.6548623217403571,0.8082381078759971,100.25,1
0.2667299709270505,0.4870917932725369,41.9,1
0.4131372104176263,0.5999611146184302,83.45,0
0.04623505805805452,0.09355430175701121,19.0,0
0.2383310767015563,0.46182161320933746,104.15,1
0.0885143484721546,0.20874525401501773,99.5,0
0.03636950385642304,0.034487921990808655,19.45,0
0.044457072120036745,0.06616436885702402,19.6,0
0.5033980442571202,0.6811022811498078,81.0,1
0.4269396212786057,0.6311493352675791,20.25,0
0.10244545184747879,0.2332923843548718,98.05,0
0.054881202115254796,0.13538723328937255,72.6,0
0.03847010598524535,0.03269968684293681,80.7,0
0.04535054960236365,0.0676460513642969,79.2,0
0.5834005548158002,0.7251245928913406,74.4,1
0.169996195444048,0.33875565539569713,19.85,0
0.03400151335986312,0.009979183313345992,23.85,0
0.03230789396466959,0.012606617341427822,19.6,0
0.10395815930473555,0.24367394388897215,20.15,1
0.3804397468221255,0.5927148420985743,45.05,0
0.7715418708113498,0.9182386298681594,94.85,0
0.6370893210281638,0.8038920429641816,95.45,1
0.0707326416267059,0.15637566552885346,108.2,0
0.03717911023790731,0.023806884519664853,94.8,0
0.04190139411442282,0.06070099128001342,74.45,0
0.12296118399765084,0.232861397423784,58.55,0
0.03528319259205436,0.016744653206476768,20.55,0
0.12963563317750024,0.30299293479633965,41.1,0
0.10814767028210114,0.2635639027564877,20.45,0
0.05517598344700691,0.09275145447446115,95.65,0
0.09722906344471792,0.26888432651997585,87.55,0
0.12661640198402782,0.3040809905938636,100.3,0
0.09833864679862199,0.288151050985544,95.25,1
0.4763137309636642,0.6801494667041803,94.65,1
0.40995723333198536,0.5977970005022387,34.55,0
0.03819781413230213,0.02310094117746771,114.65,0
0.46911567922423775,0.6684161608958313,78.7,0
0.7208003809867097,0.8783705068501596,83.9,1
0.04070637061038618,0.05248978032795702,82.45,0
0.03610770978217765,0.05840484467335101,20.1,0
0.30167368837414527,0.5350571146320459,43.65,1
0.12001338085202518,0.30372608891356556,21.05,0
0.44421110915504514,0.6347138450670025,90.0,0
0.4242655897231908,0.6557849081916995,74.35,0
0.518653265543196,0.7145217003533895,69.25,1
0.0398190189738311,0.04677236090498879,18.85,0
0.035329276302360206,0.02318778579080743,80.85,0
0.4433971118973779,0.6642713848785652,20.35,0
0.03267533135564133,0.0072851354520471956,23.85,0
0.3642590470478531,0.582613181900763,94.65,0
0.07270242336519049,0.1859925934692834,75.5,0
0.04461409091155921,0.0671008447096274,51.25,0
0.6435701200140057,0.7958392657295051,45.65,1
0.3048292442151504,0.5212081333862467,104.35,0
0.6290389142218501,0.7981019881510043,79.85,1
0.7474393146013149,0.904385053496546,75.55,0
0.037123005703125767,0.035824733168783374,78.85,0
0.4127829807175663,0.5823715558553049,89.6,0
0.04211549199658942,0.05725386370616256,89.65,0
0.07472654109022488,0.22267020282861064,110.3,0
0.03821962449933118,0.03125687876345944,19.55,0
0.6116380874047539,0.7725482068943748,80.5,0
0.04031474394059023,0.047895982195227296,20.95,0
0.04146840833072428,0.039331846221321264,54.35,1
0.5389485578355341,0.7253418665404593,45.9,0
0.0351681080894661,0.02377357971484689,20.45,0
0.033620979297066124,0.01986769044869177,69.7,0
0.2067319398012565,0.39544904403539577,70.05,0
0.12808856670234256,0.25609600227390494,108.15,0
0.06526246990023434,0.1348764325298791,90.1,0
0.6290345990697066,0.7838694052345611,73.8,0
0.03312614529197285,0.015542157291374826,19.8,0
0.17046846145861072,0.3665137994276134,118.35,1
0.3395380594286828,0.5859680930111784,19.65,0
0.06008069249684555,0.1319234662793314,74.25,0
0.03368261103922245,0.010641119497072625,20.3,0
0.039407543119128495,0.02252823999542295,52.55,0
0.5978235682792311,0.7687302034793133,69.65,1
0.03534485928398042,0.01820828999709769,19.85,0
0.7019943729291384,0.8405714066020297,78.85,1
0.04330744071452053,0.04370720802861054,20.15,0
0.08174505149630996,0.2086612735949723,64.05,0
0.0768273628921889,0.19832999937312432,20.05,0
0.7595755345202525,0.9170105624221269,75.35,1
0.03654899903691084,0.04812946382381829,26.25,0
0.5246972650111936,0.7258383873528337,47.8,1
0.28618609981947346,0.5067903793383314,77.75,1
0.2598210065070903,0.5367892899187097,74.35,0
0.08403651535335725,0.20231166762146796,95.15,0
0.6901383766553891,0.8342159957844283,80.3,1
0.6506632234292312,0.7592909081582578,69.6,1
0.2211078738766853,0.45625667761540606,85.3,1
0.037663759660679495,0.028698726381224542,89.75,0
0.7833128741838822,0.9473958108919701,89.25,0
0.033410734883199816,0.010982947721024467,25.1,0
0.23504160858432335,0.45423097655949185,49.85,1
0.6314442598153867,0.800413972340029,70.25,1
0.16202022700151228,0.33918235938962976,66.25,1
0.618024398858306,0.7592380729086817,74.55,1
0.05223410901397752,0.08567379856878782,39.35,0
0.03420192993918749,0.010941436004054873,23.8,0
0.48203166859367785,0.6898008010348453,94.4,1
0.11323384294516486,0.2611623006532157,54.25,0
0.08257726826999864,0.2668094837138252,93.7,0
0.036851470838533525,0.01555223089362749,115.6,0
0.08017543718108304,0.1582805282461377,55.8,0
0.31748067035732364,0.5635973510813176,20.15,1
0.04517623936246837,0.061162597131551,39.65,0
0.4583342190567661,0.6416747214207751,78.3,1
0.04797255427716771,0.07865758495148123,40.2,0
0.03529404479880254,0.02099255481217091,20.25,0
0.033361458615569654,0.016516504180829977,20.25,0
0.05741110324237055,0.10633248663461943,95.1,0
0.13460158124811825,0.28268552257764135,19.85,1
0.5301172878519291,0.7109909381210836,94.65,1
0.5664150198898762,0.7111577028602166,96.5,1
0.07558620844097436,0.2265096640017166,60.0,0
0.03681158722002724,0.042642813584539675,19.85,0
0.7194933110866338,0.8659483105837789,100.85,0
0.5314603891120396,0.7138295023747221,98.65,0
0.48123433874805993,0.7029925302765403,92.95,0
0.5847159672967137,0.7577780781862113,44.55,0
0.09794609890861426,0.23139412885366298,19.85,1
0.5432399193942491,0.7505028992758884,101.35,1
0.04107147052175323,0.04744417185094634,24.45,0
0.040783736504105925,0.06707532043130124,20.6,0
0.41126709747524176,0.6134039857817117,73.5,1
0.20818829107067685,0.42945060109170696,54.9,0
0.12879522406509755,0.33421473922559924,61.8,0
0.048958932350309924,0.09441985484607049,36.0,0
0.6863665774073593,0.8200837201199285,46.3,0
0.035306043281474526,0.01658266494326471,46.25,0
0.3331069156546649,0.5454190892626758,29.7,1
0.11246244435910235,0.28173528697686206,20.35,0
0.14130359577149074,0.2794646429424676,20.1,0
0.14587298057570475,0.3046748410446808,20.3,0
0.5146277956874848,0.6843275934986989,102.05,0
0.03785413878963815,0.028624285387448434,85.0,0
0.042431750028202854,0.0440785486313608,77.3,0
0.1405238825138925,0.3436448064216051,30.1,0
0.5523024281897814,0.681036503807645,85.05,0
0.04309073167429442,0.07308260900608583,19.15,0
0.6339413704744364,0.7844599590096079,84.75,1
0.06499347081819061,0.1819360225029831,111.75,0
0.6916891754958936,0.8652697300373823,99.95,1
0.25015583192284924,0.4330930408364264,94.4,0
0.03621115105542041,0.021337432975933133,20.55,0
0.39760635971678093,0.5899401990493219,49.25,0
0.6909658784003878,0.8335818890881671,95.25,1
0.648535591458669,0.8150962734040053,95.15,1
0.132141662304226,0.28123995451191725,69.1,0
0.08280743582677691,0.22834142490780318,76.3,0
0.169602858687672,0.3881499423216763,40.15,0
0.4826415282349912,0.7035123237930069,40.05,0
0.03668813868810445,0.0279549608466675,89.0,0
0.052686766430655306,0.11900383624783832,59.6,0
0.07903932935190437,0.15404247476594551,89.45,0
0.21897839977422795,0.4109598159122576,19.25,0
0.06709258913520882,0.17035630563367918,108.65,1
0.0492740353101605,0.0741270700367593,51.35,0
0.30800266307890917,0.5195859309934081,61.2,0
0.455875235954021,0.6935459963636157,69.1,1
0.725565530711112,0.8626347039617849,86.2,1
0.32092261762828506,0.5081010185625479,86.3,1
0.13216091833548593,0.2852285741425915,99.2,1
0.6896110074035177,0.8609301529603596,94.2,1
0.14675362161795028,0.308842454087961,110.45,0
0.13222526159852618,0.2902651861510848,95.65,0
0.10197845764243985,0.3132107074854155,90.95,1
0.06936475475934605,0.1847394209648395,75.8,1
0.5927291579263887,0.7712248131555139,54.75,1
0.06255301110790952,0.11959497993458713,70.5,0
0.04862552406268141,0.07347804469052797,109.3,0
0.7330901163099283,0.8848941066125338,84.75,1
0.04696877102137336,0.07114925313076255,116.1,0
0.3487904154734665,0.5605463551734966,19.75,0
0.48297636199806915,0.6724475103099984,89.0,1
0.32074258936366645,0.5237978894596959,35.0,1
0.14436712600778323,0.326102688845018,64.4,0
0.6745212386976106,0.8109713854004468,70.7,1
0.4518618285576294,0.6679556992308084,96.35,0
0.0359124161373325,0.028847024442071975,20.75,0
0.05181271107832234,0.09973497321242865,68.75,0
0.4011173381729509,0.6071992206960802,100.4,0
0.03749930975843315,0.05088854968713231,83.55,0
0.41706526814869566,0.6161133994592147,103.8,0
0.042463946592823466,0.06785148651069624,71.05,0
0.04305230888928512,0.08694573415141077,20.1,0
0.07405775560744267,0.2039378975479111,94.8,1
0.040902935487062676,0.06535662147304837,19.9,0
0.03416021660018722,0.014633842156614214,20.2,0
0.038434049807825554,0.03422459220487704,72.0,0
0.1399161886701106,0.2898479133718978,87.7,0
0.06660724985827497,0.15442298668457086,84.05,1
0.23608606263808,0.45424731887794306,109.3,0
0.038455014081774326,0.03045706091100626,19.5,0
0.03845185621432792,0.023728224091589242,50.65,0
0.2726285657835931,0.47384001943092546,54.5,0
0.11329727613969992,0.26024324700511814,19.55,0
0.49537439625287677,0.6829469760913909,100.65,1
0.07313296802777597,0.15004112438938774,69.9,0
0.5320334809820751,0.7113242635788797,76.0,1
0.3518130999015367,0.5695449024996572,81.0,0
0.5090671578281489,0.6920874352329185,96.8,1
0.18501297060630875,0.35004679186849336,54.3,0
0.1891037791654738,0.3904863516929838,89.8,0
0.5168742123852015,0.7048502531059387,105.2,0
0.18664715496404868,0.42210854843087714,106.75,1
0.07242086971673001,0.12622232010462062,105.55,0
0.4510166018225139,0.7289601654791937,112.95,0
0.06079075235349127,0.14042773428885544,64.0,0
0.04642127996951423,0.0482477580059705,76.1,0
0.04594337670187679,0.09194871081567092,20.0,0
0.5852135845274551,0.7306017478959018,29.9,0
0.4065056361282415,0.5940653681904011,89.9,0
0.34571998418382605,0.5663934664737506,44.65,0
0.05300062744217476,0.10817865771078966,59.85,0
0.03413605228734801,0.01258302174645757,20.7,0
0.5944937524110052,0.779513419615373,55.0,1
0.035373938503942534,0.024109009712222688,84.7,0
0.5250524950045722,0.7027759428060443,89.2,0
0.17221927680896001,0.3988810425365677,58.6,1
0.03461802186561191,0.011035652007350783,20.0,0
0.0347628566518756,0.024297276530697295,19.6,0
0.5652357988833804,0.7414275594050165,83.75,0
0.5466702403873954,0.7391320238904405,51.4,0
0.5565841114014543,0.723658602231244,69.55,0
0.034694475771104426,0.025931661567518437,19.25,0
0.19037209934264257,0.405996129113357,64.2,0
0.04127401671857077,0.0425898792738965,55.5,0
0.21092943474107176,0.3874620902755411,98.25,1
0.035062856258593136,0.03042824562686046,20.8,0
0.6122604933698522,0.7570359072690167,98.75,1
0.3875319397003232,0.6167457232493805,21.05,0
0.04073857888334165,0.061236752963271204,60.3,1
0.03706023831306857,0.03426920782710738,20.15,0
0.4263243100047414,0.6273972334529679,79.3,0
0.03380052584331226,0.009065721977533274,20.2,0
0.7381226609113222,0.8841263212353669,84.9,1
0.07965118625844789,0.16474810616978247,45.35,0
0.08721428462244518,0.21758740709707305,20.55,0
0.055157669579115276,0.12802625686463623,101.0,0
0.03914164183261929,0.03395778116806972,25.4,0
0.03541972291643361,0.024021281740664646,19.9,0
0.5410074073149369,0.7197170453648029,24.95,1
0.10369910560459934,0.21575119234620668,95.0,0
0.49631972746978237,0.6682134484878431,80.45,0
0.042986471829633555,0.07829744180560026,65.5,0
0.2687103970352336,0.4927422773755867,90.05,0
0.07060653206170953,0.1339528608875029,60.25,0
0.5618798473000307,0.7331082433785968,74.45,1
0.45019573830738674,0.6578832250068459,30.5,0
0.22735055925039868,0.41624356169961174,59.45,1
0.09107596922410392,0.24228062217723662,104.45,0
0.13217791723866,0.31412589402481605,50.25,0
0.03423086751197338,0.018577256119082706,39.4,0
0.6177404962669129,0.7744936293675666,101.8,0
0.10721811252742275,0.23147744092215924,50.35,0
0.0957058680288434,0.22548613228810713,109.75,0
0.6695781964773545,0.8480888696227484,102.1,1
0.5367789705570551,0.6871683890770486,49.3,0
0.3388550679609043,0.5658406716359551,94.95,0
0.37572659993974494,0.616322628306345,70.55,0
0.37144986679562725,0.6636334918812361,24.7,0
0.42174028223609356,0.6390616397418568,50.7,0
0.1216638943989566,0.27600886841831507,53.6,0
0.03370689974147093,0.009584654026037403,24.0,0
0.6267433864747048,0.7758954958604414,84.35,0
0.08417148817798785,0.19248816440738323,38.1,0
0.6197074548776015,0.7907488380500783,43.3,1
0.18623589988276323,0.43937449978132964,43.85,0
0.06465475210067062,0.14556591309310302,99.0,0
0.0913802066066726,0.2517286038872912,25.55,0
0.26446881861589716,0.46774642330343075,99.25,0
0.0368542993081693,0.01764785086330643,114.3,0
0.18624465823959854,0.4021674245662474,94.35,0
0.10629250781739974,0.24438762429630576,95.95,0
0.03575511235049735,0.014390848988443734,23.95,0
0.6298302517407344,0.7967128822573312,49.65,1
0.355168900725632,0.5827007643708476,93.4,0
0.03605365617550584,0.015108680753563716,19.1,0
0.03608664146388115,0.0280429051841251,20.35,0
0.0922259776489779,0.22945515281183573,19.85,0
0.08590485812398684,0.2318360400366466,26.45,0
0.19440602656196884,0.3932603061674195,71.35,0
0.12664755672485226,0.2570899295866811,53.75,0
0.03686512350122775,0.01620501539974426,20.25,0
0.65925722433625,0.8324847416330173,68.95,0
0.4079010639357345,0.6267924231292644,105.55,1
0.035872091296514745,0.025338202730589825,83.7,0
0.03344891592553431,0.016453473239276716,19.6,0
0.551919845130441,0.7258046534833016,101.05,0
0.48157708202182276,0.6620595725471387,91.95,0
0.5960521619940637,0.7683273905268442,98.55,0
0.08875707013199967,0.20609966183476683,20.45,0
0.12378601492390329,0.26130572126652146,104.6,1
0.7300129061129249,0.8646533123066873,87.1,0
0.04398627389714314,0.060657889856537216,19.9,0
0.07353261206443525,0.19589977107332668,89.55,0
0.5787499636892588,0.7528255401633898,44.45,0
0.17265737456142727,0.4109939331989238,103.95,1
0.3571856334620307,0.5993957128229546,20.05,1
0.21313960109833466,0.44737742239935935,84.4,0
0.5280380924629794,0.6528048692284654,94.1,1
0.641582610679172,0.8018029017627388,84.8,0
0.2667032466448872,0.467299762875331,49.85,0
0.262195945826204,0.4925358377381859,84.1,1
0.344920448761935,0.6016152395285478,20.9,1
0.03711353437489711,0.031244241525739843,19.3,0
0.6853358363341018,0.8594136285449981,75.55,1
0.3444235701349936,0.6051911658189219,19.6,1
0.5935979694354483,0.7388812698675431,93.6,0
0.18505914660275216,0.38013075564129567,108.1,0
0.037202737012688385,0.04282445181730898,60.5,0
0.6150060037588673,0.7775380460269852,75.05,0
0.09653712899853743,0.23784022751203665,21.05,1
0.6452159046530924,0.8304622756651863,70.5,0
0.25982993977791086,0.5139367644701532,94.75,0
0.7279442236861903,0.9010141136624344,74.35,1
0.36954455610396947,0.5446294772110865,64.35,0
0.5267387093013284,0.7197614313317221,46.1,0
0.16667366454043098,0.39064053972714347,44.8,0
0.03584971297061033,0.01954913340291595,24.85,0
0.5066651314816798,0.7324549197873851,79.8,0
0.6521497214679233,0.8466738182723392,95.1,1
0.09404590375580403,0.2458541780763228,109.15,0
0.2501804737441448,0.4381251676012557,44.35,0
0.04118538163997422,0.04120134210883042,81.0,0
0.4887396907849188,0.6845774321320557,76.05,0
0.08333772518406911,0.20739281247817917,20.0,0
0.29480463131299395,0.5195509841225421,83.75,1
0.6463998260331806,0.7938064954409291,49.4,1
0.6013309830915107,0.7709487607913668,68.95,1
0.08351659811631544,0.20351713886189646,85.85,0
0.09599675852558853,0.23251135036097248,100.55,0
0.04310578965234068,0.06262669566763977,19.6,0
0.03549936230971392,0.028155644633517395,19.55,0
0.6952519871273598,0.8511352566039384,89.55,0
0.07589225034493614,0.12168305069269171,82.15,0
0.04893676000243039,0.07215313612971526,113.15,0
0.1869836316725079,0.38949672682101344,30.75,1
0.39682186314338735,0.6066821959235227,50.75,1
0.11481133357278818,0.2918706487420463,80.85,0
0.26915573202430887,0.5446831646034442,103.75,1
0.6266042310851682,0.7603269652299035,85.55,1
0.2512122079307426,0.5012948393267215,84.55,0
0.03437720394079405,0.015498778490578239,20.75,0
0.07867542618262668,0.200762031969411,45.1,0
0.6034774277846692,0.7856945871647312,45.4,0
0.273286532367864,0.4532485913129859,49.55,0
0.0748110835122191,0.17591326940058521,20.3,0
0.1227238948974414,0.26722150001742134,81.0,0
0.035345966404802975,0.027844386380476892,19.8,0
0.7311741901335441,0.8686727724811538,75.8,1
0.5526646267991703,0.7214902590502175,95.7,1
0.2845083078585979,0.519077555002073,49.2,0
0.6828194380372016,0.8506848652041922,88.85,0
0.1373543587136716,0.3098220067075649,19.35,0
0.7358711296407244,0.8915578693456271,95.35,1
0.728787805433942,0.881659000571476,95.5,1
0.6676120857058718,0.8143603075712599,105.5,1
0.2826462720044261,0.5441298605608258,75.2,1
0.5715642515872912,0.7622990932097657,74.65,1
0.16295115323756668,0.32378520286950657,20.25,0
0.15481466681566125,0.3533962328150577,93.8,1
0.3754246196388212,0.6095420270022878,105.1,0
0.5983046215264026,0.7634532418437487,74.45,0
0.05595899256134687,0.1127837675433567,54.55,0
0.5841276297286746,0.7457002909459842,69.75,1
0.7639331843354924,0.9144764063145058,94.85,1
0.6489574503104446,0.8403361198483398,107.95,0
0.04561551057509538,0.0668512698348294,63.8,0
0.04424273016095298,0.06892867774610115,24.25,0
0.046773109962673864,0.08772770184993153,50.9,0
0.036189643036122335,0.03146579394671774,20.25,0
0.03530857597422799,0.016205247970587477,19.4,0
0.15210036096831703,0.3959511723517854,106.15,0
0.059852717920949094,0.13069012225281235,50.3,0
0.698816922418343,0.8562897058891786,94.7,1
0.6886354024720406,0.8666026819475767,80.85,1
0.5506512001885994,0.7217782182075838,49.25,0
0.22073723448735685,0.44711448564780254,49.95,0
0.5943549573740762,0.7574004975919888,69.65,1
0.06518082115734662,0.14882048294967531,29.6,0
0.32789808589079206,0.5765663172651184,100.05,0
0.6906770934558258,0.8668781301660234,74.05,0
0.4507412131293039,0.6407663798717917,99.45,1
0.03678010059477913,0.02487908291770837,25.4,0
0.33307801785469465,0.5767115231434792,54.85,1
0.09658471823480796,0.2010391403843855,35.75,0
0.28633671502664176,0.5716243878009579,19.45,1
0.27351584102513415,0.5124572548915663,50.05,0
0.4033637246113946,0.6227387750401716,19.75,0
0.034242594973255915,0.0329625295539135,26.45,0
0.03693282158276493,0.04062865631774922,24.2,0
0.10861778660374917,0.2718436644128603,20.4,0
0.4315124929983134,0.6227050832621307,96.9,0
0.035672259455896395,0.01713906806363691,19.55,0
0.5632286399201374,0.7342608437867997,78.95,1
0.32822611772639604,0.5614676338957568,72.8,0
0.0384605100495355,0.04422732086053913,19.2,0
0.03308987183627326,0.00855622113973209,24.3,0
0.5763241190857382,0.7520501051065702,80.65,1
0.037713753729871645,0.029044225754745277,68.25,0
0.04296145080787723,0.05782345074149477,68.3,0
0.5938456140297207,0.7581957833375113,46.6,0
0.05197333781495961,0.11294789112590625,90.45,0
0.046693862374452166,0.07853904220614795,40.6,0
0.7483272966308414,0.8977251881834024,70.3,1
0.38904108374659313,0.5831917299093055,20.15,1
0.04874163895962497,0.08654340272044599,34.8,0
0.35149505066867714,0.5822994249236412,80.75,0
0.04714136892787508,0.05448583570841875,63.4,0
0.03630121663400481,0.031115505354678278,69.75,0
0.1641325083840174,0.37343320810945857,100.25,0
0.31785734639507784,0.5919433583328214,55.0,0
0.3134706783842817,0.5320117579342525,53.75,1
0.1369375112575552,0.3003307336964528,20.0,0
0.06238106462574571,0.16524158480172638,63.9,0
0.4417433218061347,0.6108617681446036,79.0,0
0.5384152027479805,0.7174073498910314,81.15,0
0.10898967441986208,0.2808892739286828,61.15,1
0.036042252777003216,0.024268811998997535,19.6,0
0.038230258741077106,0.03165984403512777,25.75,0
0.6772720546031809,0.8271372364716812,73.6,0
0.669126160310519,0.8246258954758728,83.2,1
0.07984898683610266,0.20691801343340585,20.0,0
0.24630149983157157,0.42245078083148885,59.45,0
0.586879876777114,0.7726714648447579,75.6,0
0.39327346458994644,0.5696626743681805,50.5,0
0.034038686907742116,0.011603291119250127,19.55,0
0.039275110917493826,0.04227000011446246,19.85,0
0.20995671917303763,0.41943459266487293,111.05,0
0.4006296446361002,0.6242627362471316,73.85,0
0.5233827866591872,0.7232383229365151,49.05,1
0.6814970743173232,0.8287453489841805,79.95,1
0.5860685905482694,0.7586952546031146,100.05,1
0.07214999672492788,0.16125022553403565,95.75,0
0.2671043335437426,0.4990933055490052,34.0,1
0.24133877397891731,0.4383564237283044,50.95,0
0.03591498427101733,0.025301319650188808,25.0,0
0.1920896311751651,0.4335604848229615,25.0,0
0.7337062276432542,0.9000500212504564,69.4,1
0.048734380321200595,0.0889152927724819,47.85,0
0.6755205510442046,0.8448044381514226,83.55,1
0.3759380084299561,0.5797973155145562,94.55,0
0.20132559164110306,0.4036476450192835,100.2,0
0.17498106269632674,0.42721743904685666,104.55,0
0.19869534715830647,0.3787099478871391,66.4,0
0.05760183319644552,0.15879518308289622,98.65,0
0.5130328101851737,0.6976603761986424,44.4,1
0.032519295087564355,0.00827618697359325,19.85,0
0.37717226119495745,0.5590846114557527,63.6,1
0.13268140756393013,0.29358985424402845,67.8,0
0.07885672854524073,0.17726855589750187,116.1,0
0.08664736882600477,0.2442503910820457,70.55,0
0.5760869576075124,0.7500753483815424,104.4,0
0.04776128016242442,0.07402270604549976,74.3,0
0.6265827577300108,0.7925002403806425,44.95,0
0.0360118133299008,0.03530471064361662,24.6,0
0.7814673790455121,0.9368317065687417,75.75,1
0.035927153127919824,0.028132127764362806,19.65,0
0.047487109171672454,0.0889236460254737,61.5,0
0.6417461802390586,0.7800974181511225,79.35,1
0.40190633427081385,0.5885698234512122,80.15,1
0.22083161004839424,0.4241281788055162,55.5,0
0.06561536449157983,0.15499367352306537,59.45,0
0.07854686527153304,0.19282756179438162,70.95,0
0.08391714870857347,0.23336001685317412,106.05,0
0.06278210003596811,0.1372901710012956,83.65,0
0.3709544028663794,0.5854866233579376,34.25,0
0.5496555648051511,0.6908995390906774,97.8,1
0.03844533883313688,0.03836837658252784,89.55,0
0.03803546724227818,0.02750760129455635,67.2,0
0.3042119201683425,0.5041401029395276,45.9,0
0.3509130252398805,0.6190781896380547,58.7,0
0.38830191212593856,0.6044759285202098,81.7,0
0.035361058295786986,0.018799328449717642,20.6,0
0.14762537099166811,0.3757250088987032,103.9,0
0.06880994206217006,0.1496346773456946,82.95,0
0.43333614195951076,0.6084230349597836,94.8,0
0.1175765602370728,0.2680943097537842,20.25,0
0.6488384854851512,0.8055757052952439,50.15,0
0.5729515634033078,0.744684763491413,73.3,0
0.288011802980353,0.522373413588081,20.65,0
0.07383604578893928,0.13869229443604128,70.75,0
0.4457972310582899,0.6653588939877874,92.15,0
0.034964908995628964,0.01934854271536163,19.7,0
0.1677927487391783,0.3597899863054132,64.4,0
0.14837463017252472,0.32303453521361364,99.15,0
0.06128311358994617,0.07746179598744281,116.25,0
0.04297163070169461,0.06431120397868216,80.6,0
0.03310816249278778,0.026993683201910538,24.8,0
0.20770542256973332,0.41836686928174865,25.55,0
0.035370035731398075,0.016762553487052426,82.3,0
0.2112512616155867,0.42111318693331495,49.4,1
0.04447685744085817,0.04591208936854337,70.35,0
0.1080065934293623,0.31662972772226794,56.7,0
0.6532667208051611,0.8090883344108047,104.65,1
0.037857101401846484,0.03774839713951824,20.45,0
0.03238326068305745,0.005630718014349032,24.9,0
0.14625330670701472,0.3357719145914517,25.05,0
0.08753902412810348,0.17353486916355376,70.7,0
0.2631372793309355,0.4716204732198432,85.15,0
0.1298817492445207,0.336683406805788,80.9,0
0.35450715266621896,0.6002076019910612,19.55,0
0.04889404330683994,0.06564683466793725,111.6,0
0.4691685055773192,0.6774274169496113,78.3,1
0.04143072271440725,0.06014464581902142,54.35,0
0.087495850297652,0.16649888638510318,104.15,0
0.44388083124112426,0.6258382073420409,50.35,1
0.35010561944577234,0.5882601178160233,95.0,0
0.6460802898796235,0.7908560677295187,100.65,0
0.3259773974776627,0.5688813924282418,104.25,0
0.46549006425175893,0.6565343464971832,84.5,0
0.6073807568540834,0.7713864396044666,81.15,1
0.12318580053847894,0.2780409007854406,109.75,1
0.03369079426226834,0.009427492695815571,20.75,0
0.5336349427123014,0.7406799877233907,44.15,0
0.03388434055088924,0.01187757976009705,90.3,0
0.44505339326460835,0.7058014247864848,48.45,0
0.06761142556223244,0.19293746213679233,79.4,0
0.035864418096961594,0.022556579752708316,66.25,0
0.2309192539790479,0.48357043038639336,90.55,0
0.3278365354684611,0.5310987515756382,29.6,0
0.13334923573736676,0.29926773307454685,19.95,0
0.2613178362740282,0.4602095553281496,34.0,0
0.7497830881072286,0.8888040558770168,91.1,1
0.7038816400883636,0.8427038637624171,79.75,1
0.14100411851284236,0.3649059919535668,103.05,0
0.46866309828925595,0.6711105686009702,80.25,0
0.039107809148155155,0.044809185771405025,86.5,0
0.46306119266375295,0.6519057015813131,80.0,0
0.2750503425500056,0.5097155194571235,106.8,0
0.07818614920950474,0.18628371844657768,68.95,0
0.09931047570222128,0.2819249038425429,89.6,0
0.06972159181976982,0.1744959480125768,99.35,0
0.0389479822654575,0.03268736377698704,19.5,0
0.22450398672749347,0.426175431234767,59.65,0
0.05828715974577967,0.13612653145483017,94.6,0
0.2188984134994604,0.42668520196654736,106.45,1
0.04218933583816872,0.058937997879686926,19.5,0
0.06811168332700222,0.16267141540776295,106.75,0
0.6770085692072492,0.8531013126342787,98.1,1
0.039948052914275674,0.03274305130784145,86.6,0
0.5852060101671218,0.7487571857590982,94.7,1
0.11521705704520786,0.3057994414582581,77.55,0
0.29755141305726146,0.49701489863090276,75.15,0
0.11444984256472146,0.2910969758311274,44.55,0
0.6186685570732328,0.757009422442761,49.9,0
0.6689524342545711,0.8085256941797799,92.9,0
0.08070501314303351,0.22682005947036166,20.35,0
0.20668640914839184,0.43010010890816974,66.7,0
0.43906977931037533,0.6448137591085787,29.8,0
0.03320903936326416,0.011618763888903361,19.4,0
0.03598186959270335,0.026475107113245515,87.55,0
0.752872722447873,0.9067198343349613,71.15,1
0.08353645573905688,0.21909644031305925,71.35,0
0.04402108080336753,0.06757041931345768,23.95,0
0.2651744666255392,0.5091992155439772,44.85,0
0.06691115504818154,0.16464709028190858,83.15,0
0.04056880087324225,0.03458486250703785,68.4,0
0.05056093624618473,0.09683351802708502,19.8,0
0.05812724607570385,0.12719013898455667,44.25,0
0.5440153442226753,0.745224655387392,25.15,0
0.3284320814622736,0.5667692394333387,49.15,0
0.5018195295026473,0.6720082006447418,47.95,1
0.1421572132531505,0.3800830062330153,110.9,1
0.032967223792373095,0.009484360539057652,19.45,0
0.04408024974106489,0.06618402376814488,19.8,1
0.7084239148819725,0.8545806756341311,74.4,1
0.28397708474084654,0.4915726089859206,56.0,0
0.1125105058501359,0.2586964298448966,104.05,0
0.04252317162744318,0.04573586627736955,20.05,0
0.6678680034434015,0.8067400508171051,85.95,0
0.05603943407525689,0.1299999418726544,25.2,0
0.6780334414467281,0.8387330945778363,99.7,1
0.03635571746380807,0.027482570795927613,20.1,0
0.04298643534634741,0.050197523322132974,19.35,0
0.4766133718758252,0.6914354541714509,73.75,0
0.17416229442503184,0.36082511124861794,55.2,0
0.6091252377729487,0.7810573912123534,74.4,1
0.42721160823282256,0.6405218387597942,80.4,1
0.49658575435900393,0.7160713771585133,79.85,0
0.34644860622604806,0.5501686665034577,70.0,1
0.037993781661571024,0.034427376490382126,25.1,0
0.31304328912237306,0.4905599472534336,74.4,1
0.12193783621478531,0.30911662955543706,68.7,0
0.7176314829536395,0.9034874140408562,70.0,1
0.37379288022630064,0.6065164025516627,20.5,0
0.510816911399394,0.6968990307052123,75.35,1
0.298723408710357,0.5335758073431094,84.8,0
0.13986331282569173,0.3298572666752185,69.2,0
0.08986501633270044,0.2387999775889402,19.2,0
0.22775973979911066,0.4283992116019469,45.15,1
0.46289925394207526,0.6207454718840815,94.7,0
0.732164182339646,0.8895727217035979,79.9,1
0.12492508421943671,0.3425387325438595,51.1,0
0.05512264163777775,0.1563310395560399,33.55,1
0.11928529203721305,0.2718584773446016,19.55,0
0.43073093116188454,0.6386797266048402,85.8,0
0.27185159047226604,0.5087817158481371,39.3,1
0.07778793824929851,0.20985039105756095,80.45,0
0.7798476546041387,0.9447233625401584,79.65,1
0.5011333838345496,0.6816133550628504,91.55,0
0.4563652857608869,0.6503381531952592,95.05,0
0.12446286935417551,0.3051071336907129,69.75,0
0.036596034324213614,0.01484802420022637,24.45,0
0.26976298582564007,0.4666266459986408,68.65,1
0.04081519603153625,0.05426337158724524,19.3,0
0.3031055354955809,0.5367239187939616,56.25,0
0.10421727129802061,0.2407083557730388,49.15,0
0.37528681629819977,0.6008965542278681,69.05,0
0.602860499326888,0.7515597186926782,101.35,0
0.7375819350789259,0.9085983213388645,84.8,1
0.5380640859141734,0.6856540309879366,74.0,0
0.731696864095976,0.8637519179243003,84.35,0
0.036899200888897615,0.02711331174071756,20.8,1
0.4114026026535362,0.5792117123396839,30.4,0
0.03465614803118128,0.0168697442662348,19.95,0
0.5704203291114243,0.7308356941511616,95.7,0
0.40001337517932756,0.5768679166034387,19.65,0
0.10590937488557428,0.24205760119733435,20.25,0
0.5704597983508843,0.7501325621671665,44.6,1
0.5419635550181782,0.7202480136968625,25.25,1
0.19422107291926505,0.4629712930585436,104.3,0
0.03773888491435461,0.022875681112759567,48.4,0
0.03339470199634762,0.012744446100143051,19.8,0
0.36587783038814226,0.56381846527602,92.95,0
0.5556367080566599,0.7235697723023822,70.7,1
0.6584322185770963,0.8373922207232299,77.95,1
0.2184842263547225,0.478142192290086,55.1,1
0.09624298543481297,0.22701664014182324,64.45,0
0.36854489598549955,0.6034504268425426,75.3,0
0.7557549474908973,0.9160675137534107,70.05,0
0.7171543302898072,0.842311639113377,99.45,1
0.08432900202920814,0.18825202707947516,108.05,1
0.1376178617200834,0.30969063659310925,73.0,1
0.1941765988345975,0.4121569412158848,100.3,1
0.6068304572821779,0.7531741732206415,25.7,1
0.037071530534933235,0.02126274957620695,39.1,0
0.1493579334724802,0.2874659132515377,102.95,1
0.035936666701418034,0.039224235975457954,19.4,0
0.0537564188418538,0.12082734332725627,67.7,0
0.2903587890528925,0.5037851328179329,50.15,1
0.26934572461938006,0.5021273528200997,31.1,0
0.5010452956918513,0.6720287488662035,74.7,0
0.7129902790146385,0.8650447699480336,99.45,1
0.035580363366637786,0.02565043054942156,19.9,0
0.33040410983419094,0.5682471986654651,69.75,1
0.03721528410613597,0.027251595178689532,43.7,0
0.26423824242085464,0.5370366882841192,20.95,0
0.057836313199444246,0.11565317300122956,62.7,1
0.5176110805901122,0.6911527975275685,80.55,0
0.5419191361736974,0.7427671745668316,62.8,0
0.03447842305690431,0.017002416098574075,92.0,0
0.6193963589828421,0.7980554066150926,35.15,1
0.047874943228896245,0.08075861662716481,58.0,0
0.03815900127098767,0.029572268267904277,19.65,0
0.1293036265228667,0.37899661477514157,107.15,0
0.04479862898283294,0.04618895964754484,56.05,0
0.4416055549383095,0.6223844545680421,85.35,0
0.7753694163205994,0.9264925169567417,84.5,1
0.042147477660182876,0.04121840855986055,73.55,0
0.4698966058679303,0.6560649789635585,88.8,1
0.0374782338947758,0.029480148544879365,91.95,0
0.14772663957869767,0.35032763793299165,111.3,0
0.7289613668392633,0.885877668051235,95.25,0
0.7775863546390621,0.9278789752057992,89.9,1
0.19825700284652514,0.4639406342040913,30.05,0
0.7755420923803186,0.9308702895817252,93.3,1
0.033536549143346854,0.011187443833494917,25.15,1
0.04312596255323667,0.0728948314634898,95.9,0
0.13887861008864988,0.2944880759114557,24.0,0
0.03466881660868655,0.03275599804004823,20.3,0
0.1470970848391697,0.3243196935216131,20.55,0
0.42280669821972633,0.6277188605588694,77.9,0
0.08059512053944075,0.22723702697544168,53.95,1
0.49327061561321023,0.6933512401954736,101.3,0
0.6482938764228572,0.7937685865142056,44.3,0
0.05034036121173932,0.09714112298927145,44.1,0
0.7548869572554717,0.9063610829819692,94.4,1
0.03411321167971489,0.008773979279743067,20.35,0
0.6272032489822221,0.8105550162061658,84.6,1
0.48793544228083113,0.6290168751906072,94.65,1
0.7321724950520752,0.8870921313341901,100.5,1
0.05840114151218876,0.14434679365887237,84.95,0
0.49977830778095617,0.6990571040326127,89.2,0
0.042601850959773,0.04467172975759116,19.35,0
0.16877308218376694,0.3956692407404734,91.8,0
0.03477689707835421,0.020064987294312317,24.75,0
0.6869721027778722,0.8657890663769647,70.15,0
0.1718220306200825,0.348407107892463,44.95,0
0.048509962289466614,0.07424131576164389,113.0,0
0.2742634418730407,0.5285723906245713,72.95,0
0.04173698621155533,0.04269101671051601,70.8,0
0.033715726239939854,0.016938796686473957,19.45,0
0.04139798487081687,0.06227258565945069,60.5,0
0.45456062902109,0.6425135708640549,85.45,0
0.4486970365121746,0.6309489350393861,84.85,0
0.5019366696700521,0.744981311654837,80.15,0
0.11420881540668772,0.24264487097696075,78.45,0
0.046481473811639896,0.07596852498865593,86.1,0
0.5157556481148972,0.6870109796646537,104.95,1
0.3087233637098399,0.510897990408354,35.75,0
0.1496697874602517,0.34981115458652345,99.75,0
0.2165931966619092,0.4187288946857806,90.55,0
0.037312334364044956,0.026291479600794164,19.5,0
0.06126308316436759,0.13955449476324758,55.15,1
0.05646610145177467,0.09427538795470317,20.65,0
0.20677145502952085,0.4192691084994908,55.8,1
0.37108539142182867,0.5678932161446537,79.85,0
0.04261192810100541,0.05536542193637459,25.7,0
0.7494528309294267,0.9120463061773023,91.5,1
0.41672004057973683,0.6301679861154619,78.85,0
0.0486706567957077,0.10884069960579194,19.65,0
0.28539389899408485,0.5089949362098771,84.65,0
0.03312432365200742,0.0075889211714266925,20.45,0
0.10430239163767328,0.3060903983041014,90.45,0
0.12358309198714439,0.23835328961293012,80.1,0
0.4498802222362799,0.6449464452116064,87.8,0
0.32705856868290284,0.5395840184586311,44.95,0
0.418946211609019,0.6666695569744338,80.55,0
0.7055920455717374,0.8761015443021503,80.0,0
0.4777783937383426,0.6595172220526648,80.4,0
0.11073734935618101,0.2846370548761063,104.9,0
0.47375212113007614,0.7079113443245518,89.45,1
0.040482696692471225,0.04361499072188038,61.9,0
0.16232962868799605,0.4024200895182457,85.75,0
0.10403922061138447,0.2721951495272724,103.0,0
0.432597948079761,0.6309903642175155,91.75,1
0.5705825327366244,0.7328497862655374,85.8,0
0.7626350195174559,0.9355690356189404,76.4,1
0.5720144761055002,0.7483092685312847,94.75,1
0.040760642506874604,0.03753079117735199,84.05,0
0.03730655746284475,0.043127935392202985,19.55,0
0.7034293824782044,0.8732038731314424,102.6,0
0.4378160203238502,0.6479799763603593,104.3,1
0.08683349458878324,0.27545571847554373,56.45,0
0.03564848484753904,0.025972254699966363,19.7,0
0.03900007694795459,0.03365690495632077,25.65,0
0.04142704863625219,0.048748330225403654,61.2,0
0.061050889867890874,0.10643042384670852,82.5,0
0.13879856789242748,0.3287066330667057,54.6,0
0.7178656936338689,0.8769146037430424,80.1,0
0.033139437307511656,0.015938625728217436,68.05,0
0.08956750921887259,0.27972629560902873,87.3,0
0.17902841976025144,0.409529105376928,114.35,0
0.04177496509693546,0.05749397375429858,24.65,0
0.11831460016852618,0.3123031735822864,19.8,0
0.4324943279281184,0.6291948291982019,84.45,1
0.10146728416091648,0.2750688372930609,105.95,1
0.039518284192398175,0.03968186720043469,20.05,0
0.03358946318159666,0.018822309025197666,24.35,0
0.2861761892539145,0.4607796524705599,66.25,0
0.03350268909294842,0.009184473818174095,24.05,0
0.04322774162358129,0.059615005282905996,84.35,0
0.5108551847249189,0.7072924128213252,99.25,1
0.6851834564633327,0.8239079589122223,84.45,1
0.539937386518463,0.7216121991759898,80.05,0
0.03590584253651747,0.030455587186946655,88.0,0
0.6607655855681159,0.813756067232131,76.85,0
0.6637722917532818,0.8221110140515743,83.55,1
0.07266805348664788,0.20448836143250892,90.6,1
0.2956166707323708,0.5419294787547991,106.5,0
0.42890422566268976,0.628389425556501,80.0,0
0.7408920798649135,0.8865039111398587,69.95,1
0.6466189640601502,0.8085897643739078,95.1,0
0.04169747855323545,0.05592932758784497,25.25,0
0.38075408647874487,0.6048436712564182,71.3,1
0.03641577595570291,0.03256491126326724,19.95,0
0.7234963419070238,0.8724274771387144,96.2,0
0.03728138507013885,0.02665785881606878,25.15,0
0.08285097537428938,0.21186727437926633,102.4,0
0.535013227401883,0.6923725054549589,90.8,0
0.037311599287355356,0.04474515832102098,25.25,0
0.7641908968082117,0.9356501286864761,69.65,1
0.6065243956186643,0.7554121624243183,30.75,0
0.3412024566097543,0.5450161584811974,55.6,0
0.1462893847271253,0.28931505725043427,20.0,0
0.5326398598695633,0.6899026539911858,93.85,1
0.7552710156975758,0.9106641768154079,70.1,1
0.45927181103657083,0.6567199195391504,20.2,0
0.6536227227088625,0.8033254702365323,44.0,0
0.04136688656379104,0.05206898407638589,24.7,0
0.7463476719039375,0.8824588135715533,78.55,1
0.5645650799032568,0.7948627284189901,80.3,1
0.04219586911840593,0.055666748742212266,53.8,0
0.058680346481190034,0.0744181810720049,116.95,0
0.03936884072621102,0.05375605226692964,67.85,0
0.09255307803110528,0.24425711447933726,73.45,0
0.4075255756810929,0.6303081832463271,108.8,0
0.031973242179902724,0.009454506968139898,19.75,0
0.44700074743998813,0.6522922634018452,89.4,0
0.7409869936375255,0.8951451228135577,86.85,1
0.05887838782094828,0.10263363307267884,99.35,0
0.04775917742621109,0.06715293938636475,44.8,0
0.30427413569256023,0.518862175893405,88.2,0
0.04075545831881886,0.03185465176609975,54.1,0
0.03586079967357231,0.026168685992811202,19.7,0
0.057060702667867995,0.12483194617626461,64.35,0
0.14535959764433878,0.3314264238848526,99.25,0
0.08577735296352636,0.2258861152189431,21.05,0
0.17278846890643917,0.354757688612427,55.0,1
0.4870199189480502,0.6502827632777712,89.55,0
0.4982187075889775,0.6622647561745492,94.7,1
0.25302322663462734,0.45530750189303204,93.85,1
0.040092061113216455,0.04259888264088174,25.25,0
0.12240972855511105,0.337514822059995,54.05,0
0.42402686361558306,0.6104197306542971,90.95,0
0.2808673188238491,0.5136275468573427,19.2,0
0.09367004430607222,0.23323020898508431,106.1,0
0.04098922989949116,0.05935944592301397,76.1,0
0.5077660142880518,0.6826626563884889,99.85,1
0.03855523833866259,0.03067251710302207,79.15,0
0.06189372572398482,0.14743324905811514,75.1,0
0.038252406888869044,0.04318771001941222,34.2,0
0.13056502960287344,0.30689945451513545,19.85,0
0.767680334815263,0.9238134621939541,93.85,1
0.05009263008773349,0.10325754928323784,50.55,0
0.37085878024279734,0.5927586646937971,55.35,1
0.034574179264268444,0.01569350586971531,19.9,0
0.04342914812086925,0.07629179136451525,56.1,0
0.4692903713858061,0.6571624835463774,100.85,1
0.03952803361068285,0.0293912598408444,19.75,1
0.03324643750453276,0.008415537516607351,85.75,0
0.06826357165556353,0.1670523575133977,86.45,0
0.7189656442948449,0.8809320851205401,80.65,1
0.03480850754792044,0.014715741538531054,19.8,0
0.408953869751405,0.6207353111118907,88.65,0
0.29415978011450766,0.5451175558825694,103.5,0
0.040911724876259874,0.04201296750439116,80.95,0
0.061455209898019864,0.16527951661670262,65.25,0
0.24598811573175292,0.5050616363810796,74.15,1
0.09657074806877908,0.23830934615909116,19.4,0
0.5017476135409298,0.6956087654673362,80.7,0
0.04065040629160271,0.029335416062480142,84.2,0
0.7185522813465424,0.8714104992989621,89.35,1
0.3773569995724519,0.6002259114963324,29.15,0
0.22338519693778394,0.4296748040953096,59.9,0
0.0560148060431229,0.1595099391309187,108.65,0
0.04341389677528377,0.07069316733284979,84.95,0
0.03485537149065533,0.012671062287396657,23.9,0
0.576139739966023,0.787116967126497,89.95,1
0.667648705447057,0.8127094006302868,70.35,0
0.5121645021225638,0.7054346237994411,103.85,0
0.03638900712487911,0.017584968254704212,112.75,0
0.18730330426866457,0.38468302579094843,34.95,0
0.20003571025906974,0.41048185012833405,50.3,0
0.044631511914085015,0.052587053299994926,80.6,0
0.5326173186808072,0.7133712008183922,107.55,0
0.20078917242399266,0.40900030582312574,78.65,0
0.11235323698294496,0.2138858506696433,49.9,0
0.03624003965581912,0.04061795496864481,20.5,0
0.6942841475342831,0.8544793693707592,74.3,1
0.034957792295277366,0.015835574506897807,20.35,0
0.032898009596611745,0.014945560289291138,19.6,0
0.39314801798446314,0.5768679166034387,19.7,1
0.07783984619743163,0.2073525804601096,89.55,1
0.3521737892347221,0.5944878461841276,68.25,1
0.09721438516688206,0.20942949085146487,95.4,0
0.5810680506057596,0.7341573734078163,93.15,1
0.06552837417163479,0.14243164470538108,80.1,0
0.12673024486924342,0.33181411349003237,105.55,0
0.48476524449387015,0.6545900202939287,95.0,0
0.08638580259200102,0.22692399908421224,108.5,0
0.7814284543922406,0.932562481065587,79.2,1
0.4104922812891518,0.6274010179843694,50.15,0
0.48650450592238864,0.7176725516557004,20.0,0
0.18604490079851552,0.4141402107011422,76.85,0
0.14087262391274516,0.3400062187835755,95.3,0
0.30974525180169205,0.5162180785673861,104.9,0
0.12003940112752447,0.325557220770004,84.45,0
0.09639320264483488,0.23278062646927977,19.4,0
0.21966320720566582,0.48019009711169286,54.15,1
0.03358476272953117,0.021151320879135134,19.95,0
0.03355647481594382,0.0185293110529991,63.55,0
0.5257131215723563,0.699539649626095,103.65,0
0.09429518165953983,0.27074452965973683,110.2,0
0.03730872380097635,0.03071991754274997,20.75,0
0.25630248860405463,0.504457998884854,74.9,1
0.03392417076619942,0.02040526050990462,84.4,0
0.03767966219053827,0.036628325963808245,20.05,0
0.48734366087076647,0.6729522854491689,77.8,0
0.7601788374680923,0.9125771704747189,89.75,0
0.6954059759022369,0.8467345493152478,85.05,1
0.45511316860899137,0.636475421405809,90.1,1
0.0645915258333693,0.19359626617338033,79.85,0
0.4305613096860736,0.6615630443372553,20.2,1
0.059293917017278014,0.1224005725293785,100.45,0
0.4958877773249844,0.7091637725482726,78.1,1
0.26214960764391576,0.5059982246028878,96.65,0
0.3114788522529827,0.5510229436555796,24.85,0
0.03536641874492106,0.04192532679166488,20.15,0
0.10514151293780129,0.24692693611849506,19.3,0
0.039331251528479196,0.03898329637882047,71.1,0
0.4064616431429166,0.5847857817827027,91.65,0
0.22985692475035388,0.46060754487060357,25.1,0
0.7480233932036541,0.9103643187102699,84.35,1
0.7087823876187652,0.8456839410037861,88.4,0
0.17665577544895691,0.4108380787697925,105.65,1
0.04004987918446954,0.03892059951112218,79.35,0
0.34748417030013906,0.5661574689623786,89.9,0
0.7000198639509652,0.8393520341448105,80.6,1
0.03841254342972608,0.02728232122417237,84.3,0
0.36094702401574724,0.6126056146783067,19.55,0
0.1797595756109334,0.3919934473363039,29.45,0
0.4578227345997236,0.6896298550682003,95.5,0
0.7335099037837001,0.8866757785553178,80.2,1
0.35437015610094275,0.5797449856448531,45.25,0
0.37609902211767254,0.5843930544528775,82.05,0
0.11564808951231713,0.2598273294982518,50.2,0
0.6071343008825836,0.7707244703051579,100.25,1
0.03554896132182766,0.02899607004989329,19.15,0
0.22053244238973516,0.4090794244810693,90.8,0
0.47311898939566427,0.6663617591771189,70.55,0
0.09719548087907182,0.26619074675500953,109.25,1
0.4836011037105385,0.6601487018623194,24.75,1
0.3689688593633565,0.5952861221964632,87.25,1
0.05434829501767554,0.12461574952247387,94.1,0
0.4528725971481591,0.6755067051821125,99.4,0
0.2235552518220334,0.39070729508149316,19.65,0
0.5641200245799938,0.7562986065558199,45.1,1
0.3055766423639514,0.5621656318320206,81.85,0
0.7422003925525841,0.905808892217923,95.1,1
0.21258891393946988,0.45044430982922934,45.55,1
0.5002855856376446,0.6854350084499825,95.15,0
0.2816996517324768,0.5599111535807302,104.4,0
0.03913099670607011,0.04607889487003624,59.5,0
0.6160538298941318,0.7600078710788569,86.6,1
0.09369023419859106,0.2464586894076125,110.0,0
0.14552564641691898,0.3251078712793657,105.75,0
0.21576275752251595,0.43369042541471203,33.45,0
0.11769872171947016,0.27803628276256986,66.7,0
0.04692502114212895,0.08254850158050207,80.3,0
0.43031638728535276,0.6333801225873721,40.1,1
0.07058926728165289,0.1262086470169304,118.75,0
0.08790385765588582,0.22492569102493884,19.9,0
0.045300255046057065,0.05436178976207889,25.35,0
0.29829624257111914,0.4936551138094211,39.2,0
0.09223387540234777,0.21000634631937173,102.5,0
0.5912799537671147,0.7608257287155495,69.35,0
0.03545240740303549,0.03292112238595966,20.5,0
0.04428908203074305,0.07433364939634295,54.3,0
0.037499159516925444,0.04051496861881583,65.3,0
0.3116671185342493,0.5320445275602661,70.0,0
0.04249921086223846,0.0696606343819354,19.35,0
0.07224695821210635,0.16147273053468672,19.55,0
0.5151361218246532,0.6846454493547444,73.55,0
0.4962868362511248,0.6587960045517972,93.35,0
0.08203755580246976,0.2338631287181014,85.1,0
0.0460015756969373,0.08343286124492795,77.55,0
0.27892112487272397,0.4417371145043534,44.05,1
0.1886168345964785,0.39705544509587676,49.45,0
0.6916448176895303,0.8485605095392561,76.1,0
0.040565956597379715,0.05330701138145418,67.25,0
0.08328322550394034,0.19738157950069538,20.25,0
0.1416532795475903,0.30948791067196996,111.45,0
0.0942584071036236,0.24551266092190455,54.9,0
0.033310977528579554,0.021573931284497156,20.15,0
0.0837447114078607,0.2294525355298162,70.3,0
0.18267084994385363,0.42748558453352264,40.05,1
0.359644837855748,0.5863279078716579,19.9,1
0.6233948687755099,0.8269339405269791,98.9,1
0.34755096109300637,0.5675811745687139,75.2,1
0.6014744590149768,0.7550109663257211,88.7,1
0.6346549467035315,0.7866062791392,101.25,1
0.03734826206594171,0.03175145579325516,19.95,0
0.04705409649827458,0.08332488307467566,70.75,0
0.09291996463085961,0.2275335553442442,55.85,1
0.16076092714890233,0.31594672020551157,30.35,0
0.08263107906760715,0.17898619270075097,92.15,0
0.040397277047288425,0.04572606336280811,24.95,0
0.39208281826406993,0.6128914703714105,82.4,1
0.03490332419602558,0.018309649057655548,19.85,0
0.7120605147685491,0.8454918512805107,79.3,1
0.2344172309614048,0.4601251503509777,45.8,0
0.11961531431027217,0.24861325620266642,79.0,0
0.6130432579014711,0.7809933011293609,88.2,1
0.5553637884553503,0.7553467022613775,54.3,0
0.04056691493954523,0.058216279377780504,24.95,0
0.6694943472604766,0.8295163006350368,79.75,1
0.03783668300551784,0.026489012579562092,114.55,0
0.03708805204527775,0.028427293383354292,60.0,0
0.035227029279224664,0.03438906064406266,56.8,0
0.5695619713973518,0.7498634714928836,98.7,0
0.4150316455030034,0.6170117489247463,100.2,1
0.4174966413378612,0.6337885933910902,76.0,0
0.035194305812033644,0.016955175719805142,20.15,0
0.6547259479670359,0.8172674896924379,84.5,1
0.687404033943508,0.8534623505087181,96.55,0
0.15901939943215748,0.38853630139598994,58.5,1
0.11580376998676488,0.2955461571268463,104.5,0
0.4004015745188038,0.6264348219329331,51.25,0
0.26608740573783085,0.5045833385516739,55.55,1
0.08246019698492031,0.17275244433814305,109.25,0
0.5704624657646077,0.7497884589045681,46.05,1
0.49255198244863535,0.7040187410552529,102.8,1
0.03658878939693921,0.0355374738160653,20.4,0
0.10876653834188489,0.23927747737829685,20.65,0
